AK1,-5.0471,7.9486
AK14,-5.0471,7.553
AK23,-5.0471,7.3552
AN1,-4.8493,7.9486
AN14,-4.8493,7.553
AN23,-4.8493,7.3552
AN7,-4.8493,7.7508
AU105,-4.7047,5.6509
AU114,-4.7047,5.4671
AU122,-4.7047,5.2833
AU131,-4.7047,5.0994
AU140,-4.7047,4.9156
AU149,-4.7047,4.7318
AU158,-4.7047,4.548
AU16,-4.7047,7.4891
AU167,-4.7047,4.3642
AU176,-4.7047,4.1804
AU184,-4.7047,3.9966
AU192,-4.7047,3.8127
AU2,-4.7047,7.8567
AU200,-4.7047,3.6289
AU209,-4.7047,3.4451
AU218,-4.7047,3.2613
AU227,-4.7047,3.0775
AU236,-4.7047,2.8937
AU244,-4.7047,2.7098
AU25,-4.7047,7.3052
AU253,-4.7047,2.526
AU262,-4.7047,2.3422
AU271,-4.7047,2.1584
AU280,-4.7047,1.9746
AU289,-4.7047,1.7908
AU297,-4.7047,1.6069
AU306,-4.7047,1.4231
AU314,-4.7047,1.2393
AU324,-4.7047,1.0555
AU332,-4.7047,0.8717
AU34,-4.7047,7.1214
AU342,-4.7047,0.6879
AU350,-4.7047,0.504
AU360,-4.7047,0.3202
AU367,-4.7047,0.1364
AU374,-4.7047,-0.0474
AU381,-4.7047,-0.2312
AU389,-4.7047,-0.415
AU396,-4.7047,-0.5989
AU404,-4.7047,-0.7827
AU411,-4.7047,-0.9665
AU418,-4.7047,-1.1503
AU425,-4.7047,-1.3341
AU43,-4.7047,6.9376
AU433,-4.7047,-1.5179
AU440,-4.7047,-1.7017
AU448,-4.7047,-1.8856
AU455,-4.7047,-2.0694
AU52,-4.7047,6.7538
AU60,-4.7047,6.57
AU69,-4.7047,6.3862
AU78,-4.7047,6.2023
AU87,-4.7047,6.0185
AU9,-4.7047,7.6729
AU96,-4.7047,5.8347
BC105,-4.5209,5.6509
BC114,-4.5209,5.4671
BC122,-4.5209,5.2833
BC131,-4.5209,5.0994
BC140,-4.5209,4.9156
BC149,-4.5209,4.7318
BC158,-4.5209,4.548
BC16,-4.5209,7.4891
BC167,-4.5209,4.3642
BC176,-4.5209,4.1804
BC184,-4.5209,3.9966
BC192,-4.5209,3.8127
BC2,-4.5209,7.8567
BC200,-4.5209,3.6289
BC209,-4.5209,3.4451
BC218,-4.5209,3.2613
BC227,-4.5209,3.0775
BC236,-4.5209,2.8937
BC244,-4.5209,2.7098
BC25,-4.5209,7.3052
BC253,-4.5209,2.526
BC262,-4.5209,2.3422
BC271,-4.5209,2.1584
BC280,-4.5209,1.9746
BC289,-4.5209,1.7908
BC297,-4.5209,1.6069
BC306,-4.5209,1.4231
BC314,-4.5209,1.2393
BC324,-4.5209,1.0555
BC332,-4.5209,0.8717
BC34,-4.5209,7.1214
BC342,-4.5209,0.6879
BC350,-4.5209,0.504
BC360,-4.5209,0.3202
BC367,-4.5209,0.1364
BC374,-4.5209,-0.0474
BC381,-4.5209,-0.2312
BC389,-4.5209,-0.415
BC396,-4.5209,-0.5989
BC404,-4.5209,-0.7827
BC411,-4.5209,-0.9665
BC418,-4.5209,-1.1503
BC425,-4.5209,-1.3341
BC43,-4.5209,6.9376
BC433,-4.5209,-1.5179
BC440,-4.5209,-1.7017
BC448,-4.5209,-1.8856
BC455,-4.5209,-2.0694
BC52,-4.5209,6.7538
BC60,-4.5209,6.57
BC69,-4.5209,6.3862
BC78,-4.5209,6.2023
BC87,-4.5209,6.0185
BC9,-4.5209,7.6729
BC96,-4.5209,5.8347
BH105,-4.3371,5.6509
BH114,-4.3371,5.4671
BH122,-4.3371,5.2833
BH131,-4.3371,5.0994
BH140,-4.3371,4.9156
BH149,-4.3371,4.7318
BH158,-4.3371,4.548
BH16,-4.3371,7.4891
BH167,-4.3371,4.3642
BH176,-4.3371,4.1804
BH184,-4.3371,3.9966
BH192,-4.3371,3.8127
BH2,-4.3371,7.8567
BH200,-4.3371,3.6289
BH209,-4.3371,3.4451
BH218,-4.3371,3.2613
BH227,-4.3371,3.0775
BH236,-4.3371,2.8937
BH244,-4.3371,2.7098
BH25,-4.3371,7.3052
BH253,-4.3371,2.526
BH262,-4.3371,2.3422
BH271,-4.3371,2.1584
BH280,-4.3371,1.9746
BH289,-4.3371,1.7908
BH297,-4.3371,1.6069
BH306,-4.3371,1.4231
BH314,-4.3371,1.2393
BH324,-4.3371,1.0555
BH332,-4.3371,0.8717
BH34,-4.3371,7.1214
BH342,-4.3371,0.6879
BH350,-4.3371,0.504
BH360,-4.3371,0.3202
BH367,-4.3371,0.1364
BH374,-4.3371,-0.0474
BH381,-4.3371,-0.2312
BH389,-4.3371,-0.415
BH396,-4.3371,-0.5989
BH404,-4.3371,-0.7827
BH411,-4.3371,-0.9665
BH418,-4.3371,-1.1503
BH425,-4.3371,-1.3341
BH43,-4.3371,6.9376
BH433,-4.3371,-1.5179
BH440,-4.3371,-1.7017
BH448,-4.3371,-1.8856
BH455,-4.3371,-2.0694
BH52,-4.3371,6.7538
BH60,-4.3371,6.57
BH69,-4.3371,6.3862
BH78,-4.3371,6.2023
BH87,-4.3371,6.0185
BH9,-4.3371,7.6729
BH96,-4.3371,5.8347
BP105,-4.1533,5.6509
BP114,-4.1533,5.4671
BP122,-4.1533,5.2833
BP131,-4.1533,5.0994
BP140,-4.1533,4.9156
BP149,-4.1533,4.7318
BP158,-4.1533,4.548
BP16,-4.1533,7.4891
BP167,-4.1533,4.3642
BP176,-4.1533,4.1804
BP184,-4.1533,3.9966
BP192,-4.1533,3.8127
BP2,-4.1533,7.8567
BP200,-4.1533,3.6289
BP209,-4.1533,3.4451
BP218,-4.1533,3.2613
BP227,-4.1533,3.0775
BP236,-4.1533,2.8937
BP244,-4.1533,2.7098
BP25,-4.1533,7.3052
BP253,-4.1533,2.526
BP262,-4.1533,2.3422
BP271,-4.1533,2.1584
BP280,-4.1533,1.9746
BP289,-4.1533,1.7908
BP297,-4.1533,1.6069
BP306,-4.1533,1.4231
BP314,-4.1533,1.2393
BP324,-4.1533,1.0555
BP332,-4.1533,0.8717
BP34,-4.1533,7.1214
BP342,-4.1533,0.6879
BP350,-4.1533,0.504
BP360,-4.1533,0.3202
BP367,-4.1533,0.1364
BP374,-4.1533,-0.0474
BP381,-4.1533,-0.2312
BP389,-4.1533,-0.415
BP396,-4.1533,-0.5989
BP404,-4.1533,-0.7827
BP411,-4.1533,-0.9665
BP418,-4.1533,-1.1503
BP425,-4.1533,-1.3341
BP43,-4.1533,6.9376
BP433,-4.1533,-1.5179
BP440,-4.1533,-1.7017
BP448,-4.1533,-1.8856
BP455,-4.1533,-2.0694
BP52,-4.1533,6.7538
BP60,-4.1533,6.57
BP69,-4.1533,6.3862
BP78,-4.1533,6.2023
BP87,-4.1533,6.0185
BP9,-4.1533,7.6729
BP96,-4.1533,5.8347
BW105,-3.9695,5.6509
BW114,-3.9695,5.4671
BW122,-3.9695,5.2833
BW131,-3.9695,5.0994
BW140,-3.9695,4.9156
BW149,-3.9695,4.7318
BW158,-3.9695,4.548
BW16,-3.9695,7.4891
BW167,-3.9695,4.3642
BW176,-3.9695,4.1804
BW184,-3.9695,3.9966
BW192,-3.9695,3.8127
BW2,-3.9695,7.8567
BW200,-3.9695,3.6289
BW209,-3.9695,3.4451
BW218,-3.9695,3.2613
BW227,-3.9695,3.0775
BW236,-3.9695,2.8937
BW244,-3.9695,2.7098
BW25,-3.9695,7.3052
BW253,-3.9695,2.526
BW262,-3.9695,2.3422
BW271,-3.9695,2.1584
BW280,-3.9695,1.9746
BW289,-3.9695,1.7908
BW297,-3.9695,1.6069
BW306,-3.9695,1.4231
BW314,-3.9695,1.2393
BW324,-3.9695,1.0555
BW332,-3.9695,0.8717
BW34,-3.9695,7.1214
BW342,-3.9695,0.6879
BW350,-3.9695,0.504
BW360,-3.9695,0.3202
BW367,-3.9695,0.1364
BW374,-3.9695,-0.0474
BW381,-3.9695,-0.2312
BW389,-3.9695,-0.415
BW396,-3.9695,-0.5989
BW404,-3.9695,-0.7827
BW411,-3.9695,-0.9665
BW418,-3.9695,-1.1503
BW425,-3.9695,-1.3341
BW43,-3.9695,6.9376
BW433,-3.9695,-1.5179
BW440,-3.9695,-1.7017
BW448,-3.9695,-1.8856
BW455,-3.9695,-2.0694
BW52,-3.9695,6.7538
BW60,-3.9695,6.57
BW69,-3.9695,6.3862
BW78,-3.9695,6.2023
BW87,-3.9695,6.0185
BW9,-3.9695,7.6729
BW96,-3.9695,5.8347
CD105,-3.7857,5.6509
CD114,-3.7857,5.4671
CD122,-3.7857,5.2833
CD131,-3.7857,5.0994
CD140,-3.7857,4.9156
CD149,-3.7857,4.7318
CD158,-3.7857,4.548
CD16,-3.7857,7.4891
CD167,-3.7857,4.3642
CD176,-3.7857,4.1804
CD184,-3.7857,3.9966
CD192,-3.7857,3.8127
CD2,-3.7857,7.8567
CD200,-3.7857,3.6289
CD209,-3.7857,3.4451
CD218,-3.7857,3.2613
CD227,-3.7857,3.0775
CD236,-3.7857,2.8937
CD244,-3.7857,2.7098
CD25,-3.7857,7.3052
CD253,-3.7857,2.526
CD262,-3.7857,2.3422
CD271,-3.7857,2.1584
CD280,-3.7857,1.9746
CD289,-3.7857,1.7908
CD297,-3.7857,1.6069
CD306,-3.7857,1.4231
CD314,-3.7857,1.2393
CD324,-3.7857,1.0555
CD332,-3.7857,0.8717
CD34,-3.7857,7.1214
CD342,-3.7857,0.6879
CD350,-3.7857,0.504
CD360,-3.7857,0.3202
CD367,-3.7857,0.1364
CD374,-3.7857,-0.0474
CD381,-3.7857,-0.2312
CD389,-3.7857,-0.415
CD396,-3.7857,-0.5989
CD404,-3.7857,-0.7827
CD411,-3.7857,-0.9665
CD418,-3.7857,-1.1503
CD425,-3.7857,-1.3341
CD43,-3.7857,6.9376
CD433,-3.7857,-1.5179
CD440,-3.7857,-1.7017
CD448,-3.7857,-1.8856
CD455,-3.7857,-2.0694
CD52,-3.7857,6.7538
CD60,-3.7857,6.57
CD69,-3.7857,6.3862
CD78,-3.7857,6.2023
CD87,-3.7857,6.0185
CD9,-3.7857,7.6729
CD96,-3.7857,5.8347
CK105,-3.6018,5.6509
CK114,-3.6018,5.4671
CK122,-3.6018,5.2833
CK131,-3.6018,5.0994
CK140,-3.6018,4.9156
CK149,-3.6018,4.7318
CK158,-3.6018,4.548
CK16,-3.6018,7.4891
CK167,-3.6018,4.3642
CK176,-3.6018,4.1804
CK184,-3.6018,3.9966
CK192,-3.6018,3.8127
CK2,-3.6018,7.8567
CK200,-3.6018,3.6289
CK209,-3.6018,3.4451
CK218,-3.6018,3.2613
CK227,-3.6018,3.0775
CK236,-3.6018,2.8937
CK244,-3.6018,2.7098
CK25,-3.6018,7.3052
CK253,-3.6018,2.526
CK262,-3.6018,2.3422
CK271,-3.6018,2.1584
CK280,-3.6018,1.9746
CK289,-3.6018,1.7908
CK297,-3.6018,1.6069
CK306,-3.6018,1.4231
CK314,-3.6018,1.2393
CK324,-3.6018,1.0555
CK332,-3.6018,0.8717
CK34,-3.6018,7.1214
CK342,-3.6018,0.6879
CK350,-3.6018,0.504
CK360,-3.6018,0.3202
CK367,-3.6018,0.1364
CK374,-3.6018,-0.0474
CK381,-3.6018,-0.2312
CK389,-3.6018,-0.415
CK396,-3.6018,-0.5989
CK404,-3.6018,-0.7827
CK411,-3.6018,-0.9665
CK418,-3.6018,-1.1503
CK425,-3.6018,-1.3341
CK43,-3.6018,6.9376
CK433,-3.6018,-1.5179
CK440,-3.6018,-1.7017
CK448,-3.6018,-1.8856
CK455,-3.6018,-2.0694
CK52,-3.6018,6.7538
CK60,-3.6018,6.57
CK69,-3.6018,6.3862
CK78,-3.6018,6.2023
CK87,-3.6018,6.0185
CK9,-3.6018,7.6729
CK96,-3.6018,5.8347
CT105,-3.418,5.6509
CT114,-3.418,5.4671
CT122,-3.418,5.2833
CT131,-3.418,5.0994
CT140,-3.418,4.9156
CT149,-3.418,4.7318
CT158,-3.418,4.548
CT16,-3.418,7.4891
CT167,-3.418,4.3642
CT176,-3.418,4.1804
CT184,-3.418,3.9966
CT192,-3.418,3.8127
CT2,-3.418,7.8567
CT200,-3.418,3.6289
CT209,-3.418,3.4451
CT218,-3.418,3.2613
CT227,-3.418,3.0775
CT236,-3.418,2.8937
CT244,-3.418,2.7098
CT25,-3.418,7.3052
CT253,-3.418,2.526
CT262,-3.418,2.3422
CT271,-3.418,2.1584
CT280,-3.418,1.9746
CT289,-3.418,1.7908
CT297,-3.418,1.6069
CT306,-3.418,1.4231
CT314,-3.418,1.2393
CT324,-3.418,1.0555
CT332,-3.418,0.8717
CT34,-3.418,7.1214
CT342,-3.418,0.6879
CT350,-3.418,0.504
CT360,-3.418,0.3202
CT367,-3.418,0.1364
CT374,-3.418,-0.0474
CT381,-3.418,-0.2312
CT389,-3.418,-0.415
CT396,-3.418,-0.5989
CT404,-3.418,-0.7827
CT411,-3.418,-0.9665
CT418,-3.418,-1.1503
CT425,-3.418,-1.3341
CT43,-3.418,6.9376
CT433,-3.418,-1.5179
CT440,-3.418,-1.7017
CT448,-3.418,-1.8856
CT455,-3.418,-2.0694
CT52,-3.418,6.7538
CT60,-3.418,6.57
CT69,-3.418,6.3862
CT78,-3.418,6.2023
CT87,-3.418,6.0185
CT9,-3.418,7.6729
CT96,-3.418,5.8347
DB105,-3.2342,5.6509
DB114,-3.2342,5.4671
DB122,-3.2342,5.2833
DB131,-3.2342,5.0994
DB140,-3.2342,4.9156
DB149,-3.2342,4.7318
DB158,-3.2342,4.548
DB16,-3.2342,7.4891
DB167,-3.2342,4.3642
DB176,-3.2342,4.1804
DB184,-3.2342,3.9966
DB192,-3.2342,3.8127
DB2,-3.2342,7.8567
DB200,-3.2342,3.6289
DB209,-3.2342,3.4451
DB218,-3.2342,3.2613
DB227,-3.2342,3.0775
DB236,-3.2342,2.8937
DB244,-3.2342,2.7098
DB25,-3.2342,7.3052
DB253,-3.2342,2.526
DB262,-3.2342,2.3422
DB271,-3.2342,2.1584
DB280,-3.2342,1.9746
DB289,-3.2342,1.7908
DB297,-3.2342,1.6069
DB306,-3.2342,1.4231
DB314,-3.2342,1.2393
DB324,-3.2342,1.0555
DB332,-3.2342,0.8717
DB34,-3.2342,7.1214
DB342,-3.2342,0.6879
DB350,-3.2342,0.504
DB360,-3.2342,0.3202
DB367,-3.2342,0.1364
DB374,-3.2342,-0.0474
DB381,-3.2342,-0.2312
DB389,-3.2342,-0.415
DB396,-3.2342,-0.5989
DB404,-3.2342,-0.7827
DB411,-3.2342,-0.9665
DB418,-3.2342,-1.1503
DB425,-3.2342,-1.3341
DB43,-3.2342,6.9376
DB433,-3.2342,-1.5179
DB440,-3.2342,-1.7017
DB448,-3.2342,-1.8856
DB455,-3.2342,-2.0694
DB52,-3.2342,6.7538
DB60,-3.2342,6.57
DB69,-3.2342,6.3862
DB78,-3.2342,6.2023
DB87,-3.2342,6.0185
DB9,-3.2342,7.6729
DB96,-3.2342,5.8347
DG105,-3.0504,5.6509
DG114,-3.0504,5.4671
DG122,-3.0504,5.2833
DG131,-3.0504,5.0994
DG140,-3.0504,4.9156
DG149,-3.0504,4.7318
DG158,-3.0504,4.548
DG16,-3.0504,7.4891
DG167,-3.0504,4.3642
DG176,-3.0504,4.1804
DG184,-3.0504,3.9966
DG192,-3.0504,3.8127
DG2,-3.0504,7.8567
DG200,-3.0504,3.6289
DG209,-3.0504,3.4451
DG218,-3.0504,3.2613
DG227,-3.0504,3.0775
DG236,-3.0504,2.8937
DG244,-3.0504,2.7098
DG25,-3.0504,7.3052
DG253,-3.0504,2.526
DG262,-3.0504,2.3422
DG271,-3.0504,2.1584
DG280,-3.0504,1.9746
DG289,-3.0504,1.7908
DG297,-3.0504,1.6069
DG306,-3.0504,1.4231
DG314,-3.0504,1.2393
DG324,-3.0504,1.0555
DG332,-3.0504,0.8717
DG34,-3.0504,7.1214
DG342,-3.0504,0.6879
DG350,-3.0504,0.504
DG360,-3.0504,0.3202
DG367,-3.0504,0.1364
DG374,-3.0504,-0.0474
DG381,-3.0504,-0.2312
DG389,-3.0504,-0.415
DG396,-3.0504,-0.5989
DG404,-3.0504,-0.7827
DG411,-3.0504,-0.9665
DG418,-3.0504,-1.1503
DG425,-3.0504,-1.3341
DG43,-3.0504,6.9376
DG433,-3.0504,-1.5179
DG440,-3.0504,-1.7017
DG448,-3.0504,-1.8856
DG455,-3.0504,-2.0694
DG52,-3.0504,6.7538
DG60,-3.0504,6.57
DG69,-3.0504,6.3862
DG78,-3.0504,6.2023
DG87,-3.0504,6.0185
DG9,-3.0504,7.6729
DG96,-3.0504,5.8347
DN105,-2.8666,5.6509
DN114,-2.8666,5.4671
DN122,-2.8666,5.2833
DN131,-2.8666,5.0994
DN140,-2.8666,4.9156
DN149,-2.8666,4.7318
DN158,-2.8666,4.548
DN16,-2.8666,7.4891
DN167,-2.8666,4.3642
DN176,-2.8666,4.1804
DN184,-2.8666,3.9966
DN192,-2.8666,3.8127
DN2,-2.8666,7.8567
DN200,-2.8666,3.6289
DN209,-2.8666,3.4451
DN218,-2.8666,3.2613
DN227,-2.8666,3.0775
DN236,-2.8666,2.8937
DN244,-2.8666,2.7098
DN25,-2.8666,7.3052
DN253,-2.8666,2.526
DN262,-2.8666,2.3422
DN271,-2.8666,2.1584
DN280,-2.8666,1.9746
DN289,-2.8666,1.7908
DN297,-2.8666,1.6069
DN306,-2.8666,1.4231
DN314,-2.8666,1.2393
DN324,-2.8666,1.0555
DN332,-2.8666,0.8717
DN34,-2.8666,7.1214
DN342,-2.8666,0.6879
DN350,-2.8666,0.504
DN360,-2.8666,0.3202
DN367,-2.8666,0.1364
DN374,-2.8666,-0.0474
DN381,-2.8666,-0.2312
DN389,-2.8666,-0.415
DN396,-2.8666,-0.5989
DN404,-2.8666,-0.7827
DN411,-2.8666,-0.9665
DN418,-2.8666,-1.1503
DN425,-2.8666,-1.3341
DN43,-2.8666,6.9376
DN433,-2.8666,-1.5179
DN440,-2.8666,-1.7017
DN448,-2.8666,-1.8856
DN455,-2.8666,-2.0694
DN52,-2.8666,6.7538
DN60,-2.8666,6.57
DN69,-2.8666,6.3862
DN78,-2.8666,6.2023
DN87,-2.8666,6.0185
DN9,-2.8666,7.6729
DN96,-2.8666,5.8347
DV105,-2.6828,5.6509
DV114,-2.6828,5.4671
DV122,-2.6828,5.2833
DV131,-2.6828,5.0994
DV140,-2.6828,4.9156
DV149,-2.6828,4.7318
DV158,-2.6828,4.548
DV16,-2.6828,7.4891
DV167,-2.6828,4.3642
DV176,-2.6828,4.1804
DV184,-2.6828,3.9966
DV192,-2.6828,3.8127
DV2,-2.6828,7.8567
DV200,-2.6828,3.6289
DV209,-2.6828,3.4451
DV218,-2.6828,3.2613
DV227,-2.6828,3.0775
DV236,-2.6828,2.8937
DV244,-2.6828,2.7098
DV25,-2.6828,7.3052
DV253,-2.6828,2.526
DV262,-2.6828,2.3422
DV271,-2.6828,2.1584
DV280,-2.6828,1.9746
DV289,-2.6828,1.7908
DV297,-2.6828,1.6069
DV306,-2.6828,1.4231
DV314,-2.6828,1.2393
DV324,-2.6828,1.0555
DV332,-2.6828,0.8717
DV34,-2.6828,7.1214
DV342,-2.6828,0.6879
DV350,-2.6828,0.504
DV360,-2.6828,0.3202
DV367,-2.6828,0.1364
DV374,-2.6828,-0.0474
DV381,-2.6828,-0.2312
DV389,-2.6828,-0.415
DV396,-2.6828,-0.5989
DV404,-2.6828,-0.7827
DV411,-2.6828,-0.9665
DV418,-2.6828,-1.1503
DV425,-2.6828,-1.3341
DV43,-2.6828,6.9376
DV433,-2.6828,-1.5179
DV440,-2.6828,-1.7017
DV448,-2.6828,-1.8856
DV455,-2.6828,-2.0694
DV52,-2.6828,6.7538
DV60,-2.6828,6.57
DV69,-2.6828,6.3862
DV78,-2.6828,6.2023
DV87,-2.6828,6.0185
DV9,-2.6828,7.6729
DV96,-2.6828,5.8347
ED105,-2.4989,5.6509
ED114,-2.4989,5.4671
ED122,-2.4989,5.2833
ED131,-2.4989,5.0994
ED140,-2.4989,4.9156
ED149,-2.4989,4.7318
ED158,-2.4989,4.548
ED16,-2.4989,7.4891
ED167,-2.4989,4.3642
ED176,-2.4989,4.1804
ED184,-2.4989,3.9966
ED192,-2.4989,3.8127
ED2,-2.4989,7.8567
ED200,-2.4989,3.6289
ED209,-2.4989,3.4451
ED218,-2.4989,3.2613
ED227,-2.4989,3.0775
ED236,-2.4989,2.8937
ED244,-2.4989,2.7098
ED25,-2.4989,7.3052
ED253,-2.4989,2.526
ED262,-2.4989,2.3422
ED271,-2.4989,2.1584
ED280,-2.4989,1.9746
ED289,-2.4989,1.7908
ED297,-2.4989,1.6069
ED306,-2.4989,1.4231
ED314,-2.4989,1.2393
ED324,-2.4989,1.0555
ED332,-2.4989,0.8717
ED34,-2.4989,7.1214
ED342,-2.4989,0.6879
ED350,-2.4989,0.504
ED360,-2.4989,0.3202
ED367,-2.4989,0.1364
ED374,-2.4989,-0.0474
ED381,-2.4989,-0.2312
ED389,-2.4989,-0.415
ED396,-2.4989,-0.5989
ED404,-2.4989,-0.7827
ED411,-2.4989,-0.9665
ED418,-2.4989,-1.1503
ED425,-2.4989,-1.3341
ED43,-2.4989,6.9376
ED433,-2.4989,-1.5179
ED440,-2.4989,-1.7017
ED448,-2.4989,-1.8856
ED455,-2.4989,-2.0694
ED52,-2.4989,6.7538
ED60,-2.4989,6.57
ED69,-2.4989,6.3862
ED78,-2.4989,6.2023
ED87,-2.4989,6.0185
ED9,-2.4989,7.6729
ED96,-2.4989,5.8347
EJ105,-2.3151,5.6509
EJ114,-2.3151,5.4671
EJ122,-2.3151,5.2833
EJ131,-2.3151,5.0994
EJ140,-2.3151,4.9156
EJ149,-2.3151,4.7318
EJ158,-2.3151,4.548
EJ16,-2.3151,7.4891
EJ167,-2.3151,4.3642
EJ176,-2.3151,4.1804
EJ184,-2.3151,3.9966
EJ192,-2.3151,3.8127
EJ2,-2.3151,7.8567
EJ200,-2.3151,3.6289
EJ209,-2.3151,3.4451
EJ218,-2.3151,3.2613
EJ227,-2.3151,3.0775
EJ236,-2.3151,2.8937
EJ244,-2.3151,2.7098
EJ25,-2.3151,7.3052
EJ253,-2.3151,2.526
EJ262,-2.3151,2.3422
EJ271,-2.3151,2.1584
EJ280,-2.3151,1.9746
EJ289,-2.3151,1.7908
EJ297,-2.3151,1.6069
EJ306,-2.3151,1.4231
EJ314,-2.3151,1.2393
EJ324,-2.3151,1.0555
EJ332,-2.3151,0.8717
EJ34,-2.3151,7.1214
EJ342,-2.3151,0.6879
EJ350,-2.3151,0.504
EJ360,-2.3151,0.3202
EJ367,-2.3151,0.1364
EJ374,-2.3151,-0.0474
EJ381,-2.3151,-0.2312
EJ389,-2.3151,-0.415
EJ396,-2.3151,-0.5989
EJ404,-2.3151,-0.7827
EJ411,-2.3151,-0.9665
EJ418,-2.3151,-1.1503
EJ425,-2.3151,-1.3341
EJ43,-2.3151,6.9376
EJ433,-2.3151,-1.5179
EJ440,-2.3151,-1.7017
EJ448,-2.3151,-1.8856
EJ455,-2.3151,-2.0694
EJ52,-2.3151,6.7538
EJ60,-2.3151,6.57
EJ69,-2.3151,6.3862
EJ78,-2.3151,6.2023
EJ87,-2.3151,6.0185
EJ9,-2.3151,7.6729
EJ96,-2.3151,5.8347
ER105,-2.1313,5.6509
ER114,-2.1313,5.4671
ER122,-2.1313,5.2833
ER131,-2.1313,5.0994
ER140,-2.1313,4.9156
ER149,-2.1313,4.7318
ER158,-2.1313,4.548
ER16,-2.1313,7.4891
ER167,-2.1313,4.3642
ER176,-2.1313,4.1804
ER184,-2.1313,3.9966
ER192,-2.1313,3.8127
ER2,-2.1313,7.8567
ER200,-2.1313,3.6289
ER209,-2.1313,3.4451
ER218,-2.1313,3.2613
ER227,-2.1313,3.0775
ER236,-2.1313,2.8937
ER244,-2.1313,2.7098
ER25,-2.1313,7.3052
ER253,-2.1313,2.526
ER262,-2.1313,2.3422
ER271,-2.1313,2.1584
ER280,-2.1313,1.9746
ER289,-2.1313,1.7908
ER297,-2.1313,1.6069
ER306,-2.1313,1.4231
ER314,-2.1313,1.2393
ER324,-2.1313,1.0555
ER332,-2.1313,0.8717
ER34,-2.1313,7.1214
ER342,-2.1313,0.6879
ER350,-2.1313,0.504
ER360,-2.1313,0.3202
ER367,-2.1313,0.1364
ER374,-2.1313,-0.0474
ER381,-2.1313,-0.2312
ER389,-2.1313,-0.415
ER396,-2.1313,-0.5989
ER404,-2.1313,-0.7827
ER411,-2.1313,-0.9665
ER418,-2.1313,-1.1503
ER425,-2.1313,-1.3341
ER43,-2.1313,6.9376
ER433,-2.1313,-1.5179
ER440,-2.1313,-1.7017
ER448,-2.1313,-1.8856
ER455,-2.1313,-2.0694
ER52,-2.1313,6.7538
ER60,-2.1313,6.57
ER69,-2.1313,6.3862
ER78,-2.1313,6.2023
ER87,-2.1313,6.0185
ER9,-2.1313,7.6729
ER96,-2.1313,5.8347
FA105,-1.9475,5.6509
FA114,-1.9475,5.4671
FA122,-1.9475,5.2833
FA131,-1.9475,5.0994
FA140,-1.9475,4.9156
FA149,-1.9475,4.7318
FA158,-1.9475,4.548
FA16,-1.9475,7.4891
FA167,-1.9475,4.3642
FA176,-1.9475,4.1804
FA184,-1.9475,3.9966
FA192,-1.9475,3.8127
FA2,-1.9475,7.8567
FA200,-1.9475,3.6289
FA209,-1.9475,3.4451
FA218,-1.9475,3.2613
FA227,-1.9475,3.0775
FA236,-1.9475,2.8937
FA244,-1.9475,2.7098
FA25,-1.9475,7.3052
FA253,-1.9475,2.526
FA262,-1.9475,2.3422
FA271,-1.9475,2.1584
FA280,-1.9475,1.9746
FA289,-1.9475,1.7908
FA297,-1.9475,1.6069
FA306,-1.9475,1.4231
FA314,-1.9475,1.2393
FA324,-1.9475,1.0555
FA332,-1.9475,0.8717
FA34,-1.9475,7.1214
FA342,-1.9475,0.6879
FA350,-1.9475,0.504
FA360,-1.9475,0.3202
FA367,-1.9475,0.1364
FA374,-1.9475,-0.0474
FA381,-1.9475,-0.2312
FA389,-1.9475,-0.415
FA396,-1.9475,-0.5989
FA404,-1.9475,-0.7827
FA411,-1.9475,-0.9665
FA418,-1.9475,-1.1503
FA425,-1.9475,-1.3341
FA43,-1.9475,6.9376
FA433,-1.9475,-1.5179
FA440,-1.9475,-1.7017
FA448,-1.9475,-1.8856
FA455,-1.9475,-2.0694
FA52,-1.9475,6.7538
FA60,-1.9475,6.57
FA69,-1.9475,6.3862
FA78,-1.9475,6.2023
FA87,-1.9475,6.0185
FA9,-1.9475,7.6729
FA96,-1.9475,5.8347
FG105,-1.7637,5.6509
FG114,-1.7637,5.4671
FG122,-1.7637,5.2833
FG131,-1.7637,5.0994
FG140,-1.7637,4.9156
FG149,-1.7637,4.7318
FG158,-1.7637,4.548
FG16,-1.7637,7.4891
FG167,-1.7637,4.3642
FG176,-1.7637,4.1804
FG184,-1.7637,3.9966
FG192,-1.7637,3.8127
FG2,-1.7637,7.8567
FG200,-1.7637,3.6289
FG209,-1.7637,3.4451
FG218,-1.7637,3.2613
FG227,-1.7637,3.0775
FG236,-1.7637,2.8937
FG244,-1.7637,2.7098
FG25,-1.7637,7.3052
FG253,-1.7637,2.526
FG262,-1.7637,2.3422
FG271,-1.7637,2.1584
FG280,-1.7637,1.9746
FG289,-1.7637,1.7908
FG297,-1.7637,1.6069
FG306,-1.7637,1.4231
FG314,-1.7637,1.2393
FG324,-1.7637,1.0555
FG332,-1.7637,0.8717
FG34,-1.7637,7.1214
FG342,-1.7637,0.6879
FG350,-1.7637,0.504
FG360,-1.7637,0.3202
FG367,-1.7637,0.1364
FG374,-1.7637,-0.0474
FG381,-1.7637,-0.2312
FG389,-1.7637,-0.415
FG396,-1.7637,-0.5989
FG404,-1.7637,-0.7827
FG411,-1.7637,-0.9665
FG418,-1.7637,-1.1503
FG425,-1.7637,-1.3341
FG43,-1.7637,6.9376
FG433,-1.7637,-1.5179
FG440,-1.7637,-1.7017
FG448,-1.7637,-1.8856
FG455,-1.7637,-2.0694
FG52,-1.7637,6.7538
FG60,-1.7637,6.57
FG69,-1.7637,6.3862
FG78,-1.7637,6.2023
FG87,-1.7637,6.0185
FG9,-1.7637,7.6729
FG96,-1.7637,5.8347
FM105,-1.5799,5.6509
FM114,-1.5799,5.4671
FM122,-1.5799,5.2833
FM131,-1.5799,5.0994
FM140,-1.5799,4.9156
FM149,-1.5799,4.7318
FM158,-1.5799,4.548
FM16,-1.5799,7.4891
FM167,-1.5799,4.3642
FM176,-1.5799,4.1804
FM184,-1.5799,3.9966
FM192,-1.5799,3.8127
FM2,-1.5799,7.8567
FM200,-1.5799,3.6289
FM209,-1.5799,3.4451
FM218,-1.5799,3.2613
FM227,-1.5799,3.0775
FM236,-1.5799,2.8937
FM244,-1.5799,2.7098
FM25,-1.5799,7.3052
FM253,-1.5799,2.526
FM262,-1.5799,2.3422
FM271,-1.5799,2.1584
FM280,-1.5799,1.9746
FM289,-1.5799,1.7908
FM297,-1.5799,1.6069
FM306,-1.5799,1.4231
FM314,-1.5799,1.2393
FM324,-1.5799,1.0555
FM332,-1.5799,0.8717
FM34,-1.5799,7.1214
FM342,-1.5799,0.6879
FM350,-1.5799,0.504
FM360,-1.5799,0.3202
FM367,-1.5799,0.1364
FM374,-1.5799,-0.0474
FM381,-1.5799,-0.2312
FM389,-1.5799,-0.415
FM396,-1.5799,-0.5989
FM404,-1.5799,-0.7827
FM411,-1.5799,-0.9665
FM418,-1.5799,-1.1503
FM425,-1.5799,-1.3341
FM43,-1.5799,6.9376
FM433,-1.5799,-1.5179
FM440,-1.5799,-1.7017
FM448,-1.5799,-1.8856
FM455,-1.5799,-2.0694
FM52,-1.5799,6.7538
FM60,-1.5799,6.57
FM69,-1.5799,6.3862
FM78,-1.5799,6.2023
FM87,-1.5799,6.0185
FM9,-1.5799,7.6729
FM96,-1.5799,5.8347
FU105,-1.396,5.6509
FU114,-1.396,5.4671
FU122,-1.396,5.2833
FU131,-1.396,5.0994
FU140,-1.396,4.9156
FU149,-1.396,4.7318
FU158,-1.396,4.548
FU16,-1.396,7.4891
FU167,-1.396,4.3642
FU176,-1.396,4.1804
FU184,-1.396,3.9966
FU192,-1.396,3.8127
FU2,-1.396,7.8567
FU200,-1.396,3.6289
FU209,-1.396,3.4451
FU218,-1.396,3.2613
FU227,-1.396,3.0775
FU236,-1.396,2.8937
FU244,-1.396,2.7098
FU25,-1.396,7.3052
FU253,-1.396,2.526
FU262,-1.396,2.3422
FU271,-1.396,2.1584
FU280,-1.396,1.9746
FU289,-1.396,1.7908
FU297,-1.396,1.6069
FU306,-1.396,1.4231
FU314,-1.396,1.2393
FU324,-1.396,1.0555
FU332,-1.396,0.8717
FU34,-1.396,7.1214
FU342,-1.396,0.6879
FU350,-1.396,0.504
FU360,-1.396,0.3202
FU367,-1.396,0.1364
FU374,-1.396,-0.0474
FU381,-1.396,-0.2312
FU389,-1.396,-0.415
FU396,-1.396,-0.5989
FU404,-1.396,-0.7827
FU411,-1.396,-0.9665
FU418,-1.396,-1.1503
FU425,-1.396,-1.3341
FU43,-1.396,6.9376
FU433,-1.396,-1.5179
FU440,-1.396,-1.7017
FU448,-1.396,-1.8856
FU455,-1.396,-2.0694
FU52,-1.396,6.7538
FU60,-1.396,6.57
FU69,-1.396,6.3862
FU78,-1.396,6.2023
FU87,-1.396,6.0185
FU9,-1.396,7.6729
FU96,-1.396,5.8347
GC105,-1.2122,5.6509
GC114,-1.2122,5.4671
GC122,-1.2122,5.2833
GC131,-1.2122,5.0994
GC140,-1.2122,4.9156
GC149,-1.2122,4.7318
GC158,-1.2122,4.548
GC16,-1.2122,7.4891
GC167,-1.2122,4.3642
GC176,-1.2122,4.1804
GC184,-1.2122,3.9966
GC192,-1.2122,3.8127
GC2,-1.2122,7.8567
GC200,-1.2122,3.6289
GC209,-1.2122,3.4451
GC218,-1.2122,3.2613
GC227,-1.2122,3.0775
GC236,-1.2122,2.8937
GC244,-1.2122,2.7098
GC25,-1.2122,7.3052
GC253,-1.2122,2.526
GC262,-1.2122,2.3422
GC271,-1.2122,2.1584
GC280,-1.2122,1.9746
GC289,-1.2122,1.7908
GC297,-1.2122,1.6069
GC306,-1.2122,1.4231
GC314,-1.2122,1.2393
GC324,-1.2122,1.0555
GC332,-1.2122,0.8717
GC34,-1.2122,7.1214
GC342,-1.2122,0.6879
GC350,-1.2122,0.504
GC360,-1.2122,0.3202
GC367,-1.2122,0.1364
GC374,-1.2122,-0.0474
GC381,-1.2122,-0.2312
GC389,-1.2122,-0.415
GC396,-1.2122,-0.5989
GC404,-1.2122,-0.7827
GC411,-1.2122,-0.9665
GC418,-1.2122,-1.1503
GC425,-1.2122,-1.3341
GC43,-1.2122,6.9376
GC433,-1.2122,-1.5179
GC440,-1.2122,-1.7017
GC448,-1.2122,-1.8856
GC455,-1.2122,-2.0694
GC52,-1.2122,6.7538
GC60,-1.2122,6.57
GC69,-1.2122,6.3862
GC78,-1.2122,6.2023
GC87,-1.2122,6.0185
GC9,-1.2122,7.6729
GC96,-1.2122,5.8347
GJ105,-1.0284,5.6509
GJ114,-1.0284,5.4671
GJ122,-1.0284,5.2833
GJ131,-1.0284,5.0994
GJ140,-1.0284,4.9156
GJ149,-1.0284,4.7318
GJ158,-1.0284,4.548
GJ16,-1.0284,7.4891
GJ167,-1.0284,4.3642
GJ176,-1.0284,4.1804
GJ184,-1.0284,3.9966
GJ192,-1.0284,3.8127
GJ2,-1.0284,7.8567
GJ200,-1.0284,3.6289
GJ209,-1.0284,3.4451
GJ218,-1.0284,3.2613
GJ227,-1.0284,3.0775
GJ236,-1.0284,2.8937
GJ244,-1.0284,2.7098
GJ25,-1.0284,7.3052
GJ253,-1.0284,2.526
GJ262,-1.0284,2.3422
GJ271,-1.0284,2.1584
GJ280,-1.0284,1.9746
GJ289,-1.0284,1.7908
GJ297,-1.0284,1.6069
GJ306,-1.0284,1.4231
GJ314,-1.0284,1.2393
GJ324,-1.0284,1.0555
GJ332,-1.0284,0.8717
GJ34,-1.0284,7.1214
GJ342,-1.0284,0.6879
GJ350,-1.0284,0.504
GJ360,-1.0284,0.3202
GJ367,-1.0284,0.1364
GJ374,-1.0284,-0.0474
GJ381,-1.0284,-0.2312
GJ389,-1.0284,-0.415
GJ396,-1.0284,-0.5989
GJ404,-1.0284,-0.7827
GJ411,-1.0284,-0.9665
GJ418,-1.0284,-1.1503
GJ425,-1.0284,-1.3341
GJ43,-1.0284,6.9376
GJ433,-1.0284,-1.5179
GJ440,-1.0284,-1.7017
GJ448,-1.0284,-1.8856
GJ455,-1.0284,-2.0694
GJ52,-1.0284,6.7538
GJ60,-1.0284,6.57
GJ69,-1.0284,6.3862
GJ78,-1.0284,6.2023
GJ87,-1.0284,6.0185
GJ9,-1.0284,7.6729
GJ96,-1.0284,5.8347
GP105,-0.8446,5.6509
GP114,-0.8446,5.4671
GP122,-0.8446,5.2833
GP131,-0.8446,5.0994
GP140,-0.8446,4.9156
GP149,-0.8446,4.7318
GP158,-0.8446,4.548
GP16,-0.8446,7.4891
GP167,-0.8446,4.3642
GP176,-0.8446,4.1804
GP184,-0.8446,3.9966
GP192,-0.8446,3.8127
GP2,-0.8446,7.8567
GP200,-0.8446,3.6289
GP209,-0.8446,3.4451
GP218,-0.8446,3.2613
GP227,-0.8446,3.0775
GP236,-0.8446,2.8937
GP244,-0.8446,2.7098
GP25,-0.8446,7.3052
GP253,-0.8446,2.526
GP262,-0.8446,2.3422
GP271,-0.8446,2.1584
GP280,-0.8446,1.9746
GP289,-0.8446,1.7908
GP297,-0.8446,1.6069
GP306,-0.8446,1.4231
GP314,-0.8446,1.2393
GP324,-0.8446,1.0555
GP332,-0.8446,0.8717
GP34,-0.8446,7.1214
GP342,-0.8446,0.6879
GP350,-0.8446,0.504
GP360,-0.8446,0.3202
GP367,-0.8446,0.1364
GP374,-0.8446,-0.0474
GP381,-0.8446,-0.2312
GP389,-0.8446,-0.415
GP396,-0.8446,-0.5989
GP404,-0.8446,-0.7827
GP411,-0.8446,-0.9665
GP418,-0.8446,-1.1503
GP425,-0.8446,-1.3341
GP43,-0.8446,6.9376
GP433,-0.8446,-1.5179
GP440,-0.8446,-1.7017
GP448,-0.8446,-1.8856
GP455,-0.8446,-2.0694
GP52,-0.8446,6.7538
GP60,-0.8446,6.57
GP69,-0.8446,6.3862
GP78,-0.8446,6.2023
GP87,-0.8446,6.0185
GP9,-0.8446,7.6729
GP96,-0.8446,5.8347
GY105,-0.6608,5.6509
GY114,-0.6608,5.4671
GY122,-0.6608,5.2833
GY131,-0.6608,5.0994
GY140,-0.6608,4.9156
GY149,-0.6608,4.7318
GY158,-0.6608,4.548
GY16,-0.6608,7.4891
GY167,-0.6608,4.3642
GY176,-0.6608,4.1804
GY184,-0.6608,3.9966
GY192,-0.6608,3.8127
GY2,-0.6608,7.8567
GY200,-0.6608,3.6289
GY209,-0.6608,3.4451
GY218,-0.6608,3.2613
GY227,-0.6608,3.0775
GY236,-0.6608,2.8937
GY244,-0.6608,2.7098
GY25,-0.6608,7.3052
GY253,-0.6608,2.526
GY262,-0.6608,2.3422
GY271,-0.6608,2.1584
GY280,-0.6608,1.9746
GY289,-0.6608,1.7908
GY297,-0.6608,1.6069
GY306,-0.6608,1.4231
GY314,-0.6608,1.2393
GY324,-0.6608,1.0555
GY332,-0.6608,0.8717
GY34,-0.6608,7.1214
GY342,-0.6608,0.6879
GY350,-0.6608,0.504
GY360,-0.6608,0.3202
GY367,-0.6608,0.1364
GY374,-0.6608,-0.0474
GY381,-0.6608,-0.2312
GY389,-0.6608,-0.415
GY396,-0.6608,-0.5989
GY404,-0.6608,-0.7827
GY411,-0.6608,-0.9665
GY418,-0.6608,-1.1503
GY425,-0.6608,-1.3341
GY43,-0.6608,6.9376
GY433,-0.6608,-1.5179
GY440,-0.6608,-1.7017
GY448,-0.6608,-1.8856
GY455,-0.6608,-2.0694
GY52,-0.6608,6.7538
GY60,-0.6608,6.57
GY69,-0.6608,6.3862
GY78,-0.6608,6.2023
GY87,-0.6608,6.0185
GY9,-0.6608,7.6729
GY96,-0.6608,5.8347
HG105,-0.477,5.6509
HG114,-0.477,5.4671
HG122,-0.477,5.2833
HG131,-0.477,5.0994
HG140,-0.477,4.9156
HG149,-0.477,4.7318
HG158,-0.477,4.548
HG16,-0.477,7.4891
HG167,-0.477,4.3642
HG176,-0.477,4.1804
HG184,-0.477,3.9966
HG192,-0.477,3.8127
HG2,-0.477,7.8567
HG200,-0.477,3.6289
HG209,-0.477,3.4451
HG218,-0.477,3.2613
HG227,-0.477,3.0775
HG236,-0.477,2.8937
HG244,-0.477,2.7098
HG25,-0.477,7.3052
HG253,-0.477,2.526
HG262,-0.477,2.3422
HG271,-0.477,2.1584
HG289,-0.477,1.7908
HG297,-0.477,1.6069
HG306,-0.477,1.4231
HG314,-0.477,1.2393
HG324,-0.477,1.0555
HG332,-0.477,0.8717
HG34,-0.477,7.1214
HG342,-0.477,0.6879
HG350,-0.477,0.504
HG360,-0.477,0.3202
HG367,-0.477,0.1364
HG374,-0.477,-0.0474
HG381,-0.477,-0.2312
HG389,-0.477,-0.415
HG396,-0.477,-0.5989
HG404,-0.477,-0.7827
HG411,-0.477,-0.9665
HG418,-0.477,-1.1503
HG43,-0.477,6.9376
HG433,-0.477,-1.5179
HG440,-0.477,-1.7017
HG448,-0.477,-1.8856
HG455,-0.477,-2.0694
HG60,-0.477,6.57
HG69,-0.477,6.3862
HG78,-0.477,6.2023
HG87,-0.477,6.0185
HG9,-0.477,7.6729
HG96,-0.477,5.8347
HM105,-0.2932,5.6509
HM114,-0.2932,5.4671
HM122,-0.2932,5.2833
HM131,-0.2932,5.0994
HM140,-0.2932,4.9156
HM149,-0.2932,4.7318
HM158,-0.2932,4.548
HM16,-0.2932,7.4891
HM167,-0.2932,4.3642
HM176,-0.2932,4.1804
HM184,-0.2932,3.9966
HM192,-0.2932,3.8127
HM2,-0.2932,7.8567
HM200,-0.2932,3.6289
HM209,-0.2932,3.4451
HM218,-0.2932,3.2613
HM227,-0.2932,3.0775
HM236,-0.2932,2.8937
HM244,-0.2932,2.7098
HM25,-0.2932,7.3052
HM253,-0.2932,2.526
HM262,-0.2932,2.3422
HM271,-0.2932,2.1584
HM280,-0.2932,1.9746
HM289,-0.2932,1.7908
HM297,-0.2932,1.6069
HM306,-0.2932,1.4231
HM314,-0.2932,1.2393
HM324,-0.2932,1.0555
HM332,-0.2932,0.8717
HM34,-0.2932,7.1214
HM342,-0.2932,0.6879
HM350,-0.2932,0.504
HM360,-0.2932,0.3202
HM367,-0.2932,0.1364
HM374,-0.2932,-0.0474
HM381,-0.2932,-0.2312
HM389,-0.2932,-0.415
HM396,-0.2932,-0.5989
HM404,-0.2932,-0.7827
HM411,-0.2932,-0.9665
HM418,-0.2932,-1.1503
HM425,-0.2932,-1.3341
HM43,-0.2932,6.9376
HM433,-0.2932,-1.5179
HM440,-0.2932,-1.7017
HM448,-0.2932,-1.8856
HM455,-0.2932,-2.0694
HM52,-0.2932,6.7538
HM60,-0.2932,6.57
HM69,-0.2932,6.3862
HM78,-0.2932,6.2023
HM87,-0.2932,6.0185
HM9,-0.2932,7.6729
HM96,-0.2932,5.8347
HU105,-0.1093,5.6509
HU114,-0.1093,5.4671
HU122,-0.1093,5.2833
HU131,-0.1093,5.0994
HU140,-0.1093,4.9156
HU149,-0.1093,4.7318
HU158,-0.1093,4.548
HU16,-0.1093,7.4891
HU167,-0.1093,4.3642
HU176,-0.1093,4.1804
HU184,-0.1093,3.9966
HU192,-0.1093,3.8127
HU2,-0.1093,7.8567
HU200,-0.1093,3.6289
HU209,-0.1093,3.4451
HU218,-0.1093,3.2613
HU227,-0.1093,3.0775
HU236,-0.1093,2.8937
HU244,-0.1093,2.7098
HU25,-0.1093,7.3052
HU253,-0.1093,2.526
HU262,-0.1093,2.3422
HU271,-0.1093,2.1584
HU280,-0.1093,1.9746
HU289,-0.1093,1.7908
HU297,-0.1093,1.6069
HU306,-0.1093,1.4231
HU314,-0.1093,1.2393
HU324,-0.1093,1.0555
HU332,-0.1093,0.8717
HU34,-0.1093,7.1214
HU342,-0.1093,0.6879
HU350,-0.1093,0.504
HU360,-0.1093,0.3202
HU367,-0.1093,0.1364
HU374,-0.1093,-0.0474
HU381,-0.1093,-0.2312
HU389,-0.1093,-0.415
HU396,-0.1093,-0.5989
HU404,-0.1093,-0.7827
HU411,-0.1093,-0.9665
HU418,-0.1093,-1.1503
HU425,-0.1093,-1.3341
HU43,-0.1093,6.9376
HU433,-0.1093,-1.5179
HU440,-0.1093,-1.7017
HU448,-0.1093,-1.8856
HU455,-0.1093,-2.0694
HU52,-0.1093,6.7538
HU60,-0.1093,6.57
HU69,-0.1093,6.3862
HU78,-0.1093,6.2023
HU87,-0.1093,6.0185
HU9,-0.1093,7.6729
HU96,-0.1093,5.8347
JC105,0.0745,5.6509
JC114,0.0745,5.4671
JC122,0.0745,5.2833
JC131,0.0745,5.0994
JC140,0.0745,4.9156
JC149,0.0745,4.7318
JC158,0.0745,4.548
JC16,0.0745,7.4891
JC167,0.0745,4.3642
JC176,0.0745,4.1804
JC184,0.0745,3.9966
JC192,0.0745,3.8127
JC2,0.0745,7.8567
JC200,0.0745,3.6289
JC209,0.0745,3.4451
JC218,0.0745,3.2613
JC227,0.0745,3.0775
JC236,0.0745,2.8937
JC244,0.0745,2.7098
JC25,0.0745,7.3052
JC253,0.0745,2.526
JC262,0.0745,2.3422
JC271,0.0745,2.1584
JC280,0.0745,1.9746
JC289,0.0745,1.7908
JC297,0.0745,1.6069
JC306,0.0745,1.4231
JC314,0.0745,1.2393
JC324,0.0745,1.0555
JC332,0.0745,0.8717
JC34,0.0745,7.1214
JC342,0.0745,0.6879
JC350,0.0745,0.504
JC360,0.0745,0.3202
JC367,0.0745,0.1364
JC374,0.0745,-0.0474
JC381,0.0745,-0.2312
JC389,0.0745,-0.415
JC396,0.0745,-0.5989
JC404,0.0745,-0.7827
JC411,0.0745,-0.9665
JC418,0.0745,-1.1503
JC425,0.0745,-1.3341
JC43,0.0745,6.9376
JC433,0.0745,-1.5179
JC440,0.0745,-1.7017
JC448,0.0745,-1.8856
JC455,0.0745,-2.0694
JC52,0.0745,6.7538
JC60,0.0745,6.57
JC69,0.0745,6.3862
JC78,0.0745,6.2023
JC87,0.0745,6.0185
JC9,0.0745,7.6729
JC96,0.0745,5.8347
JJ105,0.2583,5.6509
JJ114,0.2583,5.4671
JJ122,0.2583,5.2833
JJ131,0.2583,5.0994
JJ140,0.2583,4.9156
JJ149,0.2583,4.7318
JJ158,0.2583,4.548
JJ16,0.2583,7.4891
JJ167,0.2583,4.3642
JJ176,0.2583,4.1804
JJ184,0.2583,3.9966
JJ192,0.2583,3.8127
JJ2,0.2583,7.8567
JJ200,0.2583,3.6289
JJ209,0.2583,3.4451
JJ218,0.2583,3.2613
JJ227,0.2583,3.0775
JJ236,0.2583,2.8937
JJ244,0.2583,2.7098
JJ25,0.2583,7.3052
JJ253,0.2583,2.526
JJ262,0.2583,2.3422
JJ271,0.2583,2.1584
JJ280,0.2583,1.9746
JJ289,0.2583,1.7908
JJ297,0.2583,1.6069
JJ306,0.2583,1.4231
JJ314,0.2583,1.2393
JJ324,0.2583,1.0555
JJ332,0.2583,0.8717
JJ34,0.2583,7.1214
JJ342,0.2583,0.6879
JJ350,0.2583,0.504
JJ360,0.2583,0.3202
JJ367,0.2583,0.1364
JJ374,0.2583,-0.0474
JJ381,0.2583,-0.2312
JJ389,0.2583,-0.415
JJ396,0.2583,-0.5989
JJ404,0.2583,-0.7827
JJ411,0.2583,-0.9665
JJ418,0.2583,-1.1503
JJ425,0.2583,-1.3341
JJ43,0.2583,6.9376
JJ433,0.2583,-1.5179
JJ440,0.2583,-1.7017
JJ448,0.2583,-1.8856
JJ455,0.2583,-2.0694
JJ52,0.2583,6.7538
JJ60,0.2583,6.57
JJ69,0.2583,6.3862
JJ78,0.2583,6.2023
JJ87,0.2583,6.0185
JJ9,0.2583,7.6729
JJ96,0.2583,5.8347
JM105,0.4421,5.6509
JM114,0.4421,5.4671
JM122,0.4421,5.2833
JM131,0.4421,5.0994
JM140,0.4421,4.9156
JM149,0.4421,4.7318
JM158,0.4421,4.548
JM16,0.4421,7.4891
JM167,0.4421,4.3642
JM176,0.4421,4.1804
JM184,0.4421,3.9966
JM192,0.4421,3.8127
JM2,0.4421,7.8567
JM200,0.4421,3.6289
JM209,0.4421,3.4451
JM218,0.4421,3.2613
JM227,0.4421,3.0775
JM236,0.4421,2.8937
JM244,0.4421,2.7098
JM25,0.4421,7.3052
JM253,0.4421,2.526
JM262,0.4421,2.3422
JM271,0.4421,2.1584
JM280,0.4421,1.9746
JM289,0.4421,1.7908
JM297,0.4421,1.6069
JM306,0.4421,1.4231
JM314,0.4421,1.2393
JM324,0.4421,1.0555
JM332,0.4421,0.8717
JM34,0.4421,7.1214
JM342,0.4421,0.6879
JM350,0.4421,0.504
JM360,0.4421,0.3202
JM367,0.4421,0.1364
JM374,0.4421,-0.0474
JM381,0.4421,-0.2312
JM389,0.4421,-0.415
JM396,0.4421,-0.5989
JM404,0.4421,-0.7827
JM411,0.4421,-0.9665
JM418,0.4421,-1.1503
JM425,0.4421,-1.3341
JM43,0.4421,6.9376
JM433,0.4421,-1.5179
JM440,0.4421,-1.7017
JM448,0.4421,-1.8856
JM455,0.4421,-2.0694
JM52,0.4421,6.7538
JM60,0.4421,6.57
JM69,0.4421,6.3862
JM78,0.4421,6.2023
JM87,0.4421,6.0185
JM9,0.4421,7.6729
JM96,0.4421,5.8347
JP105,0.6259,5.6509
JP114,0.6259,5.4671
JP122,0.6259,5.2833
JP131,0.6259,5.0994
JP140,0.6259,4.9156
JP149,0.6259,4.7318
JP158,0.6259,4.548
JP16,0.6259,7.4891
JP167,0.6259,4.3642
JP176,0.6259,4.1804
JP184,0.6259,3.9966
JP192,0.6259,3.8127
JP2,0.6259,7.8567
JP200,0.6259,3.6289
JP209,0.6259,3.4451
JP218,0.6259,3.2613
JP227,0.6259,3.0775
JP236,0.6259,2.8937
JP244,0.6259,2.7098
JP25,0.6259,7.3052
JP253,0.6259,2.526
JP262,0.6259,2.3422
JP271,0.6259,2.1584
JP280,0.6259,1.9746
JP289,0.6259,1.7908
JP297,0.6259,1.6069
JP306,0.6259,1.4231
JP314,0.6259,1.2393
JP324,0.6259,1.0555
JP332,0.6259,0.8717
JP34,0.6259,7.1214
JP342,0.6259,0.6879
JP350,0.6259,0.504
JP360,0.6259,0.3202
JP367,0.6259,0.1364
JP374,0.6259,-0.0474
JP381,0.6259,-0.2312
JP389,0.6259,-0.415
JP396,0.6259,-0.5989
JP404,0.6259,-0.7827
JP411,0.6259,-0.9665
JP418,0.6259,-1.1503
JP425,0.6259,-1.3341
JP43,0.6259,6.9376
JP433,0.6259,-1.5179
JP440,0.6259,-1.7017
JP448,0.6259,-1.8856
JP455,0.6259,-2.0694
JP52,0.6259,6.7538
JP60,0.6259,6.57
JP69,0.6259,6.3862
JP78,0.6259,6.2023
JP87,0.6259,6.0185
JP9,0.6259,7.6729
JP96,0.6259,5.8347
JT105,0.8097,5.6509
JT114,0.8097,5.4671
JT122,0.8097,5.2833
JT131,0.8097,5.0994
JT140,0.8097,4.9156
JT149,0.8097,4.7318
JT158,0.8097,4.548
JT16,0.8097,7.4891
JT167,0.8097,4.3642
JT176,0.8097,4.1804
JT184,0.8097,3.9966
JT192,0.8097,3.8127
JT2,0.8097,7.8567
JT200,0.8097,3.6289
JT209,0.8097,3.4451
JT218,0.8097,3.2613
JT227,0.8097,3.0775
JT236,0.8097,2.8937
JT244,0.8097,2.7098
JT25,0.8097,7.3052
JT253,0.8097,2.526
JT262,0.8097,2.3422
JT271,0.8097,2.1584
JT280,0.8097,1.9746
JT289,0.8097,1.7908
JT297,0.8097,1.6069
JT306,0.8097,1.4231
JT314,0.8097,1.2393
JT324,0.8097,1.0555
JT332,0.8097,0.8717
JT34,0.8097,7.1214
JT342,0.8097,0.6879
JT350,0.8097,0.504
JT360,0.8097,0.3202
JT367,0.8097,0.1364
JT374,0.8097,-0.0474
JT381,0.8097,-0.2312
JT389,0.8097,-0.415
JT396,0.8097,-0.5989
JT404,0.8097,-0.7827
JT411,0.8097,-0.9665
JT418,0.8097,-1.1503
JT425,0.8097,-1.3341
JT43,0.8097,6.9376
JT433,0.8097,-1.5179
JT440,0.8097,-1.7017
JT448,0.8097,-1.8856
JT455,0.8097,-2.0694
JT52,0.8097,6.7538
JT60,0.8097,6.57
JT69,0.8097,6.3862
JT78,0.8097,6.2023
JT87,0.8097,6.0185
JT9,0.8097,7.6729
JT96,0.8097,5.8347
JV105,0.9936,5.6509
JV114,0.9936,5.4671
JV122,0.9936,5.2833
JV131,0.9936,5.0994
JV140,0.9936,4.9156
JV158,0.9936,4.548
JV16,0.9936,7.4891
JV167,0.9936,4.3642
JV176,0.9936,4.1804
JV184,0.9936,3.9966
JV192,0.9936,3.8127
JV2,0.9936,7.8567
JV200,0.9936,3.6289
JV209,0.9936,3.4451
JV218,0.9936,3.2613
JV227,0.9936,3.0775
JV236,0.9936,2.8937
JV244,0.9936,2.7098
JV25,0.9936,7.3052
JV253,0.9936,2.526
JV262,0.9936,2.3422
JV271,0.9936,2.1584
JV280,0.9936,1.9746
JV289,0.9936,1.7908
JV297,0.9936,1.6069
JV306,0.9936,1.4231
JV314,0.9936,1.2393
JV324,0.9936,1.0555
JV332,0.9936,0.8717
JV34,0.9936,7.1214
JV342,0.9936,0.6879
JV350,0.9936,0.504
JV367,0.9936,0.1364
JV374,0.9936,-0.0474
JV381,0.9936,-0.2312
JV389,0.9936,-0.415
JV396,0.9936,-0.5989
JV404,0.9936,-0.7827
JV411,0.9936,-0.9665
JV418,0.9936,-1.1503
JV425,0.9936,-1.3341
JV43,0.9936,6.9376
JV433,0.9936,-1.5179
JV440,0.9936,-1.7017
JV448,0.9936,-1.8856
JV455,0.9936,-2.0694
JV52,0.9936,6.7538
JV60,0.9936,6.57
JV69,0.9936,6.3862
JV78,0.9936,6.2023
JV87,0.9936,6.0185
JV9,0.9936,7.6729
JV96,0.9936,5.8347
JY105,1.1774,5.6509
JY114,1.1774,5.4671
JY122,1.1774,5.2833
JY131,1.1774,5.0994
JY140,1.1774,4.9156
JY149,1.1774,4.7318
JY158,1.1774,4.548
JY16,1.1774,7.4891
JY167,1.1774,4.3642
JY176,1.1774,4.1804
JY184,1.1774,3.9966
JY192,1.1774,3.8127
JY2,1.1774,7.8567
JY200,1.1774,3.6289
JY209,1.1774,3.4451
JY218,1.1774,3.2613
JY227,1.1774,3.0775
JY236,1.1774,2.8937
JY244,1.1774,2.7098
JY25,1.1774,7.3052
JY253,1.1774,2.526
JY262,1.1774,2.3422
JY271,1.1774,2.1584
JY280,1.1774,1.9746
JY289,1.1774,1.7908
JY297,1.1774,1.6069
JY306,1.1774,1.4231
JY314,1.1774,1.2393
JY324,1.1774,1.0555
JY332,1.1774,0.8717
JY34,1.1774,7.1214
JY342,1.1774,0.6879
JY350,1.1774,0.504
JY360,1.1774,0.3202
JY367,1.1774,0.1364
JY374,1.1774,-0.0474
JY381,1.1774,-0.2312
JY389,1.1774,-0.415
JY396,1.1774,-0.5989
JY404,1.1774,-0.7827
JY411,1.1774,-0.9665
JY418,1.1774,-1.1503
JY425,1.1774,-1.3341
JY43,1.1774,6.9376
JY433,1.1774,-1.5179
JY440,1.1774,-1.7017
JY448,1.1774,-1.8856
JY455,1.1774,-2.0694
JY52,1.1774,6.7538
JY60,1.1774,6.57
JY69,1.1774,6.3862
JY78,1.1774,6.2023
JY87,1.1774,6.0185
JY9,1.1774,7.6729
JY96,1.1774,5.8347
KB105,1.3612,5.6509
KB114,1.3612,5.4671
KB122,1.3612,5.2833
KB131,1.3612,5.0994
KB140,1.3612,4.9156
KB149,1.3612,4.7318
KB158,1.3612,4.548
KB16,1.3612,7.4891
KB167,1.3612,4.3642
KB176,1.3612,4.1804
KB184,1.3612,3.9966
KB192,1.3612,3.8127
KB2,1.3612,7.8567
KB200,1.3612,3.6289
KB209,1.3612,3.4451
KB218,1.3612,3.2613
KB227,1.3612,3.0775
KB236,1.3612,2.8937
KB244,1.3612,2.7098
KB25,1.3612,7.3052
KB253,1.3612,2.526
KB262,1.3612,2.3422
KB271,1.3612,2.1584
KB280,1.3612,1.9746
KB289,1.3612,1.7908
KB297,1.3612,1.6069
KB306,1.3612,1.4231
KB314,1.3612,1.2393
KB324,1.3612,1.0555
KB332,1.3612,0.8717
KB34,1.3612,7.1214
KB342,1.3612,0.6879
KB350,1.3612,0.504
KB360,1.3612,0.3202
KB367,1.3612,0.1364
KB374,1.3612,-0.0474
KB381,1.3612,-0.2312
KB389,1.3612,-0.415
KB396,1.3612,-0.5989
KB404,1.3612,-0.7827
KB411,1.3612,-0.9665
KB418,1.3612,-1.1503
KB425,1.3612,-1.3341
KB43,1.3612,6.9376
KB433,1.3612,-1.5179
KB440,1.3612,-1.7017
KB448,1.3612,-1.8856
KB455,1.3612,-2.0694
KB52,1.3612,6.7538
KB60,1.3612,6.57
KB69,1.3612,6.3862
KB78,1.3612,6.2023
KB87,1.3612,6.0185
KB9,1.3612,7.6729
KB96,1.3612,5.8347
KD105,1.545,5.6509
KD114,1.545,5.4671
KD122,1.545,5.2833
KD131,1.545,5.0994
KD140,1.545,4.9156
KD149,1.545,4.7318
KD158,1.545,4.548
KD16,1.545,7.4891
KD167,1.545,4.3642
KD176,1.545,4.1804
KD184,1.545,3.9966
KD192,1.545,3.8127
KD2,1.545,7.8567
KD200,1.545,3.6289
KD209,1.545,3.4451
KD218,1.545,3.2613
KD227,1.545,3.0775
KD236,1.545,2.8937
KD244,1.545,2.7098
KD25,1.545,7.3052
KD253,1.545,2.526
KD262,1.545,2.3422
KD271,1.545,2.1584
KD280,1.545,1.9746
KD289,1.545,1.7908
KD297,1.545,1.6069
KD306,1.545,1.4231
KD314,1.545,1.2393
KD324,1.545,1.0555
KD332,1.545,0.8717
KD34,1.545,7.1214
KD342,1.545,0.6879
KD350,1.545,0.504
KD360,1.545,0.3202
KD367,1.545,0.1364
KD374,1.545,-0.0474
KD381,1.545,-0.2312
KD389,1.545,-0.415
KD396,1.545,-0.5989
KD404,1.545,-0.7827
KD411,1.545,-0.9665
KD418,1.545,-1.1503
KD425,1.545,-1.3341
KD43,1.545,6.9376
KD433,1.545,-1.5179
KD440,1.545,-1.7017
KD448,1.545,-1.8856
KD455,1.545,-2.0694
KD52,1.545,6.7538
KD60,1.545,6.57
KD69,1.545,6.3862
KD78,1.545,6.2023
KD87,1.545,6.0185
KD9,1.545,7.6729
KD96,1.545,5.8347
KF105,1.7288,5.6509
KF114,1.7288,5.4671
KF122,1.7288,5.2833
KF131,1.7288,5.0994
KF140,1.7288,4.9156
KF149,1.7288,4.7318
KF158,1.7288,4.548
KF16,1.7288,7.4891
KF167,1.7288,4.3642
KF176,1.7288,4.1804
KF184,1.7288,3.9966
KF192,1.7288,3.8127
KF2,1.7288,7.8567
KF200,1.7288,3.6289
KF209,1.7288,3.4451
KF218,1.7288,3.2613
KF227,1.7288,3.0775
KF236,1.7288,2.8937
KF244,1.7288,2.7098
KF25,1.7288,7.3052
KF253,1.7288,2.526
KF262,1.7288,2.3422
KF271,1.7288,2.1584
KF280,1.7288,1.9746
KF289,1.7288,1.7908
KF297,1.7288,1.6069
KF306,1.7288,1.4231
KF314,1.7288,1.2393
KF324,1.7288,1.0555
KF332,1.7288,0.8717
KF34,1.7288,7.1214
KF342,1.7288,0.6879
KF350,1.7288,0.504
KF360,1.7288,0.3202
KF367,1.7288,0.1364
KF374,1.7288,-0.0474
KF381,1.7288,-0.2312
KF389,1.7288,-0.415
KF396,1.7288,-0.5989
KF404,1.7288,-0.7827
KF411,1.7288,-0.9665
KF418,1.7288,-1.1503
KF425,1.7288,-1.3341
KF43,1.7288,6.9376
KF433,1.7288,-1.5179
KF440,1.7288,-1.7017
KF448,1.7288,-1.8856
KF455,1.7288,-2.0694
KF52,1.7288,6.7538
KF60,1.7288,6.57
KF69,1.7288,6.3862
KF78,1.7288,6.2023
KF87,1.7288,6.0185
KF9,1.7288,7.6729
KF96,1.7288,5.8347
KH105,1.9126,5.6509
KH114,1.9126,5.4671
KH122,1.9126,5.2833
KH131,1.9126,5.0994
KH140,1.9126,4.9156
KH149,1.9126,4.7318
KH158,1.9126,4.548
KH16,1.9126,7.4891
KH167,1.9126,4.3642
KH176,1.9126,4.1804
KH184,1.9126,3.9966
KH192,1.9126,3.8127
KH2,1.9126,7.8567
KH200,1.9126,3.6289
KH209,1.9126,3.4451
KH218,1.9126,3.2613
KH227,1.9126,3.0775
KH236,1.9126,2.8937
KH244,1.9126,2.7098
KH25,1.9126,7.3052
KH253,1.9126,2.526
KH262,1.9126,2.3422
KH271,1.9126,2.1584
KH280,1.9126,1.9746
KH289,1.9126,1.7908
KH297,1.9126,1.6069
KH306,1.9126,1.4231
KH314,1.9126,1.2393
KH324,1.9126,1.0555
KH332,1.9126,0.8717
KH34,1.9126,7.1214
KH342,1.9126,0.6879
KH350,1.9126,0.504
KH360,1.9126,0.3202
KH367,1.9126,0.1364
KH374,1.9126,-0.0474
KH381,1.9126,-0.2312
KH389,1.9126,-0.415
KH396,1.9126,-0.5989
KH404,1.9126,-0.7827
KH411,1.9126,-0.9665
KH418,1.9126,-1.1503
KH425,1.9126,-1.3341
KH43,1.9126,6.9376
KH433,1.9126,-1.5179
KH440,1.9126,-1.7017
KH448,1.9126,-1.8856
KH455,1.9126,-2.0694
KH52,1.9126,6.7538
KH60,1.9126,6.57
KH69,1.9126,6.3862
KH78,1.9126,6.2023
KH87,1.9126,6.0185
KH9,1.9126,7.6729
KH96,1.9126,5.8347
KK105,2.0965,5.6509
KK114,2.0965,5.4671
KK122,2.0965,5.2833
KK131,2.0965,5.0994
KK140,2.0965,4.9156
KK149,2.0965,4.7318
KK158,2.0965,4.548
KK16,2.0965,7.4891
KK167,2.0965,4.3642
KK176,2.0965,4.1804
KK184,2.0965,3.9966
KK192,2.0965,3.8127
KK2,2.0965,7.8567
KK200,2.0965,3.6289
KK209,2.0965,3.4451
KK218,2.0965,3.2613
KK227,2.0965,3.0775
KK236,2.0965,2.8937
KK244,2.0965,2.7098
KK25,2.0965,7.3052
KK253,2.0965,2.526
KK262,2.0965,2.3422
KK271,2.0965,2.1584
KK280,2.0965,1.9746
KK289,2.0965,1.7908
KK297,2.0965,1.6069
KK306,2.0965,1.4231
KK314,2.0965,1.2393
KK324,2.0965,1.0555
KK332,2.0965,0.8717
KK34,2.0965,7.1214
KK342,2.0965,0.6879
KK350,2.0965,0.504
KK360,2.0965,0.3202
KK367,2.0965,0.1364
KK374,2.0965,-0.0474
KK381,2.0965,-0.2312
KK389,2.0965,-0.415
KK396,2.0965,-0.5989
KK404,2.0965,-0.7827
KK411,2.0965,-0.9665
KK418,2.0965,-1.1503
KK425,2.0965,-1.3341
KK43,2.0965,6.9376
KK433,2.0965,-1.5179
KK440,2.0965,-1.7017
KK448,2.0965,-1.8856
KK455,2.0965,-2.0694
KK52,2.0965,6.7538
KK60,2.0965,6.57
KK69,2.0965,6.3862
KK78,2.0965,6.2023
KK87,2.0965,6.0185
KK9,2.0965,7.6729
KK96,2.0965,5.8347
KM105,2.2803,5.6509
KM114,2.2803,5.4671
KM122,2.2803,5.2833
KM131,2.2803,5.0994
KM140,2.2803,4.9156
KM149,2.2803,4.7318
KM158,2.2803,4.548
KM16,2.2803,7.4891
KM167,2.2803,4.3642
KM176,2.2803,4.1804
KM184,2.2803,3.9966
KM192,2.2803,3.8127
KM2,2.2803,7.8567
KM200,2.2803,3.6289
KM209,2.2803,3.4451
KM218,2.2803,3.2613
KM227,2.2803,3.0775
KM236,2.2803,2.8937
KM244,2.2803,2.7098
KM25,2.2803,7.3052
KM253,2.2803,2.526
KM262,2.2803,2.3422
KM271,2.2803,2.1584
KM280,2.2803,1.9746
KM289,2.2803,1.7908
KM297,2.2803,1.6069
KM306,2.2803,1.4231
KM314,2.2803,1.2393
KM324,2.2803,1.0555
KM332,2.2803,0.8717
KM34,2.2803,7.1214
KM342,2.2803,0.6879
KM350,2.2803,0.504
KM360,2.2803,0.3202
KM367,2.2803,0.1364
KM374,2.2803,-0.0474
KM381,2.2803,-0.2312
KM389,2.2803,-0.415
KM396,2.2803,-0.5989
KM404,2.2803,-0.7827
KM411,2.2803,-0.9665
KM418,2.2803,-1.1503
KM425,2.2803,-1.3341
KM43,2.2803,6.9376
KM433,2.2803,-1.5179
KM440,2.2803,-1.7017
KM448,2.2803,-1.8856
KM455,2.2803,-2.0694
KM52,2.2803,6.7538
KM60,2.2803,6.57
KM69,2.2803,6.3862
KM78,2.2803,6.2023
KM87,2.2803,6.0185
KM9,2.2803,7.6729
KM96,2.2803,5.8347
KP105,2.4641,5.6509
KP114,2.4641,5.4671
KP122,2.4641,5.2833
KP131,2.4641,5.0994
KP140,2.4641,4.9156
KP149,2.4641,4.7318
KP158,2.4641,4.548
KP16,2.4641,7.4891
KP167,2.4641,4.3642
KP176,2.4641,4.1804
KP184,2.4641,3.9966
KP192,2.4641,3.8127
KP2,2.4641,7.8567
KP200,2.4641,3.6289
KP209,2.4641,3.4451
KP218,2.4641,3.2613
KP227,2.4641,3.0775
KP236,2.4641,2.8937
KP244,2.4641,2.7098
KP25,2.4641,7.3052
KP253,2.4641,2.526
KP262,2.4641,2.3422
KP271,2.4641,2.1584
KP280,2.4641,1.9746
KP289,2.4641,1.7908
KP297,2.4641,1.6069
KP306,2.4641,1.4231
KP314,2.4641,1.2393
KP324,2.4641,1.0555
KP332,2.4641,0.8717
KP34,2.4641,7.1214
KP342,2.4641,0.6879
KP350,2.4641,0.504
KP360,2.4641,0.3202
KP367,2.4641,0.1364
KP374,2.4641,-0.0474
KP381,2.4641,-0.2312
KP389,2.4641,-0.415
KP396,2.4641,-0.5989
KP404,2.4641,-0.7827
KP411,2.4641,-0.9665
KP418,2.4641,-1.1503
KP425,2.4641,-1.3341
KP43,2.4641,6.9376
KP433,2.4641,-1.5179
KP440,2.4641,-1.7017
KP448,2.4641,-1.8856
KP455,2.4641,-2.0694
KP52,2.4641,6.7538
KP60,2.4641,6.57
KP69,2.4641,6.3862
KP78,2.4641,6.2023
KP87,2.4641,6.0185
KP9,2.4641,7.6729
KP96,2.4641,5.8347
KT105,2.6479,5.6509
KT114,2.6479,5.4671
KT122,2.6479,5.2833
KT131,2.6479,5.0994
KT140,2.6479,4.9156
KT149,2.6479,4.7318
KT158,2.6479,4.548
KT16,2.6479,7.4891
KT167,2.6479,4.3642
KT176,2.6479,4.1804
KT184,2.6479,3.9966
KT192,2.6479,3.8127
KT2,2.6479,7.8567
KT200,2.6479,3.6289
KT209,2.6479,3.4451
KT218,2.6479,3.2613
KT227,2.6479,3.0775
KT236,2.6479,2.8937
KT244,2.6479,2.7098
KT25,2.6479,7.3052
KT253,2.6479,2.526
KT262,2.6479,2.3422
KT271,2.6479,2.1584
KT280,2.6479,1.9746
KT289,2.6479,1.7908
KT297,2.6479,1.6069
KT306,2.6479,1.4231
KT314,2.6479,1.2393
KT324,2.6479,1.0555
KT332,2.6479,0.8717
KT34,2.6479,7.1214
KT342,2.6479,0.6879
KT350,2.6479,0.504
KT360,2.6479,0.3202
KT367,2.6479,0.1364
KT374,2.6479,-0.0474
KT381,2.6479,-0.2312
KT389,2.6479,-0.415
KT396,2.6479,-0.5989
KT404,2.6479,-0.7827
KT411,2.6479,-0.9665
KT418,2.6479,-1.1503
KT425,2.6479,-1.3341
KT43,2.6479,6.9376
KT433,2.6479,-1.5179
KT440,2.6479,-1.7017
KT448,2.6479,-1.8856
KT455,2.6479,-2.0694
KT52,2.6479,6.7538
KT60,2.6479,6.57
KT69,2.6479,6.3862
KT78,2.6479,6.2023
KT87,2.6479,6.0185
KT9,2.6479,7.6729
KT96,2.6479,5.8347
KV105,2.8317,5.6509
KV114,2.8317,5.4671
KV122,2.8317,5.2833
KV131,2.8317,5.0994
KV140,2.8317,4.9156
KV149,2.8317,4.7318
KV158,2.8317,4.548
KV16,2.8317,7.4891
KV167,2.8317,4.3642
KV176,2.8317,4.1804
KV184,2.8317,3.9966
KV192,2.8317,3.8127
KV2,2.8317,7.8567
KV200,2.8317,3.6289
KV209,2.8317,3.4451
KV218,2.8317,3.2613
KV227,2.8317,3.0775
KV236,2.8317,2.8937
KV244,2.8317,2.7098
KV25,2.8317,7.3052
KV253,2.8317,2.526
KV262,2.8317,2.3422
KV271,2.8317,2.1584
KV280,2.8317,1.9746
KV289,2.8317,1.7908
KV297,2.8317,1.6069
KV306,2.8317,1.4231
KV314,2.8317,1.2393
KV324,2.8317,1.0555
KV332,2.8317,0.8717
KV34,2.8317,7.1214
KV342,2.8317,0.6879
KV350,2.8317,0.504
KV360,2.8317,0.3202
KV367,2.8317,0.1364
KV374,2.8317,-0.0474
KV381,2.8317,-0.2312
KV389,2.8317,-0.415
KV396,2.8317,-0.5989
KV404,2.8317,-0.7827
KV411,2.8317,-0.9665
KV418,2.8317,-1.1503
KV425,2.8317,-1.3341
KV43,2.8317,6.9376
KV433,2.8317,-1.5179
KV440,2.8317,-1.7017
KV448,2.8317,-1.8856
KV455,2.8317,-2.0694
KV52,2.8317,6.7538
KV60,2.8317,6.57
KV69,2.8317,6.3862
KV78,2.8317,6.2023
KV87,2.8317,6.0185
KV9,2.8317,7.6729
KV96,2.8317,5.8347
KY105,3.0155,5.6509
KY114,3.0155,5.4671
KY122,3.0155,5.2833
KY131,3.0155,5.0994
KY140,3.0155,4.9156
KY149,3.0155,4.7318
KY158,3.0155,4.548
KY16,3.0155,7.4891
KY167,3.0155,4.3642
KY176,3.0155,4.1804
KY184,3.0155,3.9966
KY192,3.0155,3.8127
KY2,3.0155,7.8567
KY200,3.0155,3.6289
KY209,3.0155,3.4451
KY218,3.0155,3.2613
KY227,3.0155,3.0775
KY236,3.0155,2.8937
KY244,3.0155,2.7098
KY25,3.0155,7.3052
KY253,3.0155,2.526
KY262,3.0155,2.3422
KY271,3.0155,2.1584
KY280,3.0155,1.9746
KY289,3.0155,1.7908
KY297,3.0155,1.6069
KY306,3.0155,1.4231
KY314,3.0155,1.2393
KY324,3.0155,1.0555
KY332,3.0155,0.8717
KY34,3.0155,7.1214
KY342,3.0155,0.6879
KY350,3.0155,0.504
KY360,3.0155,0.3202
KY367,3.0155,0.1364
KY374,3.0155,-0.0474
KY381,3.0155,-0.2312
KY389,3.0155,-0.415
KY396,3.0155,-0.5989
KY404,3.0155,-0.7827
KY411,3.0155,-0.9665
KY418,3.0155,-1.1503
KY425,3.0155,-1.3341
KY43,3.0155,6.9376
KY433,3.0155,-1.5179
KY440,3.0155,-1.7017
KY448,3.0155,-1.8856
KY455,3.0155,-2.0694
KY52,3.0155,6.7538
KY60,3.0155,6.57
KY69,3.0155,6.3862
KY78,3.0155,6.2023
KY87,3.0155,6.0185
KY9,3.0155,7.6729
KY96,3.0155,5.8347
LB105,3.1994,5.6509
LB114,3.1994,5.4671
LB122,3.1994,5.2833
LB131,3.1994,5.0994
LB140,3.1994,4.9156
LB149,3.1994,4.7318
LB158,3.1994,4.548
LB16,3.1994,7.4891
LB167,3.1994,4.3642
LB176,3.1994,4.1804
LB184,3.1994,3.9966
LB192,3.1994,3.8127
LB2,3.1994,7.8567
LB200,3.1994,3.6289
LB209,3.1994,3.4451
LB218,3.1994,3.2613
LB227,3.1994,3.0775
LB236,3.1994,2.8937
LB244,3.1994,2.7098
LB25,3.1994,7.3052
LB253,3.1994,2.526
LB262,3.1994,2.3422
LB271,3.1994,2.1584
LB280,3.1994,1.9746
LB289,3.1994,1.7908
LB297,3.1994,1.6069
LB306,3.1994,1.4231
LB314,3.1994,1.2393
LB324,3.1994,1.0555
LB332,3.1994,0.8717
LB34,3.1994,7.1214
LB342,3.1994,0.6879
LB350,3.1994,0.504
LB360,3.1994,0.3202
LB367,3.1994,0.1364
LB374,3.1994,-0.0474
LB381,3.1994,-0.2312
LB389,3.1994,-0.415
LB396,3.1994,-0.5989
LB404,3.1994,-0.7827
LB411,3.1994,-0.9665
LB418,3.1994,-1.1503
LB425,3.1994,-1.3341
LB43,3.1994,6.9376
LB433,3.1994,-1.5179
LB440,3.1994,-1.7017
LB448,3.1994,-1.8856
LB455,3.1994,-2.0694
LB52,3.1994,6.7538
LB60,3.1994,6.57
LB69,3.1994,6.3862
LB78,3.1994,6.2023
LB87,3.1994,6.0185
LB9,3.1994,7.6729
LB96,3.1994,5.8347
LE393,3.4584,-0.5569
LE402,3.4584,-0.7547
LE410,3.4584,-0.9525
LE418,3.4584,-1.1503
LE426,3.4584,-1.3481
LE434,3.4584,-1.5459
LE442,3.4584,-1.7437
LE450,3.4584,-1.9415
LE458,3.4584,-2.1393
LJ393,3.6562,-0.5569
LJ402,3.6562,-0.7547
LJ410,3.6562,-0.9525
LJ418,3.6562,-1.1503
LJ426,3.6562,-1.3481
LJ434,3.6562,-1.5459
LJ442,3.6562,-1.7437
LJ450,3.6562,-1.9415
LJ458,3.6562,-2.1393
LP393,3.854,-0.5569
LP402,3.854,-0.7547
LP410,3.854,-0.9525
LP418,3.854,-1.1503
LP426,3.854,-1.3481
LP434,3.854,-1.5459
LP442,3.854,-1.7437
LP450,3.854,-1.9415
LP458,3.854,-2.1393
LV393,4.0518,-0.5569
LV402,4.0518,-0.7547
LV410,4.0518,-0.9525
LV418,4.0518,-1.1503
LV426,4.0518,-1.3481
LV434,4.0518,-1.5459
LV442,4.0518,-1.7437
MB393,4.2496,-0.5569
MB402,4.2496,-0.7547
MB410,4.2496,-0.9525
MB418,4.2496,-1.1503
MB426,4.2496,-1.3481
MB434,4.2496,-1.5459
MB442,4.2496,-1.7437
MF393,4.4474,-0.5569
MF402,4.4474,-0.7547
MF410,4.4474,-0.9525
MF418,4.4474,-1.1503
MF426,4.4474,-1.3481
