AK1,-5047.11,7948.594,VDD075NNE_00000
AK14,-5047.11,7552.99,VDD075NNE_00001
AK23,-5047.11,7355.188,VDD075NNE_00002
AN1,-4849.308,7948.594,VDD075NNE_00003
AN14,-4849.308,7552.99,VDD075NNE_00005
AN23,-4849.308,7355.188,VDD075NNE_00006
AN7,-4849.308,7750.792,VDD075NNE_00004
AU105,-4704.736,5650.894,VDD075NNE_00019
AU114,-4704.736,5467.078,VDD075NNE_00020
AU122,-4704.736,5283.262,VDD075NNE_00021
AU131,-4704.736,5099.446,VDD075NNE_00022
AU140,-4704.736,4915.63,VDD075NNE_00023
AU149,-4704.736,4731.814,VDD075NNE_00024
AU158,-4704.736,4547.998,VDD075NNE_00025
AU16,-4704.736,7489.054,VDD075NNE_00009
AU167,-4704.736,4364.182,VDD075NNE_00026
AU176,-4704.736,4180.366,VDD075NNE_00027
AU184,-4704.736,3996.55,VDD075NNE_00028
AU192,-4704.736,3812.734,VDD075NNE_00029
AU2,-4704.736,7856.686,VDD075NNE_00007
AU200,-4704.736,3628.918,VDD075NNE_00030
AU209,-4704.736,3445.102,VDD075NNE_00031
AU218,-4704.736,3261.286,VDD075NNE_00032
AU227,-4704.736,3077.47,VDD075NNE_00033
AU236,-4704.736,2893.654,VDD075NNE_00034
AU244,-4704.736,2709.838,VDD075NNE_00035
AU25,-4704.736,7305.238,VDD075NNE_00010
AU253,-4704.736,2526.022,VDD075NNE_00036
AU262,-4704.736,2342.206,VDD075NNE_00037
AU271,-4704.736,2158.39,VDD075NNE_00038
AU280,-4704.736,1974.574,VDD075NNE_00039
AU289,-4704.736,1790.758,VDD075NNE_00040
AU297,-4704.736,1606.942,VDD075NNE_00041
AU306,-4704.736,1423.126,VDD075NNE_00042
AU314,-4704.736,1239.31,VDD075NNE_00043
AU324,-4704.736,1055.494,VDD075NNE_00044
AU332,-4704.736,871.678,VDD075NNE_00045
AU34,-4704.736,7121.422,VDD075NNE_00011
AU342,-4704.736,687.862,VDD075NNE_00046
AU350,-4704.736,504.046,VDD075NNE_00047
AU360,-4704.736,320.23,VDD075NNE_00048
AU367,-4704.736,136.414,VDD075NNE_00049
AU374,-4704.736,-47.402,VDD075NNE_00050
AU381,-4704.736,-231.218,VDD075NNE_00051
AU389,-4704.736,-415.034,VDD075NNE_00052
AU396,-4704.736,-598.85,VDD075NNE_00053
AU404,-4704.736,-782.666,VDD075NNE_00054
AU411,-4704.736,-966.482,VDD075NNE_00055
AU418,-4704.736,-1150.298,VDD075NNE_00056
AU425,-4704.736,-1334.114,VDD075NNE_00057
AU43,-4704.736,6937.606,VDD075NNE_00012
AU433,-4704.736,-1517.93,VDD075NNE_00058
AU440,-4704.736,-1701.746,VDD075NNE_00059
AU448,-4704.736,-1885.562,VDD075NNE_00060
AU455,-4704.736,-2069.378,VDD075NNE_00061
AU52,-4704.736,6753.79,VDD075NNE_00013
AU60,-4704.736,6569.974,VDD075NNE_00014
AU69,-4704.736,6386.158,VDD075NNE_00015
AU78,-4704.736,6202.342,VDD075NNE_00016
AU87,-4704.736,6018.526,VDD075NNE_00017
AU9,-4704.736,7672.87,VDD075NNE_00008
AU96,-4704.736,5834.71,VDD075NNE_00018
BC105,-4520.92,5650.894,VDD075NNE_00074
BC114,-4520.92,5467.078,VDD075NNE_00075
BC122,-4520.92,5283.262,VDD075NNE_00076
BC131,-4520.92,5099.446,VDD075NNE_00077
BC140,-4520.92,4915.63,VDD075NNE_00078
BC149,-4520.92,4731.814,VDD075NNE_00079
BC158,-4520.92,4547.998,VDD075NNE_00080
BC16,-4520.92,7489.054,VDD075NNE_00064
BC167,-4520.92,4364.182,VDD075NNE_00081
BC176,-4520.92,4180.366,VDD075NNE_00082
BC184,-4520.92,3996.55,VDD075NNE_00083
BC192,-4520.92,3812.734,VDD075NNE_00084
BC2,-4520.92,7856.686,VDD075NNE_00062
BC200,-4520.92,3628.918,VDD075NNE_00085
BC209,-4520.92,3445.102,VDD075NNE_00086
BC218,-4520.92,3261.286,VDD075NNE_00087
BC227,-4520.92,3077.47,VDD075NNE_00088
BC236,-4520.92,2893.654,VDD075NNE_00089
BC244,-4520.92,2709.838,VDD075NNE_00090
BC25,-4520.92,7305.238,VDD075NNE_00065
BC253,-4520.92,2526.022,VDD075NNE_00091
BC262,-4520.92,2342.206,VDD075NNE_00092
BC271,-4520.92,2158.39,VDD075NNE_00093
BC280,-4520.92,1974.574,VDD075NNE_00094
BC289,-4520.92,1790.758,VDD075NNE_00095
BC297,-4520.92,1606.942,VDD075NNE_00096
BC306,-4520.92,1423.126,VDD075NNE_00097
BC314,-4520.92,1239.31,VDD075NNE_00098
BC324,-4520.92,1055.494,VDD075NNE_00099
BC332,-4520.92,871.678,VDD075NNE_00100
BC34,-4520.92,7121.422,VDD075NNE_00066
BC342,-4520.92,687.862,VDD075NNE_00101
BC350,-4520.92,504.046,VDD075NNE_00102
BC360,-4520.92,320.23,VDD075NNE_00103
BC367,-4520.92,136.414,VDD075NNE_00104
BC374,-4520.92,-47.402,VDD075NNE_00105
BC381,-4520.92,-231.218,VDD075NNE_00106
BC389,-4520.92,-415.034,VDD075NNE_00107
BC396,-4520.92,-598.85,VDD075NNE_00108
BC404,-4520.92,-782.666,VDD075NNE_00109
BC411,-4520.92,-966.482,VDD075NNE_00110
BC418,-4520.92,-1150.298,VDD075NNE_00111
BC425,-4520.92,-1334.114,VDD075NNE_00112
BC43,-4520.92,6937.606,VDD075NNE_00067
BC433,-4520.92,-1517.93,VDD075NNE_00113
BC440,-4520.92,-1701.746,VDD075NNE_00114
BC448,-4520.92,-1885.562,VDD075NNE_00115
BC455,-4520.92,-2069.378,VDD075NNE_00116
BC52,-4520.92,6753.79,VDD075NNE_00068
BC60,-4520.92,6569.974,VDD075NNE_00069
BC69,-4520.92,6386.158,VDD075NNE_00070
BC78,-4520.92,6202.342,VDD075NNE_00071
BC87,-4520.92,6018.526,VDD075NNE_00072
BC9,-4520.92,7672.87,VDD075NNE_00063
BC96,-4520.92,5834.71,VDD075NNE_00073
BH105,-4337.104,5650.894,VDD075NNE_00129
BH114,-4337.104,5467.078,VDD075NNE_00130
BH122,-4337.104,5283.262,VDD075NNE_00131
BH131,-4337.104,5099.446,VDD075NNE_00132
BH140,-4337.104,4915.63,VDD075NNE_00133
BH149,-4337.104,4731.814,VDD075NNE_00134
BH158,-4337.104,4547.998,VDD075NNE_00135
BH16,-4337.104,7489.054,VDD075NNE_00119
BH167,-4337.104,4364.182,VDD075NNE_00136
BH176,-4337.104,4180.366,VDD075NNE_00137
BH184,-4337.104,3996.55,VDD075NNE_00138
BH192,-4337.104,3812.734,VDD075NNE_00139
BH2,-4337.104,7856.686,VDD075NNE_00117
BH200,-4337.104,3628.918,VDD075NNE_00140
BH209,-4337.104,3445.102,VDD075NNE_00141
BH218,-4337.104,3261.286,VDD075NNE_00142
BH227,-4337.104,3077.47,VDD075NNE_00143
BH236,-4337.104,2893.654,VDD075NNE_00144
BH244,-4337.104,2709.838,VDD075NNE_00145
BH25,-4337.104,7305.238,VDD075NNE_00120
BH253,-4337.104,2526.022,VDD075NNE_00146
BH262,-4337.104,2342.206,VDD075NNE_00147
BH271,-4337.104,2158.39,VDD075NNE_00148
BH280,-4337.104,1974.574,VDD075NNE_00149
BH289,-4337.104,1790.758,VDD075NNE_00150
BH297,-4337.104,1606.942,VDD075NNE_00151
BH306,-4337.104,1423.126,VDD075NNE_00152
BH314,-4337.104,1239.31,VDD075NNE_00153
BH324,-4337.104,1055.494,VDD075NNE_00154
BH332,-4337.104,871.678,VDD075NNE_00155
BH34,-4337.104,7121.422,VDD075NNE_00121
BH342,-4337.104,687.862,VDD075NNE_00156
BH350,-4337.104,504.046,VDD075NNE_00157
BH360,-4337.104,320.23,VDD075NNE_00158
BH367,-4337.104,136.414,VDD075NNE_00159
BH374,-4337.104,-47.402,VDD075NNE_00160
BH381,-4337.104,-231.218,VDD075NNE_00161
BH389,-4337.104,-415.034,VDD075NNE_00162
BH396,-4337.104,-598.85,VDD075NNE_00163
BH404,-4337.104,-782.666,VDD075NNE_00164
BH411,-4337.104,-966.482,VDD075NNE_00165
BH418,-4337.104,-1150.298,VDD075NNE_00166
BH425,-4337.104,-1334.114,VDD075NNE_00167
BH43,-4337.104,6937.606,VDD075NNE_00122
BH433,-4337.104,-1517.93,VDD075NNE_00168
BH440,-4337.104,-1701.746,VDD075NNE_00169
BH448,-4337.104,-1885.562,VDD075NNE_00170
BH455,-4337.104,-2069.378,VDD075NNE_00171
BH52,-4337.104,6753.79,VDD075NNE_00123
BH60,-4337.104,6569.974,VDD075NNE_00124
BH69,-4337.104,6386.158,VDD075NNE_00125
BH78,-4337.104,6202.342,VDD075NNE_00126
BH87,-4337.104,6018.526,VDD075NNE_00127
BH9,-4337.104,7672.87,VDD075NNE_00118
BH96,-4337.104,5834.71,VDD075NNE_00128
BP105,-4153.288,5650.894,VDD075NNE_00184
BP114,-4153.288,5467.078,VDD075NNE_00185
BP122,-4153.288,5283.262,VDD075NNE_00186
BP131,-4153.288,5099.446,VDD075NNE_00187
BP140,-4153.288,4915.63,VDD075NNE_00188
BP149,-4153.288,4731.814,VDD075NNE_00189
BP158,-4153.288,4547.998,VDD075NNE_00190
BP16,-4153.288,7489.054,VDD075NNE_00174
BP167,-4153.288,4364.182,VDD075NNE_00191
BP176,-4153.288,4180.366,VDD075NNE_00192
BP184,-4153.288,3996.55,VDD075NNE_00193
BP192,-4153.288,3812.734,VDD075NNE_00194
BP2,-4153.288,7856.686,VDD075NNE_00172
BP200,-4153.288,3628.918,VDD075NNE_00195
BP209,-4153.288,3445.102,VDD075NNE_00196
BP218,-4153.288,3261.286,VDD075NNE_00197
BP227,-4153.288,3077.47,VDD075NNE_00198
BP236,-4153.288,2893.654,VDD075NNE_00199
BP244,-4153.288,2709.838,VDD075NNE_00200
BP25,-4153.288,7305.238,VDD075NNE_00175
BP253,-4153.288,2526.022,VDD075NNE_00201
BP262,-4153.288,2342.206,VDD075NNE_00202
BP271,-4153.288,2158.39,VDD075NNE_00203
BP280,-4153.288,1974.574,VDD075NNE_00204
BP289,-4153.288,1790.758,VDD075NNE_00205
BP297,-4153.288,1606.942,VDD075NNE_00206
BP306,-4153.288,1423.126,VDD075NNE_00207
BP314,-4153.288,1239.31,VDD075NNE_00208
BP324,-4153.288,1055.494,VDD075NNE_00209
BP332,-4153.288,871.678,VDD075NNE_00210
BP34,-4153.288,7121.422,VDD075NNE_00176
BP342,-4153.288,687.862,VDD075NNE_00211
BP350,-4153.288,504.046,VDD075NNE_00212
BP360,-4153.288,320.23,VDD075NNE_00213
BP367,-4153.288,136.414,VDD075NNE_00214
BP374,-4153.288,-47.402,VDD075NNE_00215
BP381,-4153.288,-231.218,VDD075NNE_00216
BP389,-4153.288,-415.034,VDD075NNE_00217
BP396,-4153.288,-598.85,VDD075NNE_00218
BP404,-4153.288,-782.666,VDD075NNE_00219
BP411,-4153.288,-966.482,VDD075NNE_00220
BP418,-4153.288,-1150.298,VDD075NNE_00221
BP425,-4153.288,-1334.114,VDD075NNE_00222
BP43,-4153.288,6937.606,VDD075NNE_00177
BP433,-4153.288,-1517.93,VDD075NNE_00223
BP440,-4153.288,-1701.746,VDD075NNE_00224
BP448,-4153.288,-1885.562,VDD075NNE_00225
BP455,-4153.288,-2069.378,VDD075NNE_00226
BP52,-4153.288,6753.79,VDD075NNE_00178
BP60,-4153.288,6569.974,VDD075NNE_00179
BP69,-4153.288,6386.158,VDD075NNE_00180
BP78,-4153.288,6202.342,VDD075NNE_00181
BP87,-4153.288,6018.526,VDD075NNE_00182
BP9,-4153.288,7672.87,VDD075NNE_00173
BP96,-4153.288,5834.71,VDD075NNE_00183
BW105,-3969.472,5650.894,VDD075NNE_00239
BW114,-3969.472,5467.078,VDD075NNE_00240
BW122,-3969.472,5283.262,VDD075NNE_00241
BW131,-3969.472,5099.446,VDD075NNE_00242
BW140,-3969.472,4915.63,VDD075NNE_00243
BW149,-3969.472,4731.814,VDD075NNE_00244
BW158,-3969.472,4547.998,VDD075NNE_00245
BW16,-3969.472,7489.054,VDD075NNE_00229
BW167,-3969.472,4364.182,VDD075NNE_00246
BW176,-3969.472,4180.366,VDD075NNE_00247
BW184,-3969.472,3996.55,VDD075NNE_00248
BW192,-3969.472,3812.734,VDD075NNE_00249
BW2,-3969.472,7856.686,VDD075NNE_00227
BW200,-3969.472,3628.918,VDD075NNE_00250
BW209,-3969.472,3445.102,VDD075NNE_00251
BW218,-3969.472,3261.286,VDD075NNE_00252
BW227,-3969.472,3077.47,VDD075NNE_00253
BW236,-3969.472,2893.654,VDD075NNE_00254
BW244,-3969.472,2709.838,VDD075NNE_00255
BW25,-3969.472,7305.238,VDD075NNE_00230
BW253,-3969.472,2526.022,VDD075NNE_00256
BW262,-3969.472,2342.206,VDD075NNE_00257
BW271,-3969.472,2158.39,VDD075NNE_00258
BW280,-3969.472,1974.574,VDD075NNE_00259
BW289,-3969.472,1790.758,VDD075NNE_00260
BW297,-3969.472,1606.942,VDD075NNE_00261
BW306,-3969.472,1423.126,VDD075NNE_00262
BW314,-3969.472,1239.31,VDD075NNE_00263
BW324,-3969.472,1055.494,VDD075NNE_00264
BW332,-3969.472,871.678,VDD075NNE_00265
BW34,-3969.472,7121.422,VDD075NNE_00231
BW342,-3969.472,687.862,VDD075NNE_00266
BW350,-3969.472,504.046,VDD075NNE_00267
BW360,-3969.472,320.23,VDD075NNE_00268
BW367,-3969.472,136.414,VDD075NNE_00269
BW374,-3969.472,-47.402,VDD075NNE_00270
BW381,-3969.472,-231.218,VDD075NNE_00271
BW389,-3969.472,-415.034,VDD075NNE_00272
BW396,-3969.472,-598.85,VDD075NNE_00273
BW404,-3969.472,-782.666,VDD075NNE_00274
BW411,-3969.472,-966.482,VDD075NNE_00275
BW418,-3969.472,-1150.298,VDD075NNE_00276
BW425,-3969.472,-1334.114,VDD075NNE_00277
BW43,-3969.472,6937.606,VDD075NNE_00232
BW433,-3969.472,-1517.93,VDD075NNE_00278
BW440,-3969.472,-1701.746,VDD075NNE_00279
BW448,-3969.472,-1885.562,VDD075NNE_00280
BW455,-3969.472,-2069.378,VDD075NNE_00281
BW52,-3969.472,6753.79,VDD075NNE_00233
BW60,-3969.472,6569.974,VDD075NNE_00234
BW69,-3969.472,6386.158,VDD075NNE_00235
BW78,-3969.472,6202.342,VDD075NNE_00236
BW87,-3969.472,6018.526,VDD075NNE_00237
BW9,-3969.472,7672.87,VDD075NNE_00228
BW96,-3969.472,5834.71,VDD075NNE_00238
CD105,-3785.656,5650.894,VDD075NNE_00294
CD114,-3785.656,5467.078,VDD075NNE_00295
CD122,-3785.656,5283.262,VDD075NNE_00296
CD131,-3785.656,5099.446,VDD075NNE_00297
CD140,-3785.656,4915.63,VDD075NNE_00298
CD149,-3785.656,4731.814,VDD075NNE_00299
CD158,-3785.656,4547.998,VDD075NNE_00300
CD16,-3785.656,7489.054,VDD075NNE_00284
CD167,-3785.656,4364.182,VDD075NNE_00301
CD176,-3785.656,4180.366,VDD075NNE_00302
CD184,-3785.656,3996.55,VDD075NNE_00303
CD192,-3785.656,3812.734,VDD075NNE_00304
CD2,-3785.656,7856.686,VDD075NNE_00282
CD200,-3785.656,3628.918,VDD075NNE_00305
CD209,-3785.656,3445.102,VDD075NNE_00306
CD218,-3785.656,3261.286,VDD075NNE_00307
CD227,-3785.656,3077.47,VDD075NNE_00308
CD236,-3785.656,2893.654,VDD075NNE_00309
CD244,-3785.656,2709.838,VDD075NNE_00310
CD25,-3785.656,7305.238,VDD075NNE_00285
CD253,-3785.656,2526.022,VDD075NNE_00311
CD262,-3785.656,2342.206,VDD075NNE_00312
CD271,-3785.656,2158.39,VDD075NNE_00313
CD280,-3785.656,1974.574,VDD075NNE_00314
CD289,-3785.656,1790.758,VDD075NNE_00315
CD297,-3785.656,1606.942,VDD075NNE_00316
CD306,-3785.656,1423.126,VDD075NNE_00317
CD314,-3785.656,1239.31,VDD075NNE_00318
CD324,-3785.656,1055.494,VDD075NNE_00319
CD332,-3785.656,871.678,VDD075NNE_00320
CD34,-3785.656,7121.422,VDD075NNE_00286
CD342,-3785.656,687.862,VDD075NNE_00321
CD350,-3785.656,504.046,VDD075NNE_00322
CD360,-3785.656,320.23,VDD075NNE_00323
CD367,-3785.656,136.414,VDD075NNE_00324
CD374,-3785.656,-47.402,VDD075NNE_00325
CD381,-3785.656,-231.218,VDD075NNE_00326
CD389,-3785.656,-415.034,VDD075NNE_00327
CD396,-3785.656,-598.85,VDD075NNE_00328
CD404,-3785.656,-782.666,VDD075NNE_00329
CD411,-3785.656,-966.482,VDD075NNE_00330
CD418,-3785.656,-1150.298,VDD075NNE_00331
CD425,-3785.656,-1334.114,VDD075NNE_00332
CD43,-3785.656,6937.606,VDD075NNE_00287
CD433,-3785.656,-1517.93,VDD075NNE_00333
CD440,-3785.656,-1701.746,VDD075NNE_00334
CD448,-3785.656,-1885.562,VDD075NNE_00335
CD455,-3785.656,-2069.378,VDD075NNE_00336
CD52,-3785.656,6753.79,VDD075NNE_00288
CD60,-3785.656,6569.974,VDD075NNE_00289
CD69,-3785.656,6386.158,VDD075NNE_00290
CD78,-3785.656,6202.342,VDD075NNE_00291
CD87,-3785.656,6018.526,VDD075NNE_00292
CD9,-3785.656,7672.87,VDD075NNE_00283
CD96,-3785.656,5834.71,VDD075NNE_00293
CK105,-3601.84,5650.894,VDD075NNE_00349
CK114,-3601.84,5467.078,VDD075NNE_00350
CK122,-3601.84,5283.262,VDD075NNE_00351
CK131,-3601.84,5099.446,VDD075NNE_00352
CK140,-3601.84,4915.63,VDD075NNE_00353
CK149,-3601.84,4731.814,VDD075NNE_00354
CK158,-3601.84,4547.998,VDD075NNE_00355
CK16,-3601.84,7489.054,VDD075NNE_00339
CK167,-3601.84,4364.182,VDD075NNE_00356
CK176,-3601.84,4180.366,VDD075NNE_00357
CK184,-3601.84,3996.55,VDD075NNE_00358
CK192,-3601.84,3812.734,VDD075NNE_00359
CK2,-3601.84,7856.686,VDD075NNE_00337
CK200,-3601.84,3628.918,VDD075NNE_00360
CK209,-3601.84,3445.102,VDD075NNE_00361
CK218,-3601.84,3261.286,VDD075NNE_00362
CK227,-3601.84,3077.47,VDD075NNE_00363
CK236,-3601.84,2893.654,VDD075NNE_00364
CK244,-3601.84,2709.838,VDD075NNE_00365
CK25,-3601.84,7305.238,VDD075NNE_00340
CK253,-3601.84,2526.022,VDD075NNE_00366
CK262,-3601.84,2342.206,VDD075NNE_00367
CK271,-3601.84,2158.39,VDD075NNE_00368
CK280,-3601.84,1974.574,VDD075NNE_00369
CK289,-3601.84,1790.758,VDD075NNE_00370
CK297,-3601.84,1606.942,VDD075NNE_00371
CK306,-3601.84,1423.126,VDD075NNE_00372
CK314,-3601.84,1239.31,VDD075NNE_00373
CK324,-3601.84,1055.494,VDD075NNE_00374
CK332,-3601.84,871.678,VDD075NNE_00375
CK34,-3601.84,7121.422,VDD075NNE_00341
CK342,-3601.84,687.862,VDD075NNE_00376
CK350,-3601.84,504.046,VDD075NNE_00377
CK360,-3601.84,320.23,VDD075NNE_00378
CK367,-3601.84,136.414,VDD075NNE_00379
CK374,-3601.84,-47.402,VDD075NNE_00380
CK381,-3601.84,-231.218,VDD075NNE_00381
CK389,-3601.84,-415.034,VDD075NNE_00382
CK396,-3601.84,-598.85,VDD075NNE_00383
CK404,-3601.84,-782.666,VDD075NNE_00384
CK411,-3601.84,-966.482,VDD075NNE_00385
CK418,-3601.84,-1150.298,VDD075NNE_00386
CK425,-3601.84,-1334.114,VDD075NNE_00387
CK43,-3601.84,6937.606,VDD075NNE_00342
CK433,-3601.84,-1517.93,VDD075NNE_00388
CK440,-3601.84,-1701.746,VDD075NNE_00389
CK448,-3601.84,-1885.562,VDD075NNE_00390
CK455,-3601.84,-2069.378,VDD075NNE_00391
CK52,-3601.84,6753.79,VDD075NNE_00343
CK60,-3601.84,6569.974,VDD075NNE_00344
CK69,-3601.84,6386.158,VDD075NNE_00345
CK78,-3601.84,6202.342,VDD075NNE_00346
CK87,-3601.84,6018.526,VDD075NNE_00347
CK9,-3601.84,7672.87,VDD075NNE_00338
CK96,-3601.84,5834.71,VDD075NNE_00348
CT105,-3418.024,5650.894,VDD075NNE_00404
CT114,-3418.024,5467.078,VDD075NNE_00405
CT122,-3418.024,5283.262,VDD075NNE_00406
CT131,-3418.024,5099.446,VDD075NNE_00407
CT140,-3418.024,4915.63,VDD075NNE_00408
CT149,-3418.024,4731.814,VDD075NNE_00409
CT158,-3418.024,4547.998,VDD075NNE_00410
CT16,-3418.024,7489.054,VDD075NNE_00394
CT167,-3418.024,4364.182,VDD075NNE_00411
CT176,-3418.024,4180.366,VDD075NNE_00412
CT184,-3418.024,3996.55,VDD075NNE_00413
CT192,-3418.024,3812.734,VDD075NNE_00414
CT2,-3418.024,7856.686,VDD075NNE_00392
CT200,-3418.024,3628.918,VDD075NNE_00415
CT209,-3418.024,3445.102,VDD075NNE_00416
CT218,-3418.024,3261.286,VDD075NNE_00417
CT227,-3418.024,3077.47,VDD075NNE_00418
CT236,-3418.024,2893.654,VDD075NNE_00419
CT244,-3418.024,2709.838,VDD075NNE_00420
CT25,-3418.024,7305.238,VDD075NNE_00395
CT253,-3418.024,2526.022,VDD075NNE_00421
CT262,-3418.024,2342.206,VDD075NNE_00422
CT271,-3418.024,2158.39,VDD075NNE_00423
CT280,-3418.024,1974.574,VDD075NNE_00424
CT289,-3418.024,1790.758,VDD075NNE_00425
CT297,-3418.024,1606.942,VDD075NNE_00426
CT306,-3418.024,1423.126,VDD075NNE_00427
CT314,-3418.024,1239.31,VDD075NNE_00428
CT324,-3418.024,1055.494,VDD075NNE_00429
CT332,-3418.024,871.678,VDD075NNE_00430
CT34,-3418.024,7121.422,VDD075NNE_00396
CT342,-3418.024,687.862,VDD075NNE_00431
CT350,-3418.024,504.046,VDD075NNE_00432
CT360,-3418.024,320.23,VDD075NNE_00433
CT367,-3418.024,136.414,VDD075NNE_00434
CT374,-3418.024,-47.402,VDD075NNE_00435
CT381,-3418.024,-231.218,VDD075NNE_00436
CT389,-3418.024,-415.034,VDD075NNE_00437
CT396,-3418.024,-598.85,VDD075NNE_00438
CT404,-3418.024,-782.666,VDD075NNE_00439
CT411,-3418.024,-966.482,VDD075NNE_00440
CT418,-3418.024,-1150.298,VDD075NNE_00441
CT425,-3418.024,-1334.114,VDD075NNE_00442
CT43,-3418.024,6937.606,VDD075NNE_00397
CT433,-3418.024,-1517.93,VDD075NNE_00443
CT440,-3418.024,-1701.746,VDD075NNE_00444
CT448,-3418.024,-1885.562,VDD075NNE_00445
CT455,-3418.024,-2069.378,VDD075NNE_00446
CT52,-3418.024,6753.79,VDD075NNE_00398
CT60,-3418.024,6569.974,VDD075NNE_00399
CT69,-3418.024,6386.158,VDD075NNE_00400
CT78,-3418.024,6202.342,VDD075NNE_00401
CT87,-3418.024,6018.526,VDD075NNE_00402
CT9,-3418.024,7672.87,VDD075NNE_00393
CT96,-3418.024,5834.71,VDD075NNE_00403
DB105,-3234.208,5650.894,VDD075NNE_00459
DB114,-3234.208,5467.078,VDD075NNE_00460
DB122,-3234.208,5283.262,VDD075NNE_00461
DB131,-3234.208,5099.446,VDD075NNE_00462
DB140,-3234.208,4915.63,VDD075NNE_00463
DB149,-3234.208,4731.814,VDD075NNE_00464
DB158,-3234.208,4547.998,VDD075NNE_00465
DB16,-3234.208,7489.054,VDD075NNE_00449
DB167,-3234.208,4364.182,VDD075NNE_00466
DB176,-3234.208,4180.366,VDD075NNE_00467
DB184,-3234.208,3996.55,VDD075NNE_00468
DB192,-3234.208,3812.734,VDD075NNE_00469
DB2,-3234.208,7856.686,VDD075NNE_00447
DB200,-3234.208,3628.918,VDD075NNE_00470
DB209,-3234.208,3445.102,VDD075NNE_00471
DB218,-3234.208,3261.286,VDD075NNE_00472
DB227,-3234.208,3077.47,VDD075NNE_00473
DB236,-3234.208,2893.654,VDD075NNE_00474
DB244,-3234.208,2709.838,VDD075NNE_00475
DB25,-3234.208,7305.238,VDD075NNE_00450
DB253,-3234.208,2526.022,VDD075NNE_00476
DB262,-3234.208,2342.206,VDD075NNE_00477
DB271,-3234.208,2158.39,VDD075NNE_00478
DB280,-3234.208,1974.574,VDD075NNE_00479
DB289,-3234.208,1790.758,VDD075NNE_00480
DB297,-3234.208,1606.942,VDD075NNE_00481
DB306,-3234.208,1423.126,VDD075NNE_00482
DB314,-3234.208,1239.31,VDD075NNE_00483
DB324,-3234.208,1055.494,VDD075NNE_00484
DB332,-3234.208,871.678,VDD075NNE_00485
DB34,-3234.208,7121.422,VDD075NNE_00451
DB342,-3234.208,687.862,VDD075NNE_00486
DB350,-3234.208,504.046,VDD075NNE_00487
DB360,-3234.208,320.23,VDD075NNE_00488
DB367,-3234.208,136.414,VDD075NNE_00489
DB374,-3234.208,-47.402,VDD075NNE_00490
DB381,-3234.208,-231.218,VDD075NNE_00491
DB389,-3234.208,-415.034,VDD075NNE_00492
DB396,-3234.208,-598.85,VDD075NNE_00493
DB404,-3234.208,-782.666,VDD075NNE_00494
DB411,-3234.208,-966.482,VDD075NNE_00495
DB418,-3234.208,-1150.298,VDD075NNE_00496
DB425,-3234.208,-1334.114,VDD075NNE_00497
DB43,-3234.208,6937.606,VDD075NNE_00452
DB433,-3234.208,-1517.93,VDD075NNE_00498
DB440,-3234.208,-1701.746,VDD075NNE_00499
DB448,-3234.208,-1885.562,VDD075NNE_00500
DB455,-3234.208,-2069.378,VDD075NNE_00501
DB52,-3234.208,6753.79,VDD075NNE_00453
DB60,-3234.208,6569.974,VDD075NNE_00454
DB69,-3234.208,6386.158,VDD075NNE_00455
DB78,-3234.208,6202.342,VDD075NNE_00456
DB87,-3234.208,6018.526,VDD075NNE_00457
DB9,-3234.208,7672.87,VDD075NNE_00448
DB96,-3234.208,5834.71,VDD075NNE_00458
DG105,-3050.392,5650.894,VDD075NNE_00514
DG114,-3050.392,5467.078,VDD075NNE_00515
DG122,-3050.392,5283.262,VDD075NNE_00516
DG131,-3050.392,5099.446,VDD075NNE_00517
DG140,-3050.392,4915.63,VDD075NNE_00518
DG149,-3050.392,4731.814,VDD075NNE_00519
DG158,-3050.392,4547.998,VDD075NNE_00520
DG16,-3050.392,7489.054,VDD075NNE_00504
DG167,-3050.392,4364.182,VDD075NNE_00521
DG176,-3050.392,4180.366,VDD075NNE_00522
DG184,-3050.392,3996.55,VDD075NNE_00523
DG192,-3050.392,3812.734,VDD075NNE_00524
DG2,-3050.392,7856.686,VDD075NNE_00502
DG200,-3050.392,3628.918,VDD075NNE_00525
DG209,-3050.392,3445.102,VDD075NNE_00526
DG218,-3050.392,3261.286,VDD075NNE_00527
DG227,-3050.392,3077.47,VDD075NNE_00528
DG236,-3050.392,2893.654,VDD075NNE_00529
DG244,-3050.392,2709.838,VDD075NNE_00530
DG25,-3050.392,7305.238,VDD075NNE_00505
DG253,-3050.392,2526.022,VDD075NNE_00531
DG262,-3050.392,2342.206,VDD075NNE_00532
DG271,-3050.392,2158.39,VDD075NNE_00533
DG280,-3050.392,1974.574,VDD075NNE_00534
DG289,-3050.392,1790.758,VDD075NNE_00535
DG297,-3050.392,1606.942,VDD075NNE_00536
DG306,-3050.392,1423.126,VDD075NNE_00537
DG314,-3050.392,1239.31,VDD075NNE_00538
DG324,-3050.392,1055.494,VDD075NNE_00539
DG332,-3050.392,871.678,VDD075NNE_00540
DG34,-3050.392,7121.422,VDD075NNE_00506
DG342,-3050.392,687.862,VDD075NNE_00541
DG350,-3050.392,504.046,VDD075NNE_00542
DG360,-3050.392,320.23,VDD075NNE_00543
DG367,-3050.392,136.414,VDD075NNE_00544
DG374,-3050.392,-47.402,VDD075NNE_00545
DG381,-3050.392,-231.218,VDD075NNE_00546
DG389,-3050.392,-415.034,VDD075NNE_00547
DG396,-3050.392,-598.85,VDD075NNE_00548
DG404,-3050.392,-782.666,VDD075NNE_00549
DG411,-3050.392,-966.482,VDD075NNE_00550
DG418,-3050.392,-1150.298,VDD075NNE_00551
DG425,-3050.392,-1334.114,VDD075NNE_00552
DG43,-3050.392,6937.606,VDD075NNE_00507
DG433,-3050.392,-1517.93,VDD075NNE_00553
DG440,-3050.392,-1701.746,VDD075NNE_00554
DG448,-3050.392,-1885.562,VDD075NNE_00555
DG455,-3050.392,-2069.378,VDD075NNE_00556
DG52,-3050.392,6753.79,VDD075NNE_00508
DG60,-3050.392,6569.974,VDD075NNE_00509
DG69,-3050.392,6386.158,VDD075NNE_00510
DG78,-3050.392,6202.342,VDD075NNE_00511
DG87,-3050.392,6018.526,VDD075NNE_00512
DG9,-3050.392,7672.87,VDD075NNE_00503
DG96,-3050.392,5834.71,VDD075NNE_00513
DN105,-2866.576,5650.894,VDD075NNE_00569
DN114,-2866.576,5467.078,VDD075NNE_00570
DN122,-2866.576,5283.262,VDD075NNE_00571
DN131,-2866.576,5099.446,VDD075NNE_00572
DN140,-2866.576,4915.63,VDD075NNE_00573
DN149,-2866.576,4731.814,VDD075NNE_00574
DN158,-2866.576,4547.998,VDD075NNE_00575
DN16,-2866.576,7489.054,VDD075NNE_00559
DN167,-2866.576,4364.182,VDD075NNE_00576
DN176,-2866.576,4180.366,VDD075NNE_00577
DN184,-2866.576,3996.55,VDD075NNE_00578
DN192,-2866.576,3812.734,VDD075NNE_00579
DN2,-2866.576,7856.686,VDD075NNE_00557
DN200,-2866.576,3628.918,VDD075NNE_00580
DN209,-2866.576,3445.102,VDD075NNE_00581
DN218,-2866.576,3261.286,VDD075NNE_00582
DN227,-2866.576,3077.47,VDD075NNE_00583
DN236,-2866.576,2893.654,VDD075NNE_00584
DN244,-2866.576,2709.838,VDD075NNE_00585
DN25,-2866.576,7305.238,VDD075NNE_00560
DN253,-2866.576,2526.022,VDD075NNE_00586
DN262,-2866.576,2342.206,VDD075NNE_00587
DN271,-2866.576,2158.39,VDD075NNE_00588
DN280,-2866.576,1974.574,VDD075NNE_00589
DN289,-2866.576,1790.758,VDD075NNE_00590
DN297,-2866.576,1606.942,VDD075NNE_00591
DN306,-2866.576,1423.126,VDD075NNE_00592
DN314,-2866.576,1239.31,VDD075NNE_00593
DN324,-2866.576,1055.494,VDD075NNE_00594
DN332,-2866.576,871.678,VDD075NNE_00595
DN34,-2866.576,7121.422,VDD075NNE_00561
DN342,-2866.576,687.862,VDD075NNE_00596
DN350,-2866.576,504.046,VDD075NNE_00597
DN360,-2866.576,320.23,VDD075NNE_00598
DN367,-2866.576,136.414,VDD075NNE_00599
DN374,-2866.576,-47.402,VDD075NNE_00600
DN381,-2866.576,-231.218,VDD075NNE_00601
DN389,-2866.576,-415.034,VDD075NNE_00602
DN396,-2866.576,-598.85,VDD075NNE_00603
DN404,-2866.576,-782.666,VDD075NNE_00604
DN411,-2866.576,-966.482,VDD075NNE_00605
DN418,-2866.576,-1150.298,VDD075NNE_00606
DN425,-2866.576,-1334.114,VDD075NNE_00607
DN43,-2866.576,6937.606,VDD075NNE_00562
DN433,-2866.576,-1517.93,VDD075NNE_00608
DN440,-2866.576,-1701.746,VDD075NNE_00609
DN448,-2866.576,-1885.562,VDD075NNE_00610
DN455,-2866.576,-2069.378,VDD075NNE_00611
DN52,-2866.576,6753.79,VDD075NNE_00563
DN60,-2866.576,6569.974,VDD075NNE_00564
DN69,-2866.576,6386.158,VDD075NNE_00565
DN78,-2866.576,6202.342,VDD075NNE_00566
DN87,-2866.576,6018.526,VDD075NNE_00567
DN9,-2866.576,7672.87,VDD075NNE_00558
DN96,-2866.576,5834.71,VDD075NNE_00568
DV105,-2682.76,5650.894,VDD075NNE_00624
DV114,-2682.76,5467.078,VDD075NNE_00625
DV122,-2682.76,5283.262,VDD075NNE_00626
DV131,-2682.76,5099.446,VDD075NNE_00627
DV140,-2682.76,4915.63,VDD075NNE_00628
DV149,-2682.76,4731.814,VDD075NNE_00629
DV158,-2682.76,4547.998,VDD075NNE_00630
DV16,-2682.76,7489.054,VDD075NNE_00614
DV167,-2682.76,4364.182,VDD075NNE_00631
DV176,-2682.76,4180.366,VDD075NNE_00632
DV184,-2682.76,3996.55,VDD075NNE_00633
DV192,-2682.76,3812.734,VDD075NNE_00634
DV2,-2682.76,7856.686,VDD075NNE_00612
DV200,-2682.76,3628.918,VDD075NNE_00635
DV209,-2682.76,3445.102,VDD075NNE_00636
DV218,-2682.76,3261.286,VDD075NNE_00637
DV227,-2682.76,3077.47,VDD075NNE_00638
DV236,-2682.76,2893.654,VDD075NNE_00639
DV244,-2682.76,2709.838,VDD075NNE_00640
DV25,-2682.76,7305.238,VDD075NNE_00615
DV253,-2682.76,2526.022,VDD075NNE_00641
DV262,-2682.76,2342.206,VDD075NNE_00642
DV271,-2682.76,2158.39,VDD075NNE_00643
DV280,-2682.76,1974.574,VDD075NNE_00644
DV289,-2682.76,1790.758,VDD075NNE_00645
DV297,-2682.76,1606.942,VDD075NNE_00646
DV306,-2682.76,1423.126,VDD075NNE_00647
DV314,-2682.76,1239.31,VDD075NNE_00648
DV324,-2682.76,1055.494,VDD075NNE_00649
DV332,-2682.76,871.678,VDD075NNE_00650
DV34,-2682.76,7121.422,VDD075NNE_00616
DV342,-2682.76,687.862,VDD075NNE_00651
DV350,-2682.76,504.046,VDD075NNE_00652
DV360,-2682.76,320.23,VDD075NNE_00653
DV367,-2682.76,136.414,VDD075NNE_00654
DV374,-2682.76,-47.402,VDD075NNE_00655
DV381,-2682.76,-231.218,VDD075NNE_00656
DV389,-2682.76,-415.034,VDD075NNE_00657
DV396,-2682.76,-598.85,VDD075NNE_00658
DV404,-2682.76,-782.666,VDD075NNE_00659
DV411,-2682.76,-966.482,VDD075NNE_00660
DV418,-2682.76,-1150.298,VDD075NNE_00661
DV425,-2682.76,-1334.114,VDD075NNE_00662
DV43,-2682.76,6937.606,VDD075NNE_00617
DV433,-2682.76,-1517.93,VDD075NNE_00663
DV440,-2682.76,-1701.746,VDD075NNE_00664
DV448,-2682.76,-1885.562,VDD075NNE_00665
DV455,-2682.76,-2069.378,VDD075NNE_00666
DV52,-2682.76,6753.79,VDD075NNE_00618
DV60,-2682.76,6569.974,VDD075NNE_00619
DV69,-2682.76,6386.158,VDD075NNE_00620
DV78,-2682.76,6202.342,VDD075NNE_00621
DV87,-2682.76,6018.526,VDD075NNE_00622
DV9,-2682.76,7672.87,VDD075NNE_00613
DV96,-2682.76,5834.71,VDD075NNE_00623
ED105,-2498.944,5650.894,VDD075NNE_00679
ED114,-2498.944,5467.078,VDD075NNE_00680
ED122,-2498.944,5283.262,VDD075NNE_00681
ED131,-2498.944,5099.446,VDD075NNE_00682
ED140,-2498.944,4915.63,VDD075NNE_00683
ED149,-2498.944,4731.814,VDD075NNE_00684
ED158,-2498.944,4547.998,VDD075NNE_00685
ED16,-2498.944,7489.054,VDD075NNE_00669
ED167,-2498.944,4364.182,VDD075NNE_00686
ED176,-2498.944,4180.366,VDD075NNE_00687
ED184,-2498.944,3996.55,VDD075NNE_00688
ED192,-2498.944,3812.734,VDD075NNE_00689
ED2,-2498.944,7856.686,VDD075NNE_00667
ED200,-2498.944,3628.918,VDD075NNE_00690
ED209,-2498.944,3445.102,VDD075NNE_00691
ED218,-2498.944,3261.286,VDD075NNE_00692
ED227,-2498.944,3077.47,VDD075NNE_00693
ED236,-2498.944,2893.654,VDD075NNE_00694
ED244,-2498.944,2709.838,VDD075NNE_00695
ED25,-2498.944,7305.238,VDD075NNE_00670
ED253,-2498.944,2526.022,VDD075NNE_00696
ED262,-2498.944,2342.206,VDD075NNE_00697
ED271,-2498.944,2158.39,VDD075NNE_00698
ED280,-2498.944,1974.574,VDD075NNE_00699
ED289,-2498.944,1790.758,VDD075NNE_00700
ED297,-2498.944,1606.942,VDD075NNE_00701
ED306,-2498.944,1423.126,VDD075NNE_00702
ED314,-2498.944,1239.31,VDD075NNE_00703
ED324,-2498.944,1055.494,VDD075NNE_00704
ED332,-2498.944,871.678,VDD075NNE_00705
ED34,-2498.944,7121.422,VDD075NNE_00671
ED342,-2498.944,687.862,VDD075NNE_00706
ED350,-2498.944,504.046,VDD075NNE_00707
ED360,-2498.944,320.23,VDD075NNE_00708
ED367,-2498.944,136.414,VDD075NNE_00709
ED374,-2498.944,-47.402,VDD075NNE_00710
ED381,-2498.944,-231.218,VDD075NNE_00711
ED389,-2498.944,-415.034,VDD075NNE_00712
ED396,-2498.944,-598.85,VDD075NNE_00713
ED404,-2498.944,-782.666,VDD075NNE_00714
ED411,-2498.944,-966.482,VDD075NNE_00715
ED418,-2498.944,-1150.298,VDD075NNE_00716
ED425,-2498.944,-1334.114,VDD075NNE_00717
ED43,-2498.944,6937.606,VDD075NNE_00672
ED433,-2498.944,-1517.93,VDD075NNE_00718
ED440,-2498.944,-1701.746,VDD075NNE_00719
ED448,-2498.944,-1885.562,VDD075NNE_00720
ED455,-2498.944,-2069.378,VDD075NNE_00721
ED52,-2498.944,6753.79,VDD075NNE_00673
ED60,-2498.944,6569.974,VDD075NNE_00674
ED69,-2498.944,6386.158,VDD075NNE_00675
ED78,-2498.944,6202.342,VDD075NNE_00676
ED87,-2498.944,6018.526,VDD075NNE_00677
ED9,-2498.944,7672.87,VDD075NNE_00668
ED96,-2498.944,5834.71,VDD075NNE_00678
EJ105,-2315.128,5650.894,VDD075NNE_00734
EJ114,-2315.128,5467.078,VDD075NNE_00735
EJ122,-2315.128,5283.262,VDD075NNE_00736
EJ131,-2315.128,5099.446,VDD075NNE_00737
EJ140,-2315.128,4915.63,VDD075NNE_00738
EJ149,-2315.128,4731.814,VDD075NNE_00739
EJ158,-2315.128,4547.998,VDD075NNE_00740
EJ16,-2315.128,7489.054,VDD075NNE_00724
EJ167,-2315.128,4364.182,VDD075NNE_00741
EJ176,-2315.128,4180.366,VDD075NNE_00742
EJ184,-2315.128,3996.55,VDD075NNE_00743
EJ192,-2315.128,3812.734,VDD075NNE_00744
EJ2,-2315.128,7856.686,VDD075NNE_00722
EJ200,-2315.128,3628.918,VDD075NNE_00745
EJ209,-2315.128,3445.102,VDD075NNE_00746
EJ218,-2315.128,3261.286,VDD075NNE_00747
EJ227,-2315.128,3077.47,VDD075NNE_00748
EJ236,-2315.128,2893.654,VDD075NNE_00749
EJ244,-2315.128,2709.838,VDD075NNE_00750
EJ25,-2315.128,7305.238,VDD075NNE_00725
EJ253,-2315.128,2526.022,VDD075NNE_00751
EJ262,-2315.128,2342.206,VDD075NNE_00752
EJ271,-2315.128,2158.39,VDD075NNE_00753
EJ280,-2315.128,1974.574,VDD075NNE_00754
EJ289,-2315.128,1790.758,VDD075NNE_00755
EJ297,-2315.128,1606.942,VDD075NNE_00756
EJ306,-2315.128,1423.126,VDD075NNE_00757
EJ314,-2315.128,1239.31,VDD075NNE_00758
EJ324,-2315.128,1055.494,VDD075NNE_00759
EJ332,-2315.128,871.678,VDD075NNE_00760
EJ34,-2315.128,7121.422,VDD075NNE_00726
EJ342,-2315.128,687.862,VDD075NNE_00761
EJ350,-2315.128,504.046,VDD075NNE_00762
EJ360,-2315.128,320.23,VDD075NNE_00763
EJ367,-2315.128,136.414,VDD075NNE_00764
EJ374,-2315.128,-47.402,VDD075NNE_00765
EJ381,-2315.128,-231.218,VDD075NNE_00766
EJ389,-2315.128,-415.034,VDD075NNE_00767
EJ396,-2315.128,-598.85,VDD075NNE_00768
EJ404,-2315.128,-782.666,VDD075NNE_00769
EJ411,-2315.128,-966.482,VDD075NNE_00770
EJ418,-2315.128,-1150.298,VDD075NNE_00771
EJ425,-2315.128,-1334.114,VDD075NNE_00772
EJ43,-2315.128,6937.606,VDD075NNE_00727
EJ433,-2315.128,-1517.93,VDD075NNE_00773
EJ440,-2315.128,-1701.746,VDD075NNE_00774
EJ448,-2315.128,-1885.562,VDD075NNE_00775
EJ455,-2315.128,-2069.378,VDD075NNE_00776
EJ52,-2315.128,6753.79,VDD075NNE_00728
EJ60,-2315.128,6569.974,VDD075NNE_00729
EJ69,-2315.128,6386.158,VDD075NNE_00730
EJ78,-2315.128,6202.342,VDD075NNE_00731
EJ87,-2315.128,6018.526,VDD075NNE_00732
EJ9,-2315.128,7672.87,VDD075NNE_00723
EJ96,-2315.128,5834.71,VDD075NNE_00733
ER105,-2131.312,5650.894,VDD075NNE_00789
ER114,-2131.312,5467.078,VDD075NNE_00790
ER122,-2131.312,5283.262,VDD075NNE_00791
ER131,-2131.312,5099.446,VDD075NNE_00792
ER140,-2131.312,4915.63,VDD075NNE_00793
ER149,-2131.312,4731.814,VDD075NNE_00794
ER158,-2131.312,4547.998,VDD075NNE_00795
ER16,-2131.312,7489.054,VDD075NNE_00779
ER167,-2131.312,4364.182,VDD075NNE_00796
ER176,-2131.312,4180.366,VDD075NNE_00797
ER184,-2131.312,3996.55,VDD075NNE_00798
ER192,-2131.312,3812.734,VDD075NNE_00799
ER2,-2131.312,7856.686,VDD075NNE_00777
ER200,-2131.312,3628.918,VDD075NNE_00800
ER209,-2131.312,3445.102,VDD075NNE_00801
ER218,-2131.312,3261.286,VDD075NNE_00802
ER227,-2131.312,3077.47,VDD075NNE_00803
ER236,-2131.312,2893.654,VDD075NNE_00804
ER244,-2131.312,2709.838,VDD075NNE_00805
ER25,-2131.312,7305.238,VDD075NNE_00780
ER253,-2131.312,2526.022,VDD075NNE_00806
ER262,-2131.312,2342.206,VDD075NNE_00807
ER271,-2131.312,2158.39,VDD075NNE_00808
ER280,-2131.312,1974.574,VDD075NNE_00809
ER289,-2131.312,1790.758,VDD075NNE_00810
ER297,-2131.312,1606.942,VDD075NNE_00811
ER306,-2131.312,1423.126,VDD075NNE_00812
ER314,-2131.312,1239.31,VDD075NNE_00813
ER324,-2131.312,1055.494,VDD075NNE_00814
ER332,-2131.312,871.678,VDD075NNE_00815
ER34,-2131.312,7121.422,VDD075NNE_00781
ER342,-2131.312,687.862,VDD075NNE_00816
ER350,-2131.312,504.046,VDD075NNE_00817
ER360,-2131.312,320.23,VDD075NNE_00818
ER367,-2131.312,136.414,VDD075NNE_00819
ER374,-2131.312,-47.402,VDD075NNE_00820
ER381,-2131.312,-231.218,VDD075NNE_00821
ER389,-2131.312,-415.034,VDD075NNE_00822
ER396,-2131.312,-598.85,VDD075NNE_00823
ER404,-2131.312,-782.666,VDD075NNE_00824
ER411,-2131.312,-966.482,VDD075NNE_00825
ER418,-2131.312,-1150.298,VDD075NNE_00826
ER425,-2131.312,-1334.114,VDD075NNE_00827
ER43,-2131.312,6937.606,VDD075NNE_00782
ER433,-2131.312,-1517.93,VDD075NNE_00828
ER440,-2131.312,-1701.746,VDD075NNE_00829
ER448,-2131.312,-1885.562,VDD075NNE_00830
ER455,-2131.312,-2069.378,VDD075NNE_00831
ER52,-2131.312,6753.79,VDD075NNE_00783
ER60,-2131.312,6569.974,VDD075NNE_00784
ER69,-2131.312,6386.158,VDD075NNE_00785
ER78,-2131.312,6202.342,VDD075NNE_00786
ER87,-2131.312,6018.526,VDD075NNE_00787
ER9,-2131.312,7672.87,VDD075NNE_00778
ER96,-2131.312,5834.71,VDD075NNE_00788
FA105,-1947.496,5650.894,VDD075NNE_00844
FA114,-1947.496,5467.078,VDD075NNE_00845
FA122,-1947.496,5283.262,VDD075NNE_00846
FA131,-1947.496,5099.446,VDD075NNE_00847
FA140,-1947.496,4915.63,VDD075NNE_00848
FA149,-1947.496,4731.814,VDD075NNE_00849
FA158,-1947.496,4547.998,VDD075NNE_00850
FA16,-1947.496,7489.054,VDD075NNE_00834
FA167,-1947.496,4364.182,VDD075NNE_00851
FA176,-1947.496,4180.366,VDD075NNE_00852
FA184,-1947.496,3996.55,VDD075NNE_00853
FA192,-1947.496,3812.734,VDD075NNE_00854
FA2,-1947.496,7856.686,VDD075NNE_00832
FA200,-1947.496,3628.918,VDD075NNE_00855
FA209,-1947.496,3445.102,VDD075NNE_00856
FA218,-1947.496,3261.286,VDD075NNE_00857
FA227,-1947.496,3077.47,VDD075NNE_00858
FA236,-1947.496,2893.654,VDD075NNE_00859
FA244,-1947.496,2709.838,VDD075NNE_00860
FA25,-1947.496,7305.238,VDD075NNE_00835
FA253,-1947.496,2526.022,VDD075NNE_00861
FA262,-1947.496,2342.206,VDD075NNE_00862
FA271,-1947.496,2158.39,VDD075NNE_00863
FA280,-1947.496,1974.574,VDD075NNE_00864
FA289,-1947.496,1790.758,VDD075NNE_00865
FA297,-1947.496,1606.942,VDD075NNE_00866
FA306,-1947.496,1423.126,VDD075NNE_00867
FA314,-1947.496,1239.31,VDD075NNE_00868
FA324,-1947.496,1055.494,VDD075NNE_00869
FA332,-1947.496,871.678,VDD075NNE_00870
FA34,-1947.496,7121.422,VDD075NNE_00836
FA342,-1947.496,687.862,VDD075NNE_00871
FA350,-1947.496,504.046,VDD075NNE_00872
FA360,-1947.496,320.23,VDD075NNE_00873
FA367,-1947.496,136.414,VDD075NNE_00874
FA374,-1947.496,-47.402,VDD075NNE_00875
FA381,-1947.496,-231.218,VDD075NNE_00876
FA389,-1947.496,-415.034,VDD075NNE_00877
FA396,-1947.496,-598.85,VDD075NNE_00878
FA404,-1947.496,-782.666,VDD075NNE_00879
FA411,-1947.496,-966.482,VDD075NNE_00880
FA418,-1947.496,-1150.298,VDD075NNE_00881
FA425,-1947.496,-1334.114,VDD075NNE_00882
FA43,-1947.496,6937.606,VDD075NNE_00837
FA433,-1947.496,-1517.93,VDD075NNE_00883
FA440,-1947.496,-1701.746,VDD075NNE_00884
FA448,-1947.496,-1885.562,VDD075NNE_00885
FA455,-1947.496,-2069.378,VDD075NNE_00886
FA52,-1947.496,6753.79,VDD075NNE_00838
FA60,-1947.496,6569.974,VDD075NNE_00839
FA69,-1947.496,6386.158,VDD075NNE_00840
FA78,-1947.496,6202.342,VDD075NNE_00841
FA87,-1947.496,6018.526,VDD075NNE_00842
FA9,-1947.496,7672.87,VDD075NNE_00833
FA96,-1947.496,5834.71,VDD075NNE_00843
FG105,-1763.68,5650.894,VDD075NNE_00899
FG114,-1763.68,5467.078,VDD075NNE_00900
FG122,-1763.68,5283.262,VDD075NNE_00901
FG131,-1763.68,5099.446,VDD075NNE_00902
FG140,-1763.68,4915.63,VDD075NNE_00903
FG149,-1763.68,4731.814,VDD075NNE_00904
FG158,-1763.68,4547.998,VDD075NNE_00905
FG16,-1763.68,7489.054,VDD075NNE_00889
FG167,-1763.68,4364.182,VDD075NNE_00906
FG176,-1763.68,4180.366,VDD075NNE_00907
FG184,-1763.68,3996.55,VDD075NNE_00908
FG192,-1763.68,3812.734,VDD075NNE_00909
FG2,-1763.68,7856.686,VDD075NNE_00887
FG200,-1763.68,3628.918,VDD075NNE_00910
FG209,-1763.68,3445.102,VDD075NNE_00911
FG218,-1763.68,3261.286,VDD075NNE_00912
FG227,-1763.68,3077.47,VDD075NNE_00913
FG236,-1763.68,2893.654,VDD075NNE_00914
FG244,-1763.68,2709.838,VDD075NNE_00915
FG25,-1763.68,7305.238,VDD075NNE_00890
FG253,-1763.68,2526.022,VDD075NNE_00916
FG262,-1763.68,2342.206,VDD075NNE_00917
FG271,-1763.68,2158.39,VDD075NNE_00918
FG280,-1763.68,1974.574,VDD075NNE_00919
FG289,-1763.68,1790.758,VDD075NNE_00920
FG297,-1763.68,1606.942,VDD075NNE_00921
FG306,-1763.68,1423.126,VDD075NNE_00922
FG314,-1763.68,1239.31,VDD075NNE_00923
FG324,-1763.68,1055.494,VDD075NNE_00924
FG332,-1763.68,871.678,VDD075NNE_00925
FG34,-1763.68,7121.422,VDD075NNE_00891
FG342,-1763.68,687.862,VDD075NNE_00926
FG350,-1763.68,504.046,VDD075NNE_00927
FG360,-1763.68,320.23,VDD075NNE_00928
FG367,-1763.68,136.414,VDD075NNE_00929
FG374,-1763.68,-47.402,VDD075NNE_00930
FG381,-1763.68,-231.218,VDD075NNE_00931
FG389,-1763.68,-415.034,VDD075NNE_00932
FG396,-1763.68,-598.85,VDD075NNE_00933
FG404,-1763.68,-782.666,VDD075NNE_00934
FG411,-1763.68,-966.482,VDD075NNE_00935
FG418,-1763.68,-1150.298,VDD075NNE_00936
FG425,-1763.68,-1334.114,VDD075NNE_00937
FG43,-1763.68,6937.606,VDD075NNE_00892
FG433,-1763.68,-1517.93,VDD075NNE_00938
FG440,-1763.68,-1701.746,VDD075NNE_00939
FG448,-1763.68,-1885.562,VDD075NNE_00940
FG455,-1763.68,-2069.378,VDD075NNE_00941
FG52,-1763.68,6753.79,VDD075NNE_00893
FG60,-1763.68,6569.974,VDD075NNE_00894
FG69,-1763.68,6386.158,VDD075NNE_00895
FG78,-1763.68,6202.342,VDD075NNE_00896
FG87,-1763.68,6018.526,VDD075NNE_00897
FG9,-1763.68,7672.87,VDD075NNE_00888
FG96,-1763.68,5834.71,VDD075NNE_00898
FM105,-1579.864,5650.894,VDD075NNE_00954
FM114,-1579.864,5467.078,VDD075NNE_00955
FM122,-1579.864,5283.262,VDD075NNE_00956
FM131,-1579.864,5099.446,VDD075NNE_00957
FM140,-1579.864,4915.63,VDD075NNE_00958
FM149,-1579.864,4731.814,VDD075NNE_00959
FM158,-1579.864,4547.998,VDD075NNE_00960
FM16,-1579.864,7489.054,VDD075NNE_00944
FM167,-1579.864,4364.182,VDD075NNE_00961
FM176,-1579.864,4180.366,VDD075NNE_00962
FM184,-1579.864,3996.55,VDD075NNE_00963
FM192,-1579.864,3812.734,VDD075NNE_00964
FM2,-1579.864,7856.686,VDD075NNE_00942
FM200,-1579.864,3628.918,VDD075NNE_00965
FM209,-1579.864,3445.102,VDD075NNE_00966
FM218,-1579.864,3261.286,VDD075NNE_00967
FM227,-1579.864,3077.47,VDD075NNE_00968
FM236,-1579.864,2893.654,VDD075NNE_00969
FM244,-1579.864,2709.838,VDD075NNE_00970
FM25,-1579.864,7305.238,VDD075NNE_00945
FM253,-1579.864,2526.022,VDD075NNE_00971
FM262,-1579.864,2342.206,VDD075NNE_00972
FM271,-1579.864,2158.39,VDD075NNE_00973
FM280,-1579.864,1974.574,VDD075NNE_00974
FM289,-1579.864,1790.758,VDD075NNE_00975
FM297,-1579.864,1606.942,VDD075NNE_00976
FM306,-1579.864,1423.126,VDD075NNE_00977
FM314,-1579.864,1239.31,VDD075NNE_00978
FM324,-1579.864,1055.494,VDD075NNE_00979
FM332,-1579.864,871.678,VDD075NNE_00980
FM34,-1579.864,7121.422,VDD075NNE_00946
FM342,-1579.864,687.862,VDD075NNE_00981
FM350,-1579.864,504.046,VDD075NNE_00982
FM360,-1579.864,320.23,VDD075NNE_00983
FM367,-1579.864,136.414,VDD075NNE_00984
FM374,-1579.864,-47.402,VDD075NNE_00985
FM381,-1579.864,-231.218,VDD075NNE_00986
FM389,-1579.864,-415.034,VDD075NNE_00987
FM396,-1579.864,-598.85,VDD075NNE_00988
FM404,-1579.864,-782.666,VDD075NNE_00989
FM411,-1579.864,-966.482,VDD075NNE_00990
FM418,-1579.864,-1150.298,VDD075NNE_00991
FM425,-1579.864,-1334.114,VDD075NNE_00992
FM43,-1579.864,6937.606,VDD075NNE_00947
FM433,-1579.864,-1517.93,VDD075NNE_00993
FM440,-1579.864,-1701.746,VDD075NNE_00994
FM448,-1579.864,-1885.562,VDD075NNE_00995
FM455,-1579.864,-2069.378,VDD075NNE_00996
FM52,-1579.864,6753.79,VDD075NNE_00948
FM60,-1579.864,6569.974,VDD075NNE_00949
FM69,-1579.864,6386.158,VDD075NNE_00950
FM78,-1579.864,6202.342,VDD075NNE_00951
FM87,-1579.864,6018.526,VDD075NNE_00952
FM9,-1579.864,7672.87,VDD075NNE_00943
FM96,-1579.864,5834.71,VDD075NNE_00953
FU105,-1396.048,5650.894,VDD075NNE_01009
FU114,-1396.048,5467.078,VDD075NNE_01010
FU122,-1396.048,5283.262,VDD075NNE_01011
FU131,-1396.048,5099.446,VDD075NNE_01012
FU140,-1396.048,4915.63,VDD075NNE_01013
FU149,-1396.048,4731.814,VDD075NNE_01014
FU158,-1396.048,4547.998,VDD075NNE_01015
FU16,-1396.048,7489.054,VDD075NNE_00999
FU167,-1396.048,4364.182,VDD075NNE_01016
FU176,-1396.048,4180.366,VDD075NNE_01017
FU184,-1396.048,3996.55,VDD075NNE_01018
FU192,-1396.048,3812.734,VDD075NNE_01019
FU2,-1396.048,7856.686,VDD075NNE_00997
FU200,-1396.048,3628.918,VDD075NNE_01020
FU209,-1396.048,3445.102,VDD075NNE_01021
FU218,-1396.048,3261.286,VDD075NNE_01022
FU227,-1396.048,3077.47,VDD075NNE_01023
FU236,-1396.048,2893.654,VDD075NNE_01024
FU244,-1396.048,2709.838,VDD075NNE_01025
FU25,-1396.048,7305.238,VDD075NNE_01000
FU253,-1396.048,2526.022,VDD075NNE_01026
FU262,-1396.048,2342.206,VDD075NNE_01027
FU271,-1396.048,2158.39,VDD075NNE_01028
FU280,-1396.048,1974.574,VDD075NNE_01029
FU289,-1396.048,1790.758,VDD075NNE_01030
FU297,-1396.048,1606.942,VDD075NNE_01031
FU306,-1396.048,1423.126,VDD075NNE_01032
FU314,-1396.048,1239.31,VDD075NNE_01033
FU324,-1396.048,1055.494,VDD075NNE_01034
FU332,-1396.048,871.678,VDD075NNE_01035
FU34,-1396.048,7121.422,VDD075NNE_01001
FU342,-1396.048,687.862,VDD075NNE_01036
FU350,-1396.048,504.046,VDD075NNE_01037
FU360,-1396.048,320.23,VDD075NNE_01038
FU367,-1396.048,136.414,VDD075NNE_01039
FU374,-1396.048,-47.402,VDD075NNE_01040
FU381,-1396.048,-231.218,VDD075NNE_01041
FU389,-1396.048,-415.034,VDD075NNE_01042
FU396,-1396.048,-598.85,VDD075NNE_01043
FU404,-1396.048,-782.666,VDD075NNE_01044
FU411,-1396.048,-966.482,VDD075NNE_01045
FU418,-1396.048,-1150.298,VDD075NNE_01046
FU425,-1396.048,-1334.114,VDD075NNE_01047
FU43,-1396.048,6937.606,VDD075NNE_01002
FU433,-1396.048,-1517.93,VDD075NNE_01048
FU440,-1396.048,-1701.746,VDD075NNE_01049
FU448,-1396.048,-1885.562,VDD075NNE_01050
FU455,-1396.048,-2069.378,VDD075NNE_01051
FU52,-1396.048,6753.79,VDD075NNE_01003
FU60,-1396.048,6569.974,VDD075NNE_01004
FU69,-1396.048,6386.158,VDD075NNE_01005
FU78,-1396.048,6202.342,VDD075NNE_01006
FU87,-1396.048,6018.526,VDD075NNE_01007
FU9,-1396.048,7672.87,VDD075NNE_00998
FU96,-1396.048,5834.71,VDD075NNE_01008
GC105,-1212.232,5650.894,VDD075NNE_01064
GC114,-1212.232,5467.078,VDD075NNE_01065
GC122,-1212.232,5283.262,VDD075NNE_01066
GC131,-1212.232,5099.446,VDD075NNE_01067
GC140,-1212.232,4915.63,VDD075NNE_01068
GC149,-1212.232,4731.814,VDD075NNE_01069
GC158,-1212.232,4547.998,VDD075NNE_01070
GC16,-1212.232,7489.054,VDD075NNE_01054
GC167,-1212.232,4364.182,VDD075NNE_01071
GC176,-1212.232,4180.366,VDD075NNE_01072
GC184,-1212.232,3996.55,VDD075NNE_01073
GC192,-1212.232,3812.734,VDD075NNE_01074
GC2,-1212.232,7856.686,VDD075NNE_01052
GC200,-1212.232,3628.918,VDD075NNE_01075
GC209,-1212.232,3445.102,VDD075NNE_01076
GC218,-1212.232,3261.286,VDD075NNE_01077
GC227,-1212.232,3077.47,VDD075NNE_01078
GC236,-1212.232,2893.654,VDD075NNE_01079
GC244,-1212.232,2709.838,VDD075NNE_01080
GC25,-1212.232,7305.238,VDD075NNE_01055
GC253,-1212.232,2526.022,VDD075NNE_01081
GC262,-1212.232,2342.206,VDD075NNE_01082
GC271,-1212.232,2158.39,VDD075NNE_01083
GC280,-1212.232,1974.574,VDD075NNE_01084
GC289,-1212.232,1790.758,VDD075NNE_01085
GC297,-1212.232,1606.942,VDD075NNE_01086
GC306,-1212.232,1423.126,VDD075NNE_01087
GC314,-1212.232,1239.31,VDD075NNE_01088
GC324,-1212.232,1055.494,VDD075NNE_01089
GC332,-1212.232,871.678,VDD075NNE_01090
GC34,-1212.232,7121.422,VDD075NNE_01056
GC342,-1212.232,687.862,VDD075NNE_01091
GC350,-1212.232,504.046,VDD075NNE_01092
GC360,-1212.232,320.23,VDD075NNE_01093
GC367,-1212.232,136.414,VDD075NNE_01094
GC374,-1212.232,-47.402,VDD075NNE_01095
GC381,-1212.232,-231.218,VDD075NNE_01096
GC389,-1212.232,-415.034,VDD075NNE_01097
GC396,-1212.232,-598.85,VDD075NNE_01098
GC404,-1212.232,-782.666,VDD075NNE_01099
GC411,-1212.232,-966.482,VDD075NNE_01100
GC418,-1212.232,-1150.298,VDD075NNE_01101
GC425,-1212.232,-1334.114,VDD075NNE_01102
GC43,-1212.232,6937.606,VDD075NNE_01057
GC433,-1212.232,-1517.93,VDD075NNE_01103
GC440,-1212.232,-1701.746,VDD075NNE_01104
GC448,-1212.232,-1885.562,VDD075NNE_01105
GC455,-1212.232,-2069.378,VDD075NNE_01106
GC52,-1212.232,6753.79,VDD075NNE_01058
GC60,-1212.232,6569.974,VDD075NNE_01059
GC69,-1212.232,6386.158,VDD075NNE_01060
GC78,-1212.232,6202.342,VDD075NNE_01061
GC87,-1212.232,6018.526,VDD075NNE_01062
GC9,-1212.232,7672.87,VDD075NNE_01053
GC96,-1212.232,5834.71,VDD075NNE_01063
GJ105,-1028.416,5650.894,VDD075NNE_01119
GJ114,-1028.416,5467.078,VDD075NNE_01120
GJ122,-1028.416,5283.262,VDD075NNE_01121
GJ131,-1028.416,5099.446,VDD075NNE_01122
GJ140,-1028.416,4915.63,VDD075NNE_01123
GJ149,-1028.416,4731.814,VDD075NNE_01124
GJ158,-1028.416,4547.998,VDD075NNE_01125
GJ16,-1028.416,7489.054,VDD075NNE_01109
GJ167,-1028.416,4364.182,VDD075NNE_01126
GJ176,-1028.416,4180.366,VDD075NNE_01127
GJ184,-1028.416,3996.55,VDD075NNE_01128
GJ192,-1028.416,3812.734,VDD075NNE_01129
GJ2,-1028.416,7856.686,VDD075NNE_01107
GJ200,-1028.416,3628.918,VDD075NNE_01130
GJ209,-1028.416,3445.102,VDD075NNE_01131
GJ218,-1028.416,3261.286,VDD075NNE_01132
GJ227,-1028.416,3077.47,VDD075NNE_01133
GJ236,-1028.416,2893.654,VDD075NNE_01134
GJ244,-1028.416,2709.838,VDD075NNE_01135
GJ25,-1028.416,7305.238,VDD075NNE_01110
GJ253,-1028.416,2526.022,VDD075NNE_01136
GJ262,-1028.416,2342.206,VDD075NNE_01137
GJ271,-1028.416,2158.39,VDD075NNE_01138
GJ280,-1028.416,1974.574,VDD075NNE_01139
GJ289,-1028.416,1790.758,VDD075NNE_01140
GJ297,-1028.416,1606.942,VDD075NNE_01141
GJ306,-1028.416,1423.126,VDD075NNE_01142
GJ314,-1028.416,1239.31,VDD075NNE_01143
GJ324,-1028.416,1055.494,VDD075NNE_01144
GJ332,-1028.416,871.678,VDD075NNE_01145
GJ34,-1028.416,7121.422,VDD075NNE_01111
GJ342,-1028.416,687.862,VDD075NNE_01146
GJ350,-1028.416,504.046,VDD075NNE_01147
GJ360,-1028.416,320.23,VDD075NNE_01148
GJ367,-1028.416,136.414,VDD075NNE_01149
GJ374,-1028.416,-47.402,VDD075NNE_01150
GJ381,-1028.416,-231.218,VDD075NNE_01151
GJ389,-1028.416,-415.034,VDD075NNE_01152
GJ396,-1028.416,-598.85,VDD075NNE_01153
GJ404,-1028.416,-782.666,VDD075NNE_01154
GJ411,-1028.416,-966.482,VDD075NNE_01155
GJ418,-1028.416,-1150.298,VDD075NNE_01156
GJ425,-1028.416,-1334.114,VDD075NNE_01157
GJ43,-1028.416,6937.606,VDD075NNE_01112
GJ433,-1028.416,-1517.93,VDD075NNE_01158
GJ440,-1028.416,-1701.746,VDD075NNE_01159
GJ448,-1028.416,-1885.562,VDD075NNE_01160
GJ455,-1028.416,-2069.378,VDD075NNE_01161
GJ52,-1028.416,6753.79,VDD075NNE_01113
GJ60,-1028.416,6569.974,VDD075NNE_01114
GJ69,-1028.416,6386.158,VDD075NNE_01115
GJ78,-1028.416,6202.342,VDD075NNE_01116
GJ87,-1028.416,6018.526,VDD075NNE_01117
GJ9,-1028.416,7672.87,VDD075NNE_01108
GJ96,-1028.416,5834.71,VDD075NNE_01118
GP105,-844.6004,5650.894,VDD075NNE_01174
GP114,-844.6004,5467.078,VDD075NNE_01175
GP122,-844.6004,5283.262,VDD075NNE_01176
GP131,-844.6004,5099.446,VDD075NNE_01177
GP140,-844.6004,4915.63,VDD075NNE_01178
GP149,-844.6004,4731.814,VDD075NNE_01179
GP158,-844.6004,4547.998,VDD075NNE_01180
GP16,-844.6004,7489.054,VDD075NNE_01164
GP167,-844.6004,4364.182,VDD075NNE_01181
GP176,-844.6004,4180.366,VDD075NNE_01182
GP184,-844.6004,3996.55,VDD075NNE_01183
GP192,-844.6004,3812.734,VDD075NNE_01184
GP2,-844.6004,7856.686,VDD075NNE_01162
GP200,-844.6004,3628.918,VDD075NNE_01185
GP209,-844.6004,3445.102,VDD075NNE_01186
GP218,-844.6004,3261.286,VDD075NNE_01187
GP227,-844.6004,3077.47,VDD075NNE_01188
GP236,-844.6004,2893.654,VDD075NNE_01189
GP244,-844.6004,2709.838,VDD075NNE_01190
GP25,-844.6004,7305.238,VDD075NNE_01165
GP253,-844.6004,2526.022,VDD075NNE_01191
GP262,-844.6004,2342.206,VDD075NNE_01192
GP271,-844.6004,2158.39,VDD075NNE_01193
GP280,-844.6004,1974.574,VDD075NNE_01194
GP289,-844.6004,1790.758,VDD075NNE_01195
GP297,-844.6004,1606.942,VDD075NNE_01196
GP306,-844.6004,1423.126,VDD075NNE_01197
GP314,-844.6004,1239.31,VDD075NNE_01198
GP324,-844.6004,1055.494,VDD075NNE_01199
GP332,-844.6004,871.678,VDD075NNE_01200
GP34,-844.6004,7121.422,VDD075NNE_01166
GP342,-844.6004,687.862,VDD075NNE_01201
GP350,-844.6004,504.046,VDD075NNE_01202
GP360,-844.6004,320.23,VDD075NNE_01203
GP367,-844.6004,136.414,VDD075NNE_01204
GP374,-844.6004,-47.402,VDD075NNE_01205
GP381,-844.6004,-231.218,VDD075NNE_01206
GP389,-844.6004,-415.034,VDD075NNE_01207
GP396,-844.6004,-598.85,VDD075NNE_01208
GP404,-844.6004,-782.666,VDD075NNE_01209
GP411,-844.6004,-966.482,VDD075NNE_01210
GP418,-844.6004,-1150.298,VDD075NNE_01211
GP425,-844.6004,-1334.114,VDD075NNE_01212
GP43,-844.6004,6937.606,VDD075NNE_01167
GP433,-844.6004,-1517.93,VDD075NNE_01213
GP440,-844.6004,-1701.746,VDD075NNE_01214
GP448,-844.6004,-1885.562,VDD075NNE_01215
GP455,-844.6004,-2069.378,VDD075NNE_01216
GP52,-844.6004,6753.79,VDD075NNE_01168
GP60,-844.6004,6569.974,VDD075NNE_01169
GP69,-844.6004,6386.158,VDD075NNE_01170
GP78,-844.6004,6202.342,VDD075NNE_01171
GP87,-844.6004,6018.526,VDD075NNE_01172
GP9,-844.6004,7672.87,VDD075NNE_01163
GP96,-844.6004,5834.71,VDD075NNE_01173
GY105,-660.7844,5650.894,VDD075NNE_01229
GY114,-660.7844,5467.078,VDD075NNE_01230
GY122,-660.7844,5283.262,VDD075NNE_01231
GY131,-660.7844,5099.446,VDD075NNE_01232
GY140,-660.7844,4915.63,VDD075NNE_01233
GY149,-660.7844,4731.814,VDD075NNE_01234
GY158,-660.7844,4547.998,VDD075NNE_01235
GY16,-660.7844,7489.054,VDD075NNE_01219
GY167,-660.7844,4364.182,VDD075NNE_01236
GY176,-660.7844,4180.366,VDD075NNE_01237
GY184,-660.7844,3996.55,VDD075NNE_01238
GY192,-660.7844,3812.734,VDD075NNE_01239
GY2,-660.7844,7856.686,VDD075NNE_01217
GY200,-660.7844,3628.918,VDD075NNE_01240
GY209,-660.7844,3445.102,VDD075NNE_01241
GY218,-660.7844,3261.286,VDD075NNE_01242
GY227,-660.7844,3077.47,VDD075NNE_01243
GY236,-660.7844,2893.654,VDD075NNE_01244
GY244,-660.7844,2709.838,VDD075NNE_01245
GY25,-660.7844,7305.238,VDD075NNE_01220
GY253,-660.7844,2526.022,VDD075NNE_01246
GY262,-660.7844,2342.206,VDD075NNE_01247
GY271,-660.7844,2158.39,VDD075NNE_01248
GY280,-660.7844,1974.574,VDD075NNE_01249
GY289,-660.7844,1790.758,VDD075NNE_01250
GY297,-660.7844,1606.942,VDD075NNE_01251
GY306,-660.7844,1423.126,VDD075NNE_01252
GY314,-660.7844,1239.31,VDD075NNE_01253
GY324,-660.7844,1055.494,VDD075NNE_01254
GY332,-660.7844,871.678,VDD075NNE_01255
GY34,-660.7844,7121.422,VDD075NNE_01221
GY342,-660.7844,687.862,VDD075NNE_01256
GY350,-660.7844,504.046,VDD075NNE_01257
GY360,-660.7844,320.23,VDD075NNE_01258
GY367,-660.7844,136.414,VDD075NNE_01259
GY374,-660.7844,-47.402,VDD075NNE_01260
GY381,-660.7844,-231.218,VDD075NNE_01261
GY389,-660.7844,-415.034,VDD075NNE_01262
GY396,-660.7844,-598.85,VDD075NNE_01263
GY404,-660.7844,-782.666,VDD075NNE_01264
GY411,-660.7844,-966.482,VDD075NNE_01265
GY418,-660.7844,-1150.298,VDD075NNE_01266
GY425,-660.7844,-1334.114,VDD075NNE_01267
GY43,-660.7844,6937.606,VDD075NNE_01222
GY433,-660.7844,-1517.93,VDD075NNE_01268
GY440,-660.7844,-1701.746,VDD075NNE_01269
GY448,-660.7844,-1885.562,VDD075NNE_01270
GY455,-660.7844,-2069.378,VDD075NNE_01271
GY52,-660.7844,6753.79,VDD075NNE_01223
GY60,-660.7844,6569.974,VDD075NNE_01224
GY69,-660.7844,6386.158,VDD075NNE_01225
GY78,-660.7844,6202.342,VDD075NNE_01226
GY87,-660.7844,6018.526,VDD075NNE_01227
GY9,-660.7844,7672.87,VDD075NNE_01218
GY96,-660.7844,5834.71,VDD075NNE_01228
HG105,-476.9684,5650.894,VDD075NNE_01283
HG114,-476.9684,5467.078,VDD075NNE_01284
HG122,-476.9684,5283.262,VDD075NNE_01285
HG131,-476.9684,5099.446,VDD075NNE_01286
HG140,-476.9684,4915.63,VDD075NNE_01287
HG149,-476.9684,4731.814,VDD075NNE_01288
HG158,-476.9684,4547.998,VDD075NNE_01289
HG16,-476.9684,7489.054,VDD075NNE_01274
HG167,-476.9684,4364.182,VDD075NNE_01290
HG176,-476.9684,4180.366,VDD075NNE_01291
HG184,-476.9684,3996.55,VDD075NNE_01292
HG192,-476.9684,3812.734,VDD075NNE_01293
HG2,-476.9684,7856.686,VDD075NNE_01272
HG200,-476.9684,3628.918,VDD075NNE_01294
HG209,-476.9684,3445.102,VDD075NNE_01295
HG218,-476.9684,3261.286,VDD075NNE_01296
HG227,-476.9684,3077.47,VDD075NNE_01297
HG236,-476.9684,2893.654,VDD075NNE_01298
HG244,-476.9684,2709.838,VDD075NNE_01299
HG25,-476.9684,7305.238,VDD075NNE_01275
HG253,-476.9684,2526.022,VDD075NNE_01300
HG262,-476.9684,2342.206,VDD075NNE_01301
HG271,-476.9684,2158.39,VDD075NNE_01302
HG289,-476.9684,1790.758,VDD075NNE_01303
HG297,-476.9684,1606.942,VDD075NNE_01304
HG306,-476.9684,1423.126,VDD075NNE_01305
HG314,-476.9684,1239.31,VDD075NNE_01306
HG324,-476.9684,1055.494,VDD075NNE_01307
HG332,-476.9684,871.678,VDD075NNE_01308
HG34,-476.9684,7121.422,VDD075NNE_01276
HG342,-476.9684,687.862,VDD075NNE_01309
HG350,-476.9684,504.046,VDD075NNE_01310
HG360,-476.9684,320.23,VDD075NNE_01311
HG367,-476.9684,136.414,VDD075NNE_01312
HG374,-476.9684,-47.402,VDD075NNE_01313
HG381,-476.9684,-231.218,VDD075NNE_01314
HG389,-476.9684,-415.034,VDD075NNE_01315
HG396,-476.9684,-598.85,VDD075NNE_01316
HG404,-476.9684,-782.666,VDD075NNE_01317
HG411,-476.9684,-966.482,VDD075NNE_01318
HG418,-476.9684,-1150.298,VDD075NNE_01319
HG43,-476.9684,6937.606,VDD075NNE_01277
HG433,-476.9684,-1517.93,VDD075NNE_01320
HG440,-476.9684,-1701.746,VDD075NNE_01321
HG448,-476.9684,-1885.562,VDD075NNE_01322
HG455,-476.9684,-2069.378,VDD075NNE_01323
HG60,-476.9684,6569.974,VDD075NNE_01278
HG69,-476.9684,6386.158,VDD075NNE_01279
HG78,-476.9684,6202.342,VDD075NNE_01280
HG87,-476.9684,6018.526,VDD075NNE_01281
HG9,-476.9684,7672.87,VDD075NNE_01273
HG96,-476.9684,5834.71,VDD075NNE_01282
HM105,-293.1524,5650.894,VDD075NNE_01336
HM114,-293.1524,5467.078,VDD075NNE_01337
HM122,-293.1524,5283.262,VDD075NNE_01338
HM131,-293.1524,5099.446,VDD075NNE_01339
HM140,-293.1524,4915.63,VDD075NNE_01340
HM149,-293.1524,4731.814,VDD075NNE_01341
HM158,-293.1524,4547.998,VDD075NNE_01342
HM16,-293.1524,7489.054,VDD075NNE_01326
HM167,-293.1524,4364.182,VDD075NNE_01343
HM176,-293.1524,4180.366,VDD075NNE_01344
HM184,-293.1524,3996.55,VDD075NNE_01345
HM192,-293.1524,3812.734,VDD075NNE_01346
HM2,-293.1524,7856.686,VDD075NNE_01324
HM200,-293.1524,3628.918,VDD075NNE_01347
HM209,-293.1524,3445.102,VDD075NNE_01348
HM218,-293.1524,3261.286,VDD075NNE_01349
HM227,-293.1524,3077.47,VDD075NNE_01350
HM236,-293.1524,2893.654,VDD075NNE_01351
HM244,-293.1524,2709.838,VDD075NNE_01352
HM25,-293.1524,7305.238,VDD075NNE_01327
HM253,-293.1524,2526.022,VDD075NNE_01353
HM262,-293.1524,2342.206,VDD075NNE_01354
HM271,-293.1524,2158.39,VDD075NNE_01355
HM280,-293.1524,1974.574,VDD075NNE_01356
HM289,-293.1524,1790.758,VDD075NNE_01357
HM297,-293.1524,1606.942,VDD075NNE_01358
HM306,-293.1524,1423.126,VDD075NNE_01359
HM314,-293.1524,1239.31,VDD075NNE_01360
HM324,-293.1524,1055.494,VDD075NNE_01361
HM332,-293.1524,871.678,VDD075NNE_01362
HM34,-293.1524,7121.422,VDD075NNE_01328
HM342,-293.1524,687.862,VDD075NNE_01363
HM350,-293.1524,504.046,VDD075NNE_01364
HM360,-293.1524,320.23,VDD075NNE_01365
HM367,-293.1524,136.414,VDD075NNE_01366
HM374,-293.1524,-47.402,VDD075NNE_01367
HM381,-293.1524,-231.218,VDD075NNE_01368
HM389,-293.1524,-415.034,VDD075NNE_01369
HM396,-293.1524,-598.85,VDD075NNE_01370
HM404,-293.1524,-782.666,VDD075NNE_01371
HM411,-293.1524,-966.482,VDD075NNE_01372
HM418,-293.1524,-1150.298,VDD075NNE_01373
HM425,-293.1524,-1334.114,VDD075NNE_01374
HM43,-293.1524,6937.606,VDD075NNE_01329
HM433,-293.1524,-1517.93,VDD075NNE_01375
HM440,-293.1524,-1701.746,VDD075NNE_01376
HM448,-293.1524,-1885.562,VDD075NNE_01377
HM455,-293.1524,-2069.378,VDD075NNE_01378
HM52,-293.1524,6753.79,VDD075NNE_01330
HM60,-293.1524,6569.974,VDD075NNE_01331
HM69,-293.1524,6386.158,VDD075NNE_01332
HM78,-293.1524,6202.342,VDD075NNE_01333
HM87,-293.1524,6018.526,VDD075NNE_01334
HM9,-293.1524,7672.87,VDD075NNE_01325
HM96,-293.1524,5834.71,VDD075NNE_01335
HU105,-109.3364,5650.894,VDD075NNE_01391
HU114,-109.3364,5467.078,VDD075NNE_01392
HU122,-109.3364,5283.262,VDD075NNE_01393
HU131,-109.3364,5099.446,VDD075NNE_01394
HU140,-109.3364,4915.63,VDD075NNE_01395
HU149,-109.3364,4731.814,VDD075NNE_01396
HU158,-109.3364,4547.998,VDD075NNE_01397
HU16,-109.3364,7489.054,VDD075NNE_01381
HU167,-109.3364,4364.182,VDD075NNE_01398
HU176,-109.3364,4180.366,VDD075NNE_01399
HU184,-109.3364,3996.55,VDD075NNE_01400
HU192,-109.3364,3812.734,VDD075NNE_01401
HU2,-109.3364,7856.686,VDD075NNE_01379
HU200,-109.3364,3628.918,VDD075NNE_01402
HU209,-109.3364,3445.102,VDD075NNE_01403
HU218,-109.3364,3261.286,VDD075NNE_01404
HU227,-109.3364,3077.47,VDD075NNE_01405
HU236,-109.3364,2893.654,VDD075NNE_01406
HU244,-109.3364,2709.838,VDD075NNE_01407
HU25,-109.3364,7305.238,VDD075NNE_01382
HU253,-109.3364,2526.022,VDD075NNE_01408
HU262,-109.3364,2342.206,VDD075NNE_01409
HU271,-109.3364,2158.39,VDD075NNE_01410
HU280,-109.3364,1974.574,VDD075NNE_01411
HU289,-109.3364,1790.758,VDD075NNE_01412
HU297,-109.3364,1606.942,VDD075NNE_01413
HU306,-109.3364,1423.126,VDD075NNE_01414
HU314,-109.3364,1239.31,VDD075NNE_01415
HU324,-109.3364,1055.494,VDD075NNE_01416
HU332,-109.3364,871.678,VDD075NNE_01417
HU34,-109.3364,7121.422,VDD075NNE_01383
HU342,-109.3364,687.862,VDD075NNE_01418
HU350,-109.3364,504.046,VDD075NNE_01419
HU360,-109.3364,320.23,VDD075NNE_01420
HU367,-109.3364,136.414,VDD075NNE_01421
HU374,-109.3364,-47.402,VDD075NNE_01422
HU381,-109.3364,-231.218,VDD075NNE_01423
HU389,-109.3364,-415.034,VDD075NNE_01424
HU396,-109.3364,-598.85,VDD075NNE_01425
HU404,-109.3364,-782.666,VDD075NNE_01426
HU411,-109.3364,-966.482,VDD075NNE_01427
HU418,-109.3364,-1150.298,VDD075NNE_01428
HU425,-109.3364,-1334.114,VDD075NNE_01429
HU43,-109.3364,6937.606,VDD075NNE_01384
HU433,-109.3364,-1517.93,VDD075NNE_01430
HU440,-109.3364,-1701.746,VDD075NNE_01431
HU448,-109.3364,-1885.562,VDD075NNE_01432
HU455,-109.3364,-2069.378,VDD075NNE_01433
HU52,-109.3364,6753.79,VDD075NNE_01385
HU60,-109.3364,6569.974,VDD075NNE_01386
HU69,-109.3364,6386.158,VDD075NNE_01387
HU78,-109.3364,6202.342,VDD075NNE_01388
HU87,-109.3364,6018.526,VDD075NNE_01389
HU9,-109.3364,7672.87,VDD075NNE_01380
HU96,-109.3364,5834.71,VDD075NNE_01390
JC105,74.4796,5650.894,VDD075NNE_01446
JC114,74.4796,5467.078,VDD075NNE_01447
JC122,74.4796,5283.262,VDD075NNE_01448
JC131,74.4796,5099.446,VDD075NNE_01449
JC140,74.4796,4915.63,VDD075NNE_01450
JC149,74.4796,4731.814,VDD075NNE_01451
JC158,74.4796,4547.998,VDD075NNE_01452
JC16,74.4796,7489.054,VDD075NNE_01436
JC167,74.4796,4364.182,VDD075NNE_01453
JC176,74.4796,4180.366,VDD075NNE_01454
JC184,74.4796,3996.55,VDD075NNE_01455
JC192,74.4796,3812.734,VDD075NNE_01456
JC2,74.4796,7856.686,VDD075NNE_01434
JC200,74.4796,3628.918,VDD075NNE_01457
JC209,74.4796,3445.102,VDD075NNE_01458
JC218,74.4796,3261.286,VDD075NNE_01459
JC227,74.4796,3077.47,VDD075NNE_01460
JC236,74.4796,2893.654,VDD075NNE_01461
JC244,74.4796,2709.838,VDD075NNE_01462
JC25,74.4796,7305.238,VDD075NNE_01437
JC253,74.4796,2526.022,VDD075NNE_01463
JC262,74.4796,2342.206,VDD075NNE_01464
JC271,74.4796,2158.39,VDD075NNE_01465
JC280,74.4796,1974.574,VDD075NNE_01466
JC289,74.4796,1790.758,VDD075NNE_01467
JC297,74.4796,1606.942,VDD075NNE_01468
JC306,74.4796,1423.126,VDD075NNE_01469
JC314,74.4796,1239.31,VDD075NNE_01470
JC324,74.4796,1055.494,VDD075NNE_01471
JC332,74.4796,871.678,VDD075NNE_01472
JC34,74.4796,7121.422,VDD075NNE_01438
JC342,74.4796,687.862,VDD075NNE_01473
JC350,74.4796,504.046,VDD075NNE_01474
JC360,74.4796,320.23,VDD075NNE_01475
JC367,74.4796,136.414,VDD075NNE_01476
JC374,74.4796,-47.402,VDD075NNE_01477
JC381,74.4796,-231.218,VDD075NNE_01478
JC389,74.4796,-415.034,VDD075NNE_01479
JC396,74.4796,-598.85,VDD075NNE_01480
JC404,74.4796,-782.666,VDD075NNE_01481
JC411,74.4796,-966.482,VDD075NNE_01482
JC418,74.4796,-1150.298,VDD075NNE_01483
JC425,74.4796,-1334.114,VDD075NNE_01484
JC43,74.4796,6937.606,VDD075NNE_01439
JC433,74.4796,-1517.93,VDD075NNE_01485
JC440,74.4796,-1701.746,VDD075NNE_01486
JC448,74.4796,-1885.562,VDD075NNE_01487
JC455,74.4796,-2069.378,VDD075NNE_01488
JC52,74.4796,6753.79,VDD075NNE_01440
JC60,74.4796,6569.974,VDD075NNE_01441
JC69,74.4796,6386.158,VDD075NNE_01442
JC78,74.4796,6202.342,VDD075NNE_01443
JC87,74.4796,6018.526,VDD075NNE_01444
JC9,74.4796,7672.87,VDD075NNE_01435
JC96,74.4796,5834.71,VDD075NNE_01445
JJ105,258.2956,5650.894,VDD075NNE_01501
JJ114,258.2956,5467.078,VDD075NNE_01502
JJ122,258.2956,5283.262,VDD075NNE_01503
JJ131,258.2956,5099.446,VDD075NNE_01504
JJ140,258.2956,4915.63,VDD075NNE_01505
JJ149,258.2956,4731.814,VDD075NNE_01506
JJ158,258.2956,4547.998,VDD075NNE_01507
JJ16,258.2956,7489.054,VDD075NNE_01491
JJ167,258.2956,4364.182,VDD075NNE_01508
JJ176,258.2956,4180.366,VDD075NNE_01509
JJ184,258.2956,3996.55,VDD075NNE_01510
JJ192,258.2956,3812.734,VDD075NNE_01511
JJ2,258.2956,7856.686,VDD075NNE_01489
JJ200,258.2956,3628.918,VDD075NNE_01512
JJ209,258.2956,3445.102,VDD075NNE_01513
JJ218,258.2956,3261.286,VDD075NNE_01514
JJ227,258.2956,3077.47,VDD075NNE_01515
JJ236,258.2956,2893.654,VDD075NNE_01516
JJ244,258.2956,2709.838,VDD075NNE_01517
JJ25,258.2956,7305.238,VDD075NNE_01492
JJ253,258.2956,2526.022,VDD075NNE_01518
JJ262,258.2956,2342.206,VDD075NNE_01519
JJ271,258.2956,2158.39,VDD075NNE_01520
JJ280,258.2956,1974.574,VDD075NNE_01521
JJ289,258.2956,1790.758,VDD075NNE_01522
JJ297,258.2956,1606.942,VDD075NNE_01523
JJ306,258.2956,1423.126,VDD075NNE_01524
JJ314,258.2956,1239.31,VDD075NNE_01525
JJ324,258.2956,1055.494,VDD075NNE_01526
JJ332,258.2956,871.678,VDD075NNE_01527
JJ34,258.2956,7121.422,VDD075NNE_01493
JJ342,258.2956,687.862,VDD075NNE_01528
JJ350,258.2956,504.046,VDD075NNE_01529
JJ360,258.2956,320.23,VDD075NNE_01530
JJ367,258.2956,136.414,VDD075NNE_01531
JJ374,258.2956,-47.402,VDD075NNE_01532
JJ381,258.2956,-231.218,VDD075NNE_01533
JJ389,258.2956,-415.034,VDD075NNE_01534
JJ396,258.2956,-598.85,VDD075NNE_01535
JJ404,258.2956,-782.666,VDD075NNE_01536
JJ411,258.2956,-966.482,VDD075NNE_01537
JJ418,258.2956,-1150.298,VDD075NNE_01538
JJ425,258.2956,-1334.114,VDD075NNE_01539
JJ43,258.2956,6937.606,VDD075NNE_01494
JJ433,258.2956,-1517.93,VDD075NNE_01540
JJ440,258.2956,-1701.746,VDD075NNE_01541
JJ448,258.2956,-1885.562,VDD075NNE_01542
JJ455,258.2956,-2069.378,VDD075NNE_01543
JJ52,258.2956,6753.79,VDD075NNE_01495
JJ60,258.2956,6569.974,VDD075NNE_01496
JJ69,258.2956,6386.158,VDD075NNE_01497
JJ78,258.2956,6202.342,VDD075NNE_01498
JJ87,258.2956,6018.526,VDD075NNE_01499
JJ9,258.2956,7672.87,VDD075NNE_01490
JJ96,258.2956,5834.71,VDD075NNE_01500
JM105,442.1116,5650.894,VDD075NNE_01556
JM114,442.1116,5467.078,VDD075NNE_01557
JM122,442.1116,5283.262,VDD075NNE_01558
JM131,442.1116,5099.446,VDD075NNE_01559
JM140,442.1116,4915.63,VDD075NNE_01560
JM149,442.1116,4731.814,VDD075NNE_01561
JM158,442.1116,4547.998,VDD075NNE_01562
JM16,442.1116,7489.054,VDD075NNE_01546
JM167,442.1116,4364.182,VDD075NNE_01563
JM176,442.1116,4180.366,VDD075NNE_01564
JM184,442.1116,3996.55,VDD075NNE_01565
JM192,442.1116,3812.734,VDD075NNE_01566
JM2,442.1116,7856.686,VDD075NNE_01544
JM200,442.1116,3628.918,VDD075NNE_01567
JM209,442.1116,3445.102,VDD075NNE_01568
JM218,442.1116,3261.286,VDD075NNE_01569
JM227,442.1116,3077.47,VDD075NNE_01570
JM236,442.1116,2893.654,VDD075NNE_01571
JM244,442.1116,2709.838,VDD075NNE_01572
JM25,442.1116,7305.238,VDD075NNE_01547
JM253,442.1116,2526.022,VDD075NNE_01573
JM262,442.1116,2342.206,VDD075NNE_01574
JM271,442.1116,2158.39,VDD075NNE_01575
JM280,442.1116,1974.574,VDD075NNE_01576
JM289,442.1116,1790.758,VDD075NNE_01577
JM297,442.1116,1606.942,VDD075NNE_01578
JM306,442.1116,1423.126,VDD075NNE_01579
JM314,442.1116,1239.31,VDD075NNE_01580
JM324,442.1116,1055.494,VDD075NNE_01581
JM332,442.1116,871.678,VDD075NNE_01582
JM34,442.1116,7121.422,VDD075NNE_01548
JM342,442.1116,687.862,VDD075NNE_01583
JM350,442.1116,504.046,VDD075NNE_01584
JM360,442.1116,320.23,VDD075NNE_01585
JM367,442.1116,136.414,VDD075NNE_01586
JM374,442.1116,-47.402,VDD075NNE_01587
JM381,442.1116,-231.218,VDD075NNE_01588
JM389,442.1116,-415.034,VDD075NNE_01589
JM396,442.1116,-598.85,VDD075NNE_01590
JM404,442.1116,-782.666,VDD075NNE_01591
JM411,442.1116,-966.482,VDD075NNE_01592
JM418,442.1116,-1150.298,VDD075NNE_01593
JM425,442.1116,-1334.114,VDD075NNE_01594
JM43,442.1116,6937.606,VDD075NNE_01549
JM433,442.1116,-1517.93,VDD075NNE_01595
JM440,442.1116,-1701.746,VDD075NNE_01596
JM448,442.1116,-1885.562,VDD075NNE_01597
JM455,442.1116,-2069.378,VDD075NNE_01598
JM52,442.1116,6753.79,VDD075NNE_01550
JM60,442.1116,6569.974,VDD075NNE_01551
JM69,442.1116,6386.158,VDD075NNE_01552
JM78,442.1116,6202.342,VDD075NNE_01553
JM87,442.1116,6018.526,VDD075NNE_01554
JM9,442.1116,7672.87,VDD075NNE_01545
JM96,442.1116,5834.71,VDD075NNE_01555
JP105,625.9276,5650.894,VDD075NNE_01611
JP114,625.9276,5467.078,VDD075NNE_01612
JP122,625.9276,5283.262,VDD075NNE_01613
JP131,625.9276,5099.446,VDD075NNE_01614
JP140,625.9276,4915.63,VDD075NNE_01615
JP149,625.9276,4731.814,VDD075NNE_01616
JP158,625.9276,4547.998,VDD075NNE_01617
JP16,625.9276,7489.054,VDD075NNE_01601
JP167,625.9276,4364.182,VDD075NNE_01618
JP176,625.9276,4180.366,VDD075NNE_01619
JP184,625.9276,3996.55,VDD075NNE_01620
JP192,625.9276,3812.734,VDD075NNE_01621
JP2,625.9276,7856.686,VDD075NNE_01599
JP200,625.9276,3628.918,VDD075NNE_01622
JP209,625.9276,3445.102,VDD075NNE_01623
JP218,625.9276,3261.286,VDD075NNE_01624
JP227,625.9276,3077.47,VDD075NNE_01625
JP236,625.9276,2893.654,VDD075NNE_01626
JP244,625.9276,2709.838,VDD075NNE_01627
JP25,625.9276,7305.238,VDD075NNE_01602
JP253,625.9276,2526.022,VDD075NNE_01628
JP262,625.9276,2342.206,VDD075NNE_01629
JP271,625.9276,2158.39,VDD075NNE_01630
JP280,625.9276,1974.574,VDD075NNE_01631
JP289,625.9276,1790.758,VDD075NNE_01632
JP297,625.9276,1606.942,VDD075NNE_01633
JP306,625.9276,1423.126,VDD075NNE_01634
JP314,625.9276,1239.31,VDD075NNE_01635
JP324,625.9276,1055.494,VDD075NNE_01636
JP332,625.9276,871.678,VDD075NNE_01637
JP34,625.9276,7121.422,VDD075NNE_01603
JP342,625.9276,687.862,VDD075NNE_01638
JP350,625.9276,504.046,VDD075NNE_01639
JP360,625.9276,320.23,VDD075NNE_01640
JP367,625.9276,136.414,VDD075NNE_01641
JP374,625.9276,-47.402,VDD075NNE_01642
JP381,625.9276,-231.218,VDD075NNE_01643
JP389,625.9276,-415.034,VDD075NNE_01644
JP396,625.9276,-598.85,VDD075NNE_01645
JP404,625.9276,-782.666,VDD075NNE_01646
JP411,625.9276,-966.482,VDD075NNE_01647
JP418,625.9276,-1150.298,VDD075NNE_01648
JP425,625.9276,-1334.114,VDD075NNE_01649
JP43,625.9276,6937.606,VDD075NNE_01604
JP433,625.9276,-1517.93,VDD075NNE_01650
JP440,625.9276,-1701.746,VDD075NNE_01651
JP448,625.9276,-1885.562,VDD075NNE_01652
JP455,625.9276,-2069.378,VDD075NNE_01653
JP52,625.9276,6753.79,VDD075NNE_01605
JP60,625.9276,6569.974,VDD075NNE_01606
JP69,625.9276,6386.158,VDD075NNE_01607
JP78,625.9276,6202.342,VDD075NNE_01608
JP87,625.9276,6018.526,VDD075NNE_01609
JP9,625.9276,7672.87,VDD075NNE_01600
JP96,625.9276,5834.71,VDD075NNE_01610
JT105,809.7436,5650.894,VDD075NNE_01666
JT114,809.7436,5467.078,VDD075NNE_01667
JT122,809.7436,5283.262,VDD075NNE_01668
JT131,809.7436,5099.446,VDD075NNE_01669
JT140,809.7436,4915.63,VDD075NNE_01670
JT149,809.7436,4731.814,VDD075NNE_01671
JT158,809.7436,4547.998,VDD075NNE_01672
JT16,809.7436,7489.054,VDD075NNE_01656
JT167,809.7436,4364.182,VDD075NNE_01673
JT176,809.7436,4180.366,VDD075NNE_01674
JT184,809.7436,3996.55,VDD075NNE_01675
JT192,809.7436,3812.734,VDD075NNE_01676
JT2,809.7436,7856.686,VDD075NNE_01654
JT200,809.7436,3628.918,VDD075NNE_01677
JT209,809.7436,3445.102,VDD075NNE_01678
JT218,809.7436,3261.286,VDD075NNE_01679
JT227,809.7436,3077.47,VDD075NNE_01680
JT236,809.7436,2893.654,VDD075NNE_01681
JT244,809.7436,2709.838,VDD075NNE_01682
JT25,809.7436,7305.238,VDD075NNE_01657
JT253,809.7436,2526.022,VDD075NNE_01683
JT262,809.7436,2342.206,VDD075NNE_01684
JT271,809.7436,2158.39,VDD075NNE_01685
JT280,809.7436,1974.574,VDD075NNE_01686
JT289,809.7436,1790.758,VDD075NNE_01687
JT297,809.7436,1606.942,VDD075NNE_01688
JT306,809.7436,1423.126,VDD075NNE_01689
JT314,809.7436,1239.31,VDD075NNE_01690
JT324,809.7436,1055.494,VDD075NNE_01691
JT332,809.7436,871.678,VDD075NNE_01692
JT34,809.7436,7121.422,VDD075NNE_01658
JT342,809.7436,687.862,VDD075NNE_01693
JT350,809.7436,504.046,VDD075NNE_01694
JT360,809.7436,320.23,VDD075NNE_01695
JT367,809.7436,136.414,VDD075NNE_01696
JT374,809.7436,-47.402,VDD075NNE_01697
JT381,809.7436,-231.218,VDD075NNE_01698
JT389,809.7436,-415.034,VDD075NNE_01699
JT396,809.7436,-598.85,VDD075NNE_01700
JT404,809.7436,-782.666,VDD075NNE_01701
JT411,809.7436,-966.482,VDD075NNE_01702
JT418,809.7436,-1150.298,VDD075NNE_01703
JT425,809.7436,-1334.114,VDD075NNE_01704
JT43,809.7436,6937.606,VDD075NNE_01659
JT433,809.7436,-1517.93,VDD075NNE_01705
JT440,809.7436,-1701.746,VDD075NNE_01706
JT448,809.7436,-1885.562,VDD075NNE_01707
JT455,809.7436,-2069.378,VDD075NNE_01708
JT52,809.7436,6753.79,VDD075NNE_01660
JT60,809.7436,6569.974,VDD075NNE_01661
JT69,809.7436,6386.158,VDD075NNE_01662
JT78,809.7436,6202.342,VDD075NNE_01663
JT87,809.7436,6018.526,VDD075NNE_01664
JT9,809.7436,7672.87,VDD075NNE_01655
JT96,809.7436,5834.71,VDD075NNE_01665
JV105,993.5596,5650.894,VDD075NNE_01721
JV114,993.5596,5467.078,VDD075NNE_01722
JV122,993.5596,5283.262,VDD075NNE_01723
JV131,993.5596,5099.446,VDD075NNE_01724
JV140,993.5596,4915.63,VDD075NNE_01725
JV158,993.5596,4547.998,VDD075NNE_01726
JV16,993.5596,7489.054,VDD075NNE_01711
JV167,993.5596,4364.182,VDD075NNE_01727
JV176,993.5596,4180.366,VDD075NNE_01728
JV184,993.5596,3996.55,VDD075NNE_01729
JV192,993.5596,3812.734,VDD075NNE_01730
JV2,993.5596,7856.686,VDD075NNE_01709
JV200,993.5596,3628.918,VDD075NNE_01731
JV209,993.5596,3445.102,VDD075NNE_01732
JV218,993.5596,3261.286,VDD075NNE_01733
JV227,993.5596,3077.47,VDD075NNE_01734
JV236,993.5596,2893.654,VDD075NNE_01735
JV244,993.5596,2709.838,VDD075NNE_01736
JV25,993.5596,7305.238,VDD075NNE_01712
JV253,993.5596,2526.022,VDD075NNE_01737
JV262,993.5596,2342.206,VDD075NNE_01738
JV271,993.5596,2158.39,VDD075NNE_01739
JV280,993.5596,1974.574,VDD075NNE_01740
JV289,993.5596,1790.758,VDD075NNE_01741
JV297,993.5596,1606.942,VDD075NNE_01742
JV306,993.5596,1423.126,VDD075NNE_01743
JV314,993.5596,1239.31,VDD075NNE_01744
JV324,993.5596,1055.494,VDD075NNE_01745
JV332,993.5596,871.678,VDD075NNE_01746
JV34,993.5596,7121.422,VDD075NNE_01713
JV342,993.5596,687.862,VDD075NNE_01747
JV350,993.5596,504.046,VDD075NNE_01748
JV367,993.5596,136.414,VDD075NNE_01749
JV374,993.5596,-47.402,VDD075NNE_01750
JV381,993.5596,-231.218,VDD075NNE_01751
JV389,993.5596,-415.034,VDD075NNE_01752
JV396,993.5596,-598.85,VDD075NNE_01753
JV404,993.5596,-782.666,VDD075NNE_01754
JV411,993.5596,-966.482,VDD075NNE_01755
JV418,993.5596,-1150.298,VDD075NNE_01756
JV425,993.5596,-1334.114,VDD075NNE_01757
JV43,993.5596,6937.606,VDD075NNE_01714
JV433,993.5596,-1517.93,VDD075NNE_01758
JV440,993.5596,-1701.746,VDD075NNE_01759
JV448,993.5596,-1885.562,VDD075NNE_01760
JV455,993.5596,-2069.378,VDD075NNE_01761
JV52,993.5596,6753.79,VDD075NNE_01715
JV60,993.5596,6569.974,VDD075NNE_01716
JV69,993.5596,6386.158,VDD075NNE_01717
JV78,993.5596,6202.342,VDD075NNE_01718
JV87,993.5596,6018.526,VDD075NNE_01719
JV9,993.5596,7672.87,VDD075NNE_01710
JV96,993.5596,5834.71,VDD075NNE_01720
JY105,1177.376,5650.894,VDD075NNE_01774
JY114,1177.376,5467.078,VDD075NNE_01775
JY122,1177.376,5283.262,VDD075NNE_01776
JY131,1177.376,5099.446,VDD075NNE_01777
JY140,1177.376,4915.63,VDD075NNE_01778
JY149,1177.376,4731.814,VDD075NNE_01779
JY158,1177.376,4547.998,VDD075NNE_01780
JY16,1177.376,7489.054,VDD075NNE_01764
JY167,1177.376,4364.182,VDD075NNE_01781
JY176,1177.376,4180.366,VDD075NNE_01782
JY184,1177.376,3996.55,VDD075NNE_01783
JY192,1177.376,3812.734,VDD075NNE_01784
JY2,1177.376,7856.686,VDD075NNE_01762
JY200,1177.376,3628.918,VDD075NNE_01785
JY209,1177.376,3445.102,VDD075NNE_01786
JY218,1177.376,3261.286,VDD075NNE_01787
JY227,1177.376,3077.47,VDD075NNE_01788
JY236,1177.376,2893.654,VDD075NNE_01789
JY244,1177.376,2709.838,VDD075NNE_01790
JY25,1177.376,7305.238,VDD075NNE_01765
JY253,1177.376,2526.022,VDD075NNE_01791
JY262,1177.376,2342.206,VDD075NNE_01792
JY271,1177.376,2158.39,VDD075NNE_01793
JY280,1177.376,1974.574,VDD075NNE_01794
JY289,1177.376,1790.758,VDD075NNE_01795
JY297,1177.376,1606.942,VDD075NNE_01796
JY306,1177.376,1423.126,VDD075NNE_01797
JY314,1177.376,1239.31,VDD075NNE_01798
JY324,1177.376,1055.494,VDD075NNE_01799
JY332,1177.376,871.678,VDD075NNE_01800
JY34,1177.376,7121.422,VDD075NNE_01766
JY342,1177.376,687.862,VDD075NNE_01801
JY350,1177.376,504.046,VDD075NNE_01802
JY360,1177.376,320.23,VDD075NNE_01803
JY367,1177.376,136.414,VDD075NNE_01804
JY374,1177.376,-47.402,VDD075NNE_01805
JY381,1177.376,-231.218,VDD075NNE_01806
JY389,1177.376,-415.034,VDD075NNE_01807
JY396,1177.376,-598.85,VDD075NNE_01808
JY404,1177.376,-782.666,VDD075NNE_01809
JY411,1177.376,-966.482,VDD075NNE_01810
JY418,1177.376,-1150.298,VDD075NNE_01811
JY425,1177.376,-1334.114,VDD075NNE_01812
JY43,1177.376,6937.606,VDD075NNE_01767
JY433,1177.376,-1517.93,VDD075NNE_01813
JY440,1177.376,-1701.746,VDD075NNE_01814
JY448,1177.376,-1885.562,VDD075NNE_01815
JY455,1177.376,-2069.378,VDD075NNE_01816
JY52,1177.376,6753.79,VDD075NNE_01768
JY60,1177.376,6569.974,VDD075NNE_01769
JY69,1177.376,6386.158,VDD075NNE_01770
JY78,1177.376,6202.342,VDD075NNE_01771
JY87,1177.376,6018.526,VDD075NNE_01772
JY9,1177.376,7672.87,VDD075NNE_01763
JY96,1177.376,5834.71,VDD075NNE_01773
KB105,1361.192,5650.894,VDD075NNE_01829
KB114,1361.192,5467.078,VDD075NNE_01830
KB122,1361.192,5283.262,VDD075NNE_01831
KB131,1361.192,5099.446,VDD075NNE_01832
KB140,1361.192,4915.63,VDD075NNE_01833
KB149,1361.192,4731.814,VDD075NNE_01834
KB158,1361.192,4547.998,VDD075NNE_01835
KB16,1361.192,7489.054,VDD075NNE_01819
KB167,1361.192,4364.182,VDD075NNE_01836
KB176,1361.192,4180.366,VDD075NNE_01837
KB184,1361.192,3996.55,VDD075NNE_01838
KB192,1361.192,3812.734,VDD075NNE_01839
KB2,1361.192,7856.686,VDD075NNE_01817
KB200,1361.192,3628.918,VDD075NNE_01840
KB209,1361.192,3445.102,VDD075NNE_01841
KB218,1361.192,3261.286,VDD075NNE_01842
KB227,1361.192,3077.47,VDD075NNE_01843
KB236,1361.192,2893.654,VDD075NNE_01844
KB244,1361.192,2709.838,VDD075NNE_01845
KB25,1361.192,7305.238,VDD075NNE_01820
KB253,1361.192,2526.022,VDD075NNE_01846
KB262,1361.192,2342.206,VDD075NNE_01847
KB271,1361.192,2158.39,VDD075NNE_01848
KB280,1361.192,1974.574,VDD075NNE_01849
KB289,1361.192,1790.758,VDD075NNE_01850
KB297,1361.192,1606.942,VDD075NNE_01851
KB306,1361.192,1423.126,VDD075NNE_01852
KB314,1361.192,1239.31,VDD075NNE_01853
KB324,1361.192,1055.494,VDD075NNE_01854
KB332,1361.192,871.678,VDD075NNE_01855
KB34,1361.192,7121.422,VDD075NNE_01821
KB342,1361.192,687.862,VDD075NNE_01856
KB350,1361.192,504.046,VDD075NNE_01857
KB360,1361.192,320.23,VDD075NNE_01858
KB367,1361.192,136.414,VDD075NNE_01859
KB374,1361.192,-47.402,VDD075NNE_01860
KB381,1361.192,-231.218,VDD075NNE_01861
KB389,1361.192,-415.034,VDD075NNE_01862
KB396,1361.192,-598.85,VDD075NNE_01863
KB404,1361.192,-782.666,VDD075NNE_01864
KB411,1361.192,-966.482,VDD075NNE_01865
KB418,1361.192,-1150.298,VDD075NNE_01866
KB425,1361.192,-1334.114,VDD075NNE_01867
KB43,1361.192,6937.606,VDD075NNE_01822
KB433,1361.192,-1517.93,VDD075NNE_01868
KB440,1361.192,-1701.746,VDD075NNE_01869
KB448,1361.192,-1885.562,VDD075NNE_01870
KB455,1361.192,-2069.378,VDD075NNE_01871
KB52,1361.192,6753.79,VDD075NNE_01823
KB60,1361.192,6569.974,VDD075NNE_01824
KB69,1361.192,6386.158,VDD075NNE_01825
KB78,1361.192,6202.342,VDD075NNE_01826
KB87,1361.192,6018.526,VDD075NNE_01827
KB9,1361.192,7672.87,VDD075NNE_01818
KB96,1361.192,5834.71,VDD075NNE_01828
KD105,1545.008,5650.894,VDD075NNE_01884
KD114,1545.008,5467.078,VDD075NNE_01885
KD122,1545.008,5283.262,VDD075NNE_01886
KD131,1545.008,5099.446,VDD075NNE_01887
KD140,1545.008,4915.63,VDD075NNE_01888
KD149,1545.008,4731.814,VDD075NNE_01889
KD158,1545.008,4547.998,VDD075NNE_01890
KD16,1545.008,7489.054,VDD075NNE_01874
KD167,1545.008,4364.182,VDD075NNE_01891
KD176,1545.008,4180.366,VDD075NNE_01892
KD184,1545.008,3996.55,VDD075NNE_01893
KD192,1545.008,3812.734,VDD075NNE_01894
KD2,1545.008,7856.686,VDD075NNE_01872
KD200,1545.008,3628.918,VDD075NNE_01895
KD209,1545.008,3445.102,VDD075NNE_01896
KD218,1545.008,3261.286,VDD075NNE_01897
KD227,1545.008,3077.47,VDD075NNE_01898
KD236,1545.008,2893.654,VDD075NNE_01899
KD244,1545.008,2709.838,VDD075NNE_01900
KD25,1545.008,7305.238,VDD075NNE_01875
KD253,1545.008,2526.022,VDD075NNE_01901
KD262,1545.008,2342.206,VDD075NNE_01902
KD271,1545.008,2158.39,VDD075NNE_01903
KD280,1545.008,1974.574,VDD075NNE_01904
KD289,1545.008,1790.758,VDD075NNE_01905
KD297,1545.008,1606.942,VDD075NNE_01906
KD306,1545.008,1423.126,VDD075NNE_01907
KD314,1545.008,1239.31,VDD075NNE_01908
KD324,1545.008,1055.494,VDD075NNE_01909
KD332,1545.008,871.678,VDD075NNE_01910
KD34,1545.008,7121.422,VDD075NNE_01876
KD342,1545.008,687.862,VDD075NNE_01911
KD350,1545.008,504.046,VDD075NNE_01912
KD360,1545.008,320.23,VDD075NNE_01913
KD367,1545.008,136.414,VDD075NNE_01914
KD374,1545.008,-47.402,VDD075NNE_01915
KD381,1545.008,-231.218,VDD075NNE_01916
KD389,1545.008,-415.034,VDD075NNE_01917
KD396,1545.008,-598.85,VDD075NNE_01918
KD404,1545.008,-782.666,VDD075NNE_01919
KD411,1545.008,-966.482,VDD075NNE_01920
KD418,1545.008,-1150.298,VDD075NNE_01921
KD425,1545.008,-1334.114,VDD075NNE_01922
KD43,1545.008,6937.606,VDD075NNE_01877
KD433,1545.008,-1517.93,VDD075NNE_01923
KD440,1545.008,-1701.746,VDD075NNE_01924
KD448,1545.008,-1885.562,VDD075NNE_01925
KD455,1545.008,-2069.378,VDD075NNE_01926
KD52,1545.008,6753.79,VDD075NNE_01878
KD60,1545.008,6569.974,VDD075NNE_01879
KD69,1545.008,6386.158,VDD075NNE_01880
KD78,1545.008,6202.342,VDD075NNE_01881
KD87,1545.008,6018.526,VDD075NNE_01882
KD9,1545.008,7672.87,VDD075NNE_01873
KD96,1545.008,5834.71,VDD075NNE_01883
KF105,1728.824,5650.894,VDD075NNE_01939
KF114,1728.824,5467.078,VDD075NNE_01940
KF122,1728.824,5283.262,VDD075NNE_01941
KF131,1728.824,5099.446,VDD075NNE_01942
KF140,1728.824,4915.63,VDD075NNE_01943
KF149,1728.824,4731.814,VDD075NNE_01944
KF158,1728.824,4547.998,VDD075NNE_01945
KF16,1728.824,7489.054,VDD075NNE_01929
KF167,1728.824,4364.182,VDD075NNE_01946
KF176,1728.824,4180.366,VDD075NNE_01947
KF184,1728.824,3996.55,VDD075NNE_01948
KF192,1728.824,3812.734,VDD075NNE_01949
KF2,1728.824,7856.686,VDD075NNE_01927
KF200,1728.824,3628.918,VDD075NNE_01950
KF209,1728.824,3445.102,VDD075NNE_01951
KF218,1728.824,3261.286,VDD075NNE_01952
KF227,1728.824,3077.47,VDD075NNE_01953
KF236,1728.824,2893.654,VDD075NNE_01954
KF244,1728.824,2709.838,VDD075NNE_01955
KF25,1728.824,7305.238,VDD075NNE_01930
KF253,1728.824,2526.022,VDD075NNE_01956
KF262,1728.824,2342.206,VDD075NNE_01957
KF271,1728.824,2158.39,VDD075NNE_01958
KF280,1728.824,1974.574,VDD075NNE_01959
KF289,1728.824,1790.758,VDD075NNE_01960
KF297,1728.824,1606.942,VDD075NNE_01961
KF306,1728.824,1423.126,VDD075NNE_01962
KF314,1728.824,1239.31,VDD075NNE_01963
KF324,1728.824,1055.494,VDD075NNE_01964
KF332,1728.824,871.678,VDD075NNE_01965
KF34,1728.824,7121.422,VDD075NNE_01931
KF342,1728.824,687.862,VDD075NNE_01966
KF350,1728.824,504.046,VDD075NNE_01967
KF360,1728.824,320.23,VDD075NNE_01968
KF367,1728.824,136.414,VDD075NNE_01969
KF374,1728.824,-47.402,VDD075NNE_01970
KF381,1728.824,-231.218,VDD075NNE_01971
KF389,1728.824,-415.034,VDD075NNE_01972
KF396,1728.824,-598.85,VDD075NNE_01973
KF404,1728.824,-782.666,VDD075NNE_01974
KF411,1728.824,-966.482,VDD075NNE_01975
KF418,1728.824,-1150.298,VDD075NNE_01976
KF425,1728.824,-1334.114,VDD075NNE_01977
KF43,1728.824,6937.606,VDD075NNE_01932
KF433,1728.824,-1517.93,VDD075NNE_01978
KF440,1728.824,-1701.746,VDD075NNE_01979
KF448,1728.824,-1885.562,VDD075NNE_01980
KF455,1728.824,-2069.378,VDD075NNE_01981
KF52,1728.824,6753.79,VDD075NNE_01933
KF60,1728.824,6569.974,VDD075NNE_01934
KF69,1728.824,6386.158,VDD075NNE_01935
KF78,1728.824,6202.342,VDD075NNE_01936
KF87,1728.824,6018.526,VDD075NNE_01937
KF9,1728.824,7672.87,VDD075NNE_01928
KF96,1728.824,5834.71,VDD075NNE_01938
KH105,1912.64,5650.894,VDD075NNE_01994
KH114,1912.64,5467.078,VDD075NNE_01995
KH122,1912.64,5283.262,VDD075NNE_01996
KH131,1912.64,5099.446,VDD075NNE_01997
KH140,1912.64,4915.63,VDD075NNE_01998
KH149,1912.64,4731.814,VDD075NNE_01999
KH158,1912.64,4547.998,VDD075NNE_02000
KH16,1912.64,7489.054,VDD075NNE_01984
KH167,1912.64,4364.182,VDD075NNE_02001
KH176,1912.64,4180.366,VDD075NNE_02002
KH184,1912.64,3996.55,VDD075NNE_02003
KH192,1912.64,3812.734,VDD075NNE_02004
KH2,1912.64,7856.686,VDD075NNE_01982
KH200,1912.64,3628.918,VDD075NNE_02005
KH209,1912.64,3445.102,VDD075NNE_02006
KH218,1912.64,3261.286,VDD075NNE_02007
KH227,1912.64,3077.47,VDD075NNE_02008
KH236,1912.64,2893.654,VDD075NNE_02009
KH244,1912.64,2709.838,VDD075NNE_02010
KH25,1912.64,7305.238,VDD075NNE_01985
KH253,1912.64,2526.022,VDD075NNE_02011
KH262,1912.64,2342.206,VDD075NNE_02012
KH271,1912.64,2158.39,VDD075NNE_02013
KH280,1912.64,1974.574,VDD075NNE_02014
KH289,1912.64,1790.758,VDD075NNE_02015
KH297,1912.64,1606.942,VDD075NNE_02016
KH306,1912.64,1423.126,VDD075NNE_02017
KH314,1912.64,1239.31,VDD075NNE_02018
KH324,1912.64,1055.494,VDD075NNE_02019
KH332,1912.64,871.678,VDD075NNE_02020
KH34,1912.64,7121.422,VDD075NNE_01986
KH342,1912.64,687.862,VDD075NNE_02021
KH350,1912.64,504.046,VDD075NNE_02022
KH360,1912.64,320.23,VDD075NNE_02023
KH367,1912.64,136.414,VDD075NNE_02024
KH374,1912.64,-47.402,VDD075NNE_02025
KH381,1912.64,-231.218,VDD075NNE_02026
KH389,1912.64,-415.034,VDD075NNE_02027
KH396,1912.64,-598.85,VDD075NNE_02028
KH404,1912.64,-782.666,VDD075NNE_02029
KH411,1912.64,-966.482,VDD075NNE_02030
KH418,1912.64,-1150.298,VDD075NNE_02031
KH425,1912.64,-1334.114,VDD075NNE_02032
KH43,1912.64,6937.606,VDD075NNE_01987
KH433,1912.64,-1517.93,VDD075NNE_02033
KH440,1912.64,-1701.746,VDD075NNE_02034
KH448,1912.64,-1885.562,VDD075NNE_02035
KH455,1912.64,-2069.378,VDD075NNE_02036
KH52,1912.64,6753.79,VDD075NNE_01988
KH60,1912.64,6569.974,VDD075NNE_01989
KH69,1912.64,6386.158,VDD075NNE_01990
KH78,1912.64,6202.342,VDD075NNE_01991
KH87,1912.64,6018.526,VDD075NNE_01992
KH9,1912.64,7672.87,VDD075NNE_01983
KH96,1912.64,5834.71,VDD075NNE_01993
KK105,2096.456,5650.894,VDD075NNE_02049
KK114,2096.456,5467.078,VDD075NNE_02050
KK122,2096.456,5283.262,VDD075NNE_02051
KK131,2096.456,5099.446,VDD075NNE_02052
KK140,2096.456,4915.63,VDD075NNE_02053
KK149,2096.456,4731.814,VDD075NNE_02054
KK158,2096.456,4547.998,VDD075NNE_02055
KK16,2096.456,7489.054,VDD075NNE_02039
KK167,2096.456,4364.182,VDD075NNE_02056
KK176,2096.456,4180.366,VDD075NNE_02057
KK184,2096.456,3996.55,VDD075NNE_02058
KK192,2096.456,3812.734,VDD075NNE_02059
KK2,2096.456,7856.686,VDD075NNE_02037
KK200,2096.456,3628.918,VDD075NNE_02060
KK209,2096.456,3445.102,VDD075NNE_02061
KK218,2096.456,3261.286,VDD075NNE_02062
KK227,2096.456,3077.47,VDD075NNE_02063
KK236,2096.456,2893.654,VDD075NNE_02064
KK244,2096.456,2709.838,VDD075NNE_02065
KK25,2096.456,7305.238,VDD075NNE_02040
KK253,2096.456,2526.022,VDD075NNE_02066
KK262,2096.456,2342.206,VDD075NNE_02067
KK271,2096.456,2158.39,VDD075NNE_02068
KK280,2096.456,1974.574,VDD075NNE_02069
KK289,2096.456,1790.758,VDD075NNE_02070
KK297,2096.456,1606.942,VDD075NNE_02071
KK306,2096.456,1423.126,VDD075NNE_02072
KK314,2096.456,1239.31,VDD075NNE_02073
KK324,2096.456,1055.494,VDD075NNE_02074
KK332,2096.456,871.678,VDD075NNE_02075
KK34,2096.456,7121.422,VDD075NNE_02041
KK342,2096.456,687.862,VDD075NNE_02076
KK350,2096.456,504.046,VDD075NNE_02077
KK360,2096.456,320.23,VDD075NNE_02078
KK367,2096.456,136.414,VDD075NNE_02079
KK374,2096.456,-47.402,VDD075NNE_02080
KK381,2096.456,-231.218,VDD075NNE_02081
KK389,2096.456,-415.034,VDD075NNE_02082
KK396,2096.456,-598.85,VDD075NNE_02083
KK404,2096.456,-782.666,VDD075NNE_02084
KK411,2096.456,-966.482,VDD075NNE_02085
KK418,2096.456,-1150.298,VDD075NNE_02086
KK425,2096.456,-1334.114,VDD075NNE_02087
KK43,2096.456,6937.606,VDD075NNE_02042
KK433,2096.456,-1517.93,VDD075NNE_02088
KK440,2096.456,-1701.746,VDD075NNE_02089
KK448,2096.456,-1885.562,VDD075NNE_02090
KK455,2096.456,-2069.378,VDD075NNE_02091
KK52,2096.456,6753.79,VDD075NNE_02043
KK60,2096.456,6569.974,VDD075NNE_02044
KK69,2096.456,6386.158,VDD075NNE_02045
KK78,2096.456,6202.342,VDD075NNE_02046
KK87,2096.456,6018.526,VDD075NNE_02047
KK9,2096.456,7672.87,VDD075NNE_02038
KK96,2096.456,5834.71,VDD075NNE_02048
KM105,2280.272,5650.894,VDD075NNE_02104
KM114,2280.272,5467.078,VDD075NNE_02105
KM122,2280.272,5283.262,VDD075NNE_02106
KM131,2280.272,5099.446,VDD075NNE_02107
KM140,2280.272,4915.63,VDD075NNE_02108
KM149,2280.272,4731.814,VDD075NNE_02109
KM158,2280.272,4547.998,VDD075NNE_02110
KM16,2280.272,7489.054,VDD075NNE_02094
KM167,2280.272,4364.182,VDD075NNE_02111
KM176,2280.272,4180.366,VDD075NNE_02112
KM184,2280.272,3996.55,VDD075NNE_02113
KM192,2280.272,3812.734,VDD075NNE_02114
KM2,2280.272,7856.686,VDD075NNE_02092
KM200,2280.272,3628.918,VDD075NNE_02115
KM209,2280.272,3445.102,VDD075NNE_02116
KM218,2280.272,3261.286,VDD075NNE_02117
KM227,2280.272,3077.47,VDD075NNE_02118
KM236,2280.272,2893.654,VDD075NNE_02119
KM244,2280.272,2709.838,VDD075NNE_02120
KM25,2280.272,7305.238,VDD075NNE_02095
KM253,2280.272,2526.022,VDD075NNE_02121
KM262,2280.272,2342.206,VDD075NNE_02122
KM271,2280.272,2158.39,VDD075NNE_02123
KM280,2280.272,1974.574,VDD075NNE_02124
KM289,2280.272,1790.758,VDD075NNE_02125
KM297,2280.272,1606.942,VDD075NNE_02126
KM306,2280.272,1423.126,VDD075NNE_02127
KM314,2280.272,1239.31,VDD075NNE_02128
KM324,2280.272,1055.494,VDD075NNE_02129
KM332,2280.272,871.678,VDD075NNE_02130
KM34,2280.272,7121.422,VDD075NNE_02096
KM342,2280.272,687.862,VDD075NNE_02131
KM350,2280.272,504.046,VDD075NNE_02132
KM360,2280.272,320.23,VDD075NNE_02133
KM367,2280.272,136.414,VDD075NNE_02134
KM374,2280.272,-47.402,VDD075NNE_02135
KM381,2280.272,-231.218,VDD075NNE_02136
KM389,2280.272,-415.034,VDD075NNE_02137
KM396,2280.272,-598.85,VDD075NNE_02138
KM404,2280.272,-782.666,VDD075NNE_02139
KM411,2280.272,-966.482,VDD075NNE_02140
KM418,2280.272,-1150.298,VDD075NNE_02141
KM425,2280.272,-1334.114,VDD075NNE_02142
KM43,2280.272,6937.606,VDD075NNE_02097
KM433,2280.272,-1517.93,VDD075NNE_02143
KM440,2280.272,-1701.746,VDD075NNE_02144
KM448,2280.272,-1885.562,VDD075NNE_02145
KM455,2280.272,-2069.378,VDD075NNE_02146
KM52,2280.272,6753.79,VDD075NNE_02098
KM60,2280.272,6569.974,VDD075NNE_02099
KM69,2280.272,6386.158,VDD075NNE_02100
KM78,2280.272,6202.342,VDD075NNE_02101
KM87,2280.272,6018.526,VDD075NNE_02102
KM9,2280.272,7672.87,VDD075NNE_02093
KM96,2280.272,5834.71,VDD075NNE_02103
KP105,2464.088,5650.894,VDD075NNE_02159
KP114,2464.088,5467.078,VDD075NNE_02160
KP122,2464.088,5283.262,VDD075NNE_02161
KP131,2464.088,5099.446,VDD075NNE_02162
KP140,2464.088,4915.63,VDD075NNE_02163
KP149,2464.088,4731.814,VDD075NNE_02164
KP158,2464.088,4547.998,VDD075NNE_02165
KP16,2464.088,7489.054,VDD075NNE_02149
KP167,2464.088,4364.182,VDD075NNE_02166
KP176,2464.088,4180.366,VDD075NNE_02167
KP184,2464.088,3996.55,VDD075NNE_02168
KP192,2464.088,3812.734,VDD075NNE_02169
KP2,2464.088,7856.686,VDD075NNE_02147
KP200,2464.088,3628.918,VDD075NNE_02170
KP209,2464.088,3445.102,VDD075NNE_02171
KP218,2464.088,3261.286,VDD075NNE_02172
KP227,2464.088,3077.47,VDD075NNE_02173
KP236,2464.088,2893.654,VDD075NNE_02174
KP244,2464.088,2709.838,VDD075NNE_02175
KP25,2464.088,7305.238,VDD075NNE_02150
KP253,2464.088,2526.022,VDD075NNE_02176
KP262,2464.088,2342.206,VDD075NNE_02177
KP271,2464.088,2158.39,VDD075NNE_02178
KP280,2464.088,1974.574,VDD075NNE_02179
KP289,2464.088,1790.758,VDD075NNE_02180
KP297,2464.088,1606.942,VDD075NNE_02181
KP306,2464.088,1423.126,VDD075NNE_02182
KP314,2464.088,1239.31,VDD075NNE_02183
KP324,2464.088,1055.494,VDD075NNE_02184
KP332,2464.088,871.678,VDD075NNE_02185
KP34,2464.088,7121.422,VDD075NNE_02151
KP342,2464.088,687.862,VDD075NNE_02186
KP350,2464.088,504.046,VDD075NNE_02187
KP360,2464.088,320.23,VDD075NNE_02188
KP367,2464.088,136.414,VDD075NNE_02189
KP374,2464.088,-47.402,VDD075NNE_02190
KP381,2464.088,-231.218,VDD075NNE_02191
KP389,2464.088,-415.034,VDD075NNE_02192
KP396,2464.088,-598.85,VDD075NNE_02193
KP404,2464.088,-782.666,VDD075NNE_02194
KP411,2464.088,-966.482,VDD075NNE_02195
KP418,2464.088,-1150.298,VDD075NNE_02196
KP425,2464.088,-1334.114,VDD075NNE_02197
KP43,2464.088,6937.606,VDD075NNE_02152
KP433,2464.088,-1517.93,VDD075NNE_02198
KP440,2464.088,-1701.746,VDD075NNE_02199
KP448,2464.088,-1885.562,VDD075NNE_02200
KP455,2464.088,-2069.378,VDD075NNE_02201
KP52,2464.088,6753.79,VDD075NNE_02153
KP60,2464.088,6569.974,VDD075NNE_02154
KP69,2464.088,6386.158,VDD075NNE_02155
KP78,2464.088,6202.342,VDD075NNE_02156
KP87,2464.088,6018.526,VDD075NNE_02157
KP9,2464.088,7672.87,VDD075NNE_02148
KP96,2464.088,5834.71,VDD075NNE_02158
KT105,2647.904,5650.894,VDD075NNE_02214
KT114,2647.904,5467.078,VDD075NNE_02215
KT122,2647.904,5283.262,VDD075NNE_02216
KT131,2647.904,5099.446,VDD075NNE_02217
KT140,2647.904,4915.63,VDD075NNE_02218
KT149,2647.904,4731.814,VDD075NNE_02219
KT158,2647.904,4547.998,VDD075NNE_02220
KT16,2647.904,7489.054,VDD075NNE_02204
KT167,2647.904,4364.182,VDD075NNE_02221
KT176,2647.904,4180.366,VDD075NNE_02222
KT184,2647.904,3996.55,VDD075NNE_02223
KT192,2647.904,3812.734,VDD075NNE_02224
KT2,2647.904,7856.686,VDD075NNE_02202
KT200,2647.904,3628.918,VDD075NNE_02225
KT209,2647.904,3445.102,VDD075NNE_02226
KT218,2647.904,3261.286,VDD075NNE_02227
KT227,2647.904,3077.47,VDD075NNE_02228
KT236,2647.904,2893.654,VDD075NNE_02229
KT244,2647.904,2709.838,VDD075NNE_02230
KT25,2647.904,7305.238,VDD075NNE_02205
KT253,2647.904,2526.022,VDD075NNE_02231
KT262,2647.904,2342.206,VDD075NNE_02232
KT271,2647.904,2158.39,VDD075NNE_02233
KT280,2647.904,1974.574,VDD075NNE_02234
KT289,2647.904,1790.758,VDD075NNE_02235
KT297,2647.904,1606.942,VDD075NNE_02236
KT306,2647.904,1423.126,VDD075NNE_02237
KT314,2647.904,1239.31,VDD075NNE_02238
KT324,2647.904,1055.494,VDD075NNE_02239
KT332,2647.904,871.678,VDD075NNE_02240
KT34,2647.904,7121.422,VDD075NNE_02206
KT342,2647.904,687.862,VDD075NNE_02241
KT350,2647.904,504.046,VDD075NNE_02242
KT360,2647.904,320.23,VDD075NNE_02243
KT367,2647.904,136.414,VDD075NNE_02244
KT374,2647.904,-47.402,VDD075NNE_02245
KT381,2647.904,-231.218,VDD075NNE_02246
KT389,2647.904,-415.034,VDD075NNE_02247
KT396,2647.904,-598.85,VDD075NNE_02248
KT404,2647.904,-782.666,VDD075NNE_02249
KT411,2647.904,-966.482,VDD075NNE_02250
KT418,2647.904,-1150.298,VDD075NNE_02251
KT425,2647.904,-1334.114,VDD075NNE_02252
KT43,2647.904,6937.606,VDD075NNE_02207
KT433,2647.904,-1517.93,VDD075NNE_02253
KT440,2647.904,-1701.746,VDD075NNE_02254
KT448,2647.904,-1885.562,VDD075NNE_02255
KT455,2647.904,-2069.378,VDD075NNE_02256
KT52,2647.904,6753.79,VDD075NNE_02208
KT60,2647.904,6569.974,VDD075NNE_02209
KT69,2647.904,6386.158,VDD075NNE_02210
KT78,2647.904,6202.342,VDD075NNE_02211
KT87,2647.904,6018.526,VDD075NNE_02212
KT9,2647.904,7672.87,VDD075NNE_02203
KT96,2647.904,5834.71,VDD075NNE_02213
KV105,2831.72,5650.894,VDD075NNE_02269
KV114,2831.72,5467.078,VDD075NNE_02270
KV122,2831.72,5283.262,VDD075NNE_02271
KV131,2831.72,5099.446,VDD075NNE_02272
KV140,2831.72,4915.63,VDD075NNE_02273
KV149,2831.72,4731.814,VDD075NNE_02274
KV158,2831.72,4547.998,VDD075NNE_02275
KV16,2831.72,7489.054,VDD075NNE_02259
KV167,2831.72,4364.182,VDD075NNE_02276
KV176,2831.72,4180.366,VDD075NNE_02277
KV184,2831.72,3996.55,VDD075NNE_02278
KV192,2831.72,3812.734,VDD075NNE_02279
KV2,2831.72,7856.686,VDD075NNE_02257
KV200,2831.72,3628.918,VDD075NNE_02280
KV209,2831.72,3445.102,VDD075NNE_02281
KV218,2831.72,3261.286,VDD075NNE_02282
KV227,2831.72,3077.47,VDD075NNE_02283
KV236,2831.72,2893.654,VDD075NNE_02284
KV244,2831.72,2709.838,VDD075NNE_02285
KV25,2831.72,7305.238,VDD075NNE_02260
KV253,2831.72,2526.022,VDD075NNE_02286
KV262,2831.72,2342.206,VDD075NNE_02287
KV271,2831.72,2158.39,VDD075NNE_02288
KV280,2831.72,1974.574,VDD075NNE_02289
KV289,2831.72,1790.758,VDD075NNE_02290
KV297,2831.72,1606.942,VDD075NNE_02291
KV306,2831.72,1423.126,VDD075NNE_02292
KV314,2831.72,1239.31,VDD075NNE_02293
KV324,2831.72,1055.494,VDD075NNE_02294
KV332,2831.72,871.678,VDD075NNE_02295
KV34,2831.72,7121.422,VDD075NNE_02261
KV342,2831.72,687.862,VDD075NNE_02296
KV350,2831.72,504.046,VDD075NNE_02297
KV360,2831.72,320.23,VDD075NNE_02298
KV367,2831.72,136.414,VDD075NNE_02299
KV374,2831.72,-47.402,VDD075NNE_02300
KV381,2831.72,-231.218,VDD075NNE_02301
KV389,2831.72,-415.034,VDD075NNE_02302
KV396,2831.72,-598.85,VDD075NNE_02303
KV404,2831.72,-782.666,VDD075NNE_02304
KV411,2831.72,-966.482,VDD075NNE_02305
KV418,2831.72,-1150.298,VDD075NNE_02306
KV425,2831.72,-1334.114,VDD075NNE_02307
KV43,2831.72,6937.606,VDD075NNE_02262
KV433,2831.72,-1517.93,VDD075NNE_02308
KV440,2831.72,-1701.746,VDD075NNE_02309
KV448,2831.72,-1885.562,VDD075NNE_02310
KV455,2831.72,-2069.378,VDD075NNE_02311
KV52,2831.72,6753.79,VDD075NNE_02263
KV60,2831.72,6569.974,VDD075NNE_02264
KV69,2831.72,6386.158,VDD075NNE_02265
KV78,2831.72,6202.342,VDD075NNE_02266
KV87,2831.72,6018.526,VDD075NNE_02267
KV9,2831.72,7672.87,VDD075NNE_02258
KV96,2831.72,5834.71,VDD075NNE_02268
KY105,3015.536,5650.894,VDD075NNE_02324
KY114,3015.536,5467.078,VDD075NNE_02325
KY122,3015.536,5283.262,VDD075NNE_02326
KY131,3015.536,5099.446,VDD075NNE_02327
KY140,3015.536,4915.63,VDD075NNE_02328
KY149,3015.536,4731.814,VDD075NNE_02329
KY158,3015.536,4547.998,VDD075NNE_02330
KY16,3015.536,7489.054,VDD075NNE_02314
KY167,3015.536,4364.182,VDD075NNE_02331
KY176,3015.536,4180.366,VDD075NNE_02332
KY184,3015.536,3996.55,VDD075NNE_02333
KY192,3015.536,3812.734,VDD075NNE_02334
KY2,3015.536,7856.686,VDD075NNE_02312
KY200,3015.536,3628.918,VDD075NNE_02335
KY209,3015.536,3445.102,VDD075NNE_02336
KY218,3015.536,3261.286,VDD075NNE_02337
KY227,3015.536,3077.47,VDD075NNE_02338
KY236,3015.536,2893.654,VDD075NNE_02339
KY244,3015.536,2709.838,VDD075NNE_02340
KY25,3015.536,7305.238,VDD075NNE_02315
KY253,3015.536,2526.022,VDD075NNE_02341
KY262,3015.536,2342.206,VDD075NNE_02342
KY271,3015.536,2158.39,VDD075NNE_02343
KY280,3015.536,1974.574,VDD075NNE_02344
KY289,3015.536,1790.758,VDD075NNE_02345
KY297,3015.536,1606.942,VDD075NNE_02346
KY306,3015.536,1423.126,VDD075NNE_02347
KY314,3015.536,1239.31,VDD075NNE_02348
KY324,3015.536,1055.494,VDD075NNE_02349
KY332,3015.536,871.678,VDD075NNE_02350
KY34,3015.536,7121.422,VDD075NNE_02316
KY342,3015.536,687.862,VDD075NNE_02351
KY350,3015.536,504.046,VDD075NNE_02352
KY360,3015.536,320.23,VDD075NNE_02353
KY367,3015.536,136.414,VDD075NNE_02354
KY374,3015.536,-47.402,VDD075NNE_02355
KY381,3015.536,-231.218,VDD075NNE_02356
KY389,3015.536,-415.034,VDD075NNE_02357
KY396,3015.536,-598.85,VDD075NNE_02358
KY404,3015.536,-782.666,VDD075NNE_02359
KY411,3015.536,-966.482,VDD075NNE_02360
KY418,3015.536,-1150.298,VDD075NNE_02361
KY425,3015.536,-1334.114,VDD075NNE_02362
KY43,3015.536,6937.606,VDD075NNE_02317
KY433,3015.536,-1517.93,VDD075NNE_02363
KY440,3015.536,-1701.746,VDD075NNE_02364
KY448,3015.536,-1885.562,VDD075NNE_02365
KY455,3015.536,-2069.378,VDD075NNE_02366
KY52,3015.536,6753.79,VDD075NNE_02318
KY60,3015.536,6569.974,VDD075NNE_02319
KY69,3015.536,6386.158,VDD075NNE_02320
KY78,3015.536,6202.342,VDD075NNE_02321
KY87,3015.536,6018.526,VDD075NNE_02322
KY9,3015.536,7672.87,VDD075NNE_02313
KY96,3015.536,5834.71,VDD075NNE_02323
LB105,3199.352,5650.894,VDD075NNE_02379
LB114,3199.352,5467.078,VDD075NNE_02380
LB122,3199.352,5283.262,VDD075NNE_02381
LB131,3199.352,5099.446,VDD075NNE_02382
LB140,3199.352,4915.63,VDD075NNE_02383
LB149,3199.352,4731.814,VDD075NNE_02384
LB158,3199.352,4547.998,VDD075NNE_02385
LB16,3199.352,7489.054,VDD075NNE_02369
LB167,3199.352,4364.182,VDD075NNE_02386
LB176,3199.352,4180.366,VDD075NNE_02387
LB184,3199.352,3996.55,VDD075NNE_02388
LB192,3199.352,3812.734,VDD075NNE_02389
LB2,3199.352,7856.686,VDD075NNE_02367
LB200,3199.352,3628.918,VDD075NNE_02390
LB209,3199.352,3445.102,VDD075NNE_02391
LB218,3199.352,3261.286,VDD075NNE_02392
LB227,3199.352,3077.47,VDD075NNE_02393
LB236,3199.352,2893.654,VDD075NNE_02394
LB244,3199.352,2709.838,VDD075NNE_02395
LB25,3199.352,7305.238,VDD075NNE_02370
LB253,3199.352,2526.022,VDD075NNE_02396
LB262,3199.352,2342.206,VDD075NNE_02397
LB271,3199.352,2158.39,VDD075NNE_02398
LB280,3199.352,1974.574,VDD075NNE_02399
LB289,3199.352,1790.758,VDD075NNE_02400
LB297,3199.352,1606.942,VDD075NNE_02401
LB306,3199.352,1423.126,VDD075NNE_02402
LB314,3199.352,1239.31,VDD075NNE_02403
LB324,3199.352,1055.494,VDD075NNE_02404
LB332,3199.352,871.678,VDD075NNE_02405
LB34,3199.352,7121.422,VDD075NNE_02371
LB342,3199.352,687.862,VDD075NNE_02406
LB350,3199.352,504.046,VDD075NNE_02407
LB360,3199.352,320.23,VDD075NNE_02408
LB367,3199.352,136.414,VDD075NNE_02409
LB374,3199.352,-47.402,VDD075NNE_02410
LB381,3199.352,-231.218,VDD075NNE_02411
LB389,3199.352,-415.034,VDD075NNE_02412
LB396,3199.352,-598.85,VDD075NNE_02413
LB404,3199.352,-782.666,VDD075NNE_02414
LB411,3199.352,-966.482,VDD075NNE_02415
LB418,3199.352,-1150.298,VDD075NNE_02416
LB425,3199.352,-1334.114,VDD075NNE_02417
LB43,3199.352,6937.606,VDD075NNE_02372
LB433,3199.352,-1517.93,VDD075NNE_02418
LB440,3199.352,-1701.746,VDD075NNE_02419
LB448,3199.352,-1885.562,VDD075NNE_02420
LB455,3199.352,-2069.378,VDD075NNE_02421
LB52,3199.352,6753.79,VDD075NNE_02373
LB60,3199.352,6569.974,VDD075NNE_02374
LB69,3199.352,6386.158,VDD075NNE_02375
LB78,3199.352,6202.342,VDD075NNE_02376
LB87,3199.352,6018.526,VDD075NNE_02377
LB9,3199.352,7672.87,VDD075NNE_02368
LB96,3199.352,5834.71,VDD075NNE_02378
LE393,3458.376,-556.892,VDD075NNE_02422
LE402,3458.376,-754.694,VDD075NNE_02423
LE410,3458.376,-952.496,VDD075NNE_02424
LE418,3458.376,-1150.298,VDD075NNE_02425
LE426,3458.376,-1348.1,VDD075NNE_02426
LE434,3458.376,-1545.902,VDD075NNE_02427
LE442,3458.376,-1743.704,VDD075NNE_02428
LE450,3458.376,-1941.506,VDD075NNE_02429
LE458,3458.376,-2139.308,VDD075NNE_02430
LJ393,3656.178,-556.892,VDD075NNE_02431
LJ402,3656.178,-754.694,VDD075NNE_02432
LJ410,3656.178,-952.496,VDD075NNE_02433
LJ418,3656.178,-1150.298,VDD075NNE_02434
LJ426,3656.178,-1348.1,VDD075NNE_02435
LJ434,3656.178,-1545.902,VDD075NNE_02436
LJ442,3656.178,-1743.704,VDD075NNE_02437
LJ450,3656.178,-1941.506,VDD075NNE_02438
LJ458,3656.178,-2139.308,VDD075NNE_02439
LP393,3853.98,-556.892,VDD075NNE_02440
LP402,3853.98,-754.694,VDD075NNE_02441
LP410,3853.98,-952.496,VDD075NNE_02442
LP418,3853.98,-1150.298,VDD075NNE_02443
LP426,3853.98,-1348.1,VDD075NNE_02444
LP434,3853.98,-1545.902,VDD075NNE_02445
LP442,3853.98,-1743.704,VDD075NNE_02446
LP450,3853.98,-1941.506,VDD075NNE_02447
LP458,3853.98,-2139.308,VDD075NNE_02448
LV393,4051.782,-556.892,VDD075NNE_02449
LV402,4051.782,-754.694,VDD075NNE_02450
LV410,4051.782,-952.496,VDD075NNE_02451
LV418,4051.782,-1150.298,VDD075NNE_02452
LV426,4051.782,-1348.1,VDD075NNE_02453
LV434,4051.782,-1545.902,VDD075NNE_02454
LV442,4051.782,-1743.704,VDD075NNE_02455
MB393,4249.584,-556.892,VDD075NNE_02456
MB402,4249.584,-754.694,VDD075NNE_02457
MB410,4249.584,-952.496,VDD075NNE_02458
MB418,4249.584,-1150.298,VDD075NNE_02459
MB426,4249.584,-1348.1,VDD075NNE_02460
MB434,4249.584,-1545.902,VDD075NNE_02461
MB442,4249.584,-1743.704,VDD075NNE_02462
MF393,4447.386,-556.892,VDD075NNE_02463
MF402,4447.386,-754.694,VDD075NNE_02464
MF410,4447.386,-952.496,VDD075NNE_02465
MF418,4447.386,-1150.298,VDD075NNE_02466
MF426,4447.386,-1348.1,VDD075NNE_02467
