-5047.11,7948.594,AK1,0.0079367
-5047.11,7552.99,AK14,0.008985
-5047.11,7355.188,AK23,0.0091443
-4849.308,7948.594,AN1,0.0079151
-4849.308,7750.792,AN7,0.0082659
-4849.308,7552.99,AN14,0.0088808
-4849.308,7355.188,AN23,0.0092935
-4704.736,7856.686,AU2,0.0081828
-4704.736,7672.87,AU9,0.0086058
-4704.736,7489.054,AU16,0.0091058
-4704.736,7305.238,AU25,0.009615
-4704.736,7121.422,AU34,0.0103058
-4704.736,6937.606,AU43,0.0110815
-4704.736,6753.79,AU52,0.0117487
-4704.736,6569.974,AU60,0.0122772
-4704.736,6386.158,AU69,0.0127409
-4704.736,6202.342,AU78,0.0132309
-4704.736,6018.526,AU87,0.0136369
-4704.736,5834.71,AU96,0.0140066
-4704.736,5650.894,AU105,0.0143547
-4704.736,5467.078,AU114,0.0147119
-4704.736,5283.262,AU122,0.0150542
-4704.736,5099.446,AU131,0.0153228
-4704.736,4915.63,AU140,0.0156048
-4704.736,4731.814,AU149,0.0158605
-4704.736,4547.998,AU158,0.0160945
-4704.736,4364.182,AU167,0.0162579
-4704.736,4180.366,AU176,0.0164028
-4704.736,3996.55,AU184,0.0165575
-4704.736,3812.734,AU192,0.0166388
-4704.736,3628.918,AU200,0.0166489
-4704.736,3445.102,AU209,0.0166911
-4704.736,3261.286,AU218,0.0167768
-4704.736,3077.47,AU227,0.0168558
-4704.736,2893.654,AU236,0.0168922
-4704.736,2709.838,AU244,0.0169661
-4704.736,2526.022,AU253,0.0170343
-4704.736,2342.206,AU262,0.017083
-4704.736,2158.39,AU271,0.0171211
-4704.736,1974.574,AU280,0.0171929
-4704.736,1790.758,AU289,0.0172732
-4704.736,1606.942,AU297,0.0173215
-4704.736,1423.126,AU306,0.0173894
-4704.736,1239.31,AU314,0.0174787
-4704.736,1055.494,AU324,0.0176348
-4704.736,871.678,AU332,0.0177142
-4704.736,687.862,AU342,0.017793
-4704.736,504.046,AU350,0.0178744
-4704.736,320.23,AU360,0.0179466
-4704.736,136.414,AU367,0.0179803
-4704.736,-47.402,AU374,0.0179891
-4704.736,-231.218,AU381,0.0179714
-4704.736,-415.034,AU389,0.0179891
-4704.736,-598.85,AU396,0.0179664
-4704.736,-782.666,AU404,0.0179226
-4704.736,-966.482,AU411,0.0178663
-4704.736,-1150.298,AU418,0.0178369
-4704.736,-1334.114,AU425,0.0177449
-4704.736,-1517.93,AU433,0.0176769
-4704.736,-1701.746,AU440,0.0176541
-4704.736,-1885.562,AU448,0.0176993
-4704.736,-2069.378,AU455,0.0176963
-4520.92,7856.686,BC2,0.0083106
-4520.92,7672.87,BC9,0.0088167
-4520.92,7489.054,BC16,0.0093835
-4520.92,7305.238,BC25,0.009885
-4520.92,7121.422,BC34,0.0104214
-4520.92,6937.606,BC43,0.0110974
-4520.92,6753.79,BC52,0.0117652
-4520.92,6569.974,BC60,0.0121576
-4520.92,6386.158,BC69,0.0126017
-4520.92,6202.342,BC78,0.0131194
-4520.92,6018.526,BC87,0.0135903
-4520.92,5834.71,BC96,0.0138724
-4520.92,5650.894,BC105,0.0142073
-4520.92,5467.078,BC114,0.0146008
-4520.92,5283.262,BC122,0.0149697
-4520.92,5099.446,BC131,0.0151661
-4520.92,4915.63,BC140,0.0154484
-4520.92,4731.814,BC149,0.0157613
-4520.92,4547.998,BC158,0.0160031
-4520.92,4364.182,BC167,0.0161219
-4520.92,4180.366,BC176,0.0162784
-4520.92,3996.55,BC184,0.0164761
-4520.92,3812.734,BC192,0.0165409
-4520.92,3628.918,BC200,0.0164752
-4520.92,3445.102,BC209,0.0165349
-4520.92,3261.286,BC218,0.0166757
-4520.92,3077.47,BC227,0.0167281
-4520.92,2893.654,BC236,0.016709
-4520.92,2709.838,BC244,0.0167998
-4520.92,2526.022,BC253,0.016926
-4520.92,2342.206,BC262,0.0169355
-4520.92,2158.39,BC271,0.0169202
-4520.92,1974.574,BC280,0.0170039
-4520.92,1790.758,BC289,0.0171558
-4520.92,1606.942,BC297,0.0171721
-4520.92,1423.126,BC306,0.017199
-4520.92,1239.31,BC314,0.0173084
-4520.92,1055.494,BC324,0.0175205
-4520.92,871.678,BC332,0.01759
-4520.92,687.862,BC342,0.0176226
-4520.92,504.046,BC350,0.0177255
-4520.92,320.23,BC360,0.0178522
-4520.92,136.414,BC367,0.0178548
-4520.92,-47.402,BC374,0.0178269
-4520.92,-231.218,BC381,0.0178157
-4520.92,-415.034,BC389,0.0178986
-4520.92,-598.85,BC396,0.0178231
-4520.92,-782.666,BC404,0.0177257
-4520.92,-966.482,BC411,0.0177211
-4520.92,-1150.298,BC418,0.0177491
-4520.92,-1334.114,BC425,0.0175742
-4520.92,-1517.93,BC433,0.0174638
-4520.92,-1701.746,BC440,0.0174693
-4520.92,-1885.562,BC448,0.0175831
-4520.92,-2069.378,BC455,0.0175576
-4337.104,7856.686,BH2,0.0082048
-4337.104,7672.87,BH9,0.0089432
-4337.104,7489.054,BH16,0.0094789
-4337.104,7305.238,BH25,0.0098984
-4337.104,7121.422,BH34,0.0103789
-4337.104,6937.606,BH43,0.0111339
-4337.104,6753.79,BH52,0.0116661
-4337.104,6569.974,BH60,0.0119994
-4337.104,6386.158,BH69,0.012444
-4337.104,6202.342,BH78,0.0130553
-4337.104,6018.526,BH87,0.0134207
-4337.104,5834.71,BH96,0.0136767
-4337.104,5650.894,BH105,0.0140337
-4337.104,5467.078,BH114,0.0145263
-4337.104,5283.262,BH122,0.0147941
-4337.104,5099.446,BH131,0.0149756
-4337.104,4915.63,BH140,0.0152833
-4337.104,4731.814,BH149,0.0156974
-4337.104,4547.998,BH158,0.0158265
-4337.104,4364.182,BH167,0.0159304
-4337.104,4180.366,BH176,0.0161137
-4337.104,3996.55,BH184,0.0164234
-4337.104,3812.734,BH192,0.0163592
-4337.104,3628.918,BH200,0.0162965
-4337.104,3445.102,BH209,0.0163625
-4337.104,3261.286,BH218,0.0165782
-4337.104,3077.47,BH227,0.0165282
-4337.104,2893.654,BH236,0.0164995
-4337.104,2709.838,BH244,0.0166059
-4337.104,2526.022,BH253,0.0167912
-4337.104,2342.206,BH262,0.0166822
-4337.104,2158.39,BH271,0.0166728
-4337.104,1974.574,BH280,0.0167792
-4337.104,1790.758,BH289,0.0170051
-4337.104,1606.942,BH297,0.0169198
-4337.104,1423.126,BH306,0.0169675
-4337.104,1239.31,BH314,0.0170974
-4337.104,1055.494,BH324,0.0174025
-4337.104,871.678,BH332,0.0173592
-4337.104,687.862,BH342,0.017403
-4337.104,504.046,BH350,0.0175368
-4337.104,320.23,BH360,0.0177647
-4337.104,136.414,BH367,0.0176631
-4337.104,-47.402,BH374,0.0176283
-4337.104,-231.218,BH381,0.0176518
-4337.104,-415.034,BH389,0.0177988
-4337.104,-598.85,BH396,0.0176004
-4337.104,-782.666,BH404,0.0175081
-4337.104,-966.482,BH411,0.0175225
-4337.104,-1150.298,BH418,0.0176088
-4337.104,-1334.114,BH425,0.0173064
-4337.104,-1517.93,BH433,0.0172196
-4337.104,-1701.746,BH440,0.0172159
-4337.104,-1885.562,BH448,0.0174137
-4337.104,-2069.378,BH455,0.0172674
-4153.288,7856.686,BP2,0.0082232
-4153.288,7672.87,BP9,0.0087789
-4153.288,7489.054,BP16,0.0093157
-4153.288,7305.238,BP25,0.0098467
-4153.288,7121.422,BP34,0.0103629
-4153.288,6937.606,BP43,0.0109074
-4153.288,6753.79,BP52,0.0113878
-4153.288,6569.974,BP60,0.0118872
-4153.288,6386.158,BP69,0.0122939
-4153.288,6202.342,BP78,0.0127231
-4153.288,6018.526,BP87,0.0131182
-4153.288,5834.71,BP96,0.0135255
-4153.288,5650.894,BP105,0.0138603
-4153.288,5467.078,BP114,0.0141967
-4153.288,5283.262,BP122,0.014527
-4153.288,5099.446,BP131,0.0148557
-4153.288,4915.63,BP140,0.0151471
-4153.288,4731.814,BP149,0.0153861
-4153.288,4547.998,BP158,0.0156258
-4153.288,4364.182,BP167,0.0158527
-4153.288,4180.366,BP176,0.0160024
-4153.288,3996.55,BP184,0.016089
-4153.288,3812.734,BP192,0.0161785
-4153.288,3628.918,BP200,0.0162766
-4153.288,3445.102,BP209,0.0162318
-4153.288,3261.286,BP218,0.0162545
-4153.288,3077.47,BP227,0.0163487
-4153.288,2893.654,BP236,0.0164226
-4153.288,2709.838,BP244,0.0163949
-4153.288,2526.022,BP253,0.0163611
-4153.288,2342.206,BP262,0.0164362
-4153.288,2158.39,BP271,0.0165298
-4153.288,1974.574,BP280,0.0165305
-4153.288,1790.758,BP289,0.0165434
-4153.288,1606.942,BP297,0.016655
-4153.288,1423.126,BP306,0.0168211
-4153.288,1239.31,BP314,0.0168956
-4153.288,1055.494,BP324,0.0169966
-4153.288,871.678,BP332,0.017127
-4153.288,687.862,BP342,0.0173111
-4153.288,504.046,BP350,0.0173686
-4153.288,320.23,BP360,0.017412
-4153.288,136.414,BP367,0.0174738
-4153.288,-47.402,BP374,0.0175603
-4153.288,-231.218,BP381,0.0175319
-4153.288,-415.034,BP389,0.017466
-4153.288,-598.85,BP396,0.0174585
-4153.288,-782.666,BP404,0.0174458
-4153.288,-966.482,BP411,0.0173176
-4153.288,-1150.298,BP418,0.0171696
-4153.288,-1334.114,BP425,0.0171107
-4153.288,-1517.93,BP433,0.017093
-4153.288,-1701.746,BP440,0.0169341
-4153.288,-1885.562,BP448,0.0168825
-4153.288,-2069.378,BP455,0.0168576
-3969.472,7856.686,BW2,0.0081432
-3969.472,7672.87,BW9,0.0085594
-3969.472,7489.054,BW16,0.0090933
-3969.472,7305.238,BW25,0.0098072
-3969.472,7121.422,BW34,0.0102514
-3969.472,6937.606,BW43,0.0106358
-3969.472,6753.79,BW52,0.0110988
-3969.472,6569.974,BW60,0.0117216
-3969.472,6386.158,BW69,0.0120791
-3969.472,6202.342,BW78,0.0124104
-3969.472,6018.526,BW87,0.0128103
-3969.472,5834.71,BW96,0.0133401
-3969.472,5650.894,BW105,0.0136327
-3969.472,5467.078,BW114,0.0138785
-3969.472,5283.262,BW122,0.0142661
-3969.472,5099.446,BW131,0.0147593
-3969.472,4915.63,BW140,0.0149752
-3969.472,4731.814,BW149,0.0151451
-3969.472,4547.998,BW158,0.0154513
-3969.472,4364.182,BW167,0.0158391
-3969.472,4180.366,BW176,0.015869
-3969.472,3996.55,BW184,0.0158848
-3969.472,3812.734,BW192,0.0160415
-3969.472,3628.918,BW200,0.0162896
-3969.472,3445.102,BW209,0.0160918
-3969.472,3261.286,BW218,0.0160479
-3969.472,3077.47,BW227,0.0161888
-3969.472,2893.654,BW236,0.0163593
-3969.472,2709.838,BW244,0.0161604
-3969.472,2526.022,BW253,0.0160634
-3969.472,2342.206,BW262,0.0161818
-3969.472,2158.39,BW271,0.0163517
-3969.472,1974.574,BW280,0.0162089
-3969.472,1790.758,BW289,0.016196
-3969.472,1606.942,BW297,0.0163577
-3969.472,1423.126,BW306,0.0166383
-3969.472,1239.31,BW314,0.0166089
-3969.472,1055.494,BW324,0.0166906
-3969.472,871.678,BW332,0.0169026
-3969.472,687.862,BW342,0.0172659
-3969.472,504.046,BW350,0.0171808
-3969.472,320.23,BW360,0.0171848
-3969.472,136.414,BW367,0.0173287
-3969.472,-47.402,BW374,0.0175654
-3969.472,-231.218,BW381,0.0173764
-3969.472,-415.034,BW389,0.0172692
-3969.472,-598.85,BW396,0.0173458
-3969.472,-782.666,BW404,0.0174396
-3969.472,-966.482,BW411,0.0171118
-3969.472,-1150.298,BW418,0.0169143
-3969.472,-1334.114,BW425,0.0169039
-3969.472,-1517.93,BW433,0.016945
-3969.472,-1701.746,BW440,0.0166075
-3969.472,-1885.562,BW448,0.0165265
-3969.472,-2069.378,BW455,0.0165175
-3785.656,7856.686,CD2,0.0079121
-3785.656,7672.87,CD9,0.0084399
-3785.656,7489.054,CD16,0.008996
-3785.656,7305.238,CD25,0.0095757
-3785.656,7121.422,CD34,0.0100039
-3785.656,6937.606,CD43,0.0104866
-3785.656,6753.79,CD52,0.0109285
-3785.656,6569.974,CD60,0.0113931
-3785.656,6386.158,CD69,0.0117789
-3785.656,6202.342,CD78,0.0122162
-3785.656,6018.526,CD87,0.0125984
-3785.656,5834.71,CD96,0.0129689
-3785.656,5650.894,CD105,0.0133434
-3785.656,5467.078,CD114,0.013739
-3785.656,5283.262,CD122,0.014149
-3785.656,5099.446,CD131,0.0144772
-3785.656,4915.63,CD140,0.0147984
-3785.656,4731.814,CD149,0.0151209
-3785.656,4547.998,CD158,0.0154358
-3785.656,4364.182,CD167,0.015679
-3785.656,4180.366,CD176,0.0158139
-3785.656,3996.55,CD184,0.0159647
-3785.656,3812.734,CD192,0.0160631
-3785.656,3628.918,CD200,0.0161376
-3785.656,3445.102,CD209,0.0160848
-3785.656,3261.286,CD218,0.016105
-3785.656,3077.47,CD227,0.0161522
-3785.656,2893.654,CD236,0.0161152
-3785.656,2709.838,CD244,0.016066
-3785.656,2526.022,CD253,0.016026
-3785.656,2342.206,CD262,0.015974
-3785.656,2158.39,CD271,0.0159268
-3785.656,1974.574,CD280,0.0159571
-3785.656,1790.758,CD289,0.0160704
-3785.656,1606.942,CD297,0.0161277
-3785.656,1423.126,CD306,0.0162289
-3785.656,1239.31,CD314,0.0163684
-3785.656,1055.494,CD324,0.0166005
-3785.656,871.678,CD332,0.0167995
-3785.656,687.862,CD342,0.0169763
-3785.656,504.046,CD350,0.0170887
-3785.656,320.23,CD360,0.0172133
-3785.656,136.414,CD367,0.0173418
-3785.656,-47.402,CD374,0.0173953
-3785.656,-231.218,CD381,0.0173837
-3785.656,-415.034,CD389,0.0173561
-3785.656,-598.85,CD396,0.0173414
-3785.656,-782.666,CD404,0.0172575
-3785.656,-966.482,CD411,0.0170993
-3785.656,-1150.298,CD418,0.0169758
-3785.656,-1334.114,CD425,0.0167526
-3785.656,-1517.93,CD433,0.0165763
-3785.656,-1701.746,CD440,0.0164452
-3785.656,-1885.562,CD448,0.0164682
-3785.656,-2069.378,CD455,0.0164505
-3601.84,7856.686,CK2,0.0077998
-3601.84,7672.87,CK9,0.0085096
-3601.84,7489.054,CK16,0.0090064
-3601.84,7305.238,CK25,0.009409
-3601.84,7121.422,CK34,0.0098466
-3601.84,6937.606,CK43,0.0104819
-3601.84,6753.79,CK52,0.0108357
-3601.84,6569.974,CK60,0.0111741
-3601.84,6386.158,CK69,0.0115885
-3601.84,6202.342,CK78,0.0121746
-3601.84,6018.526,CK87,0.0124828
-3601.84,5834.71,CK96,0.0127495
-3601.84,5650.894,CK105,0.0131861
-3601.84,5467.078,CK114,0.0137631
-3601.84,5283.262,CK122,0.0140934
-3601.84,5099.446,CK131,0.0143714
-3601.84,4915.63,CK140,0.0148076
-3601.84,4731.814,CK149,0.0153736
-3601.84,4547.998,CK158,0.0155927
-3601.84,4364.182,CK167,0.0157094
-3601.84,4180.366,CK176,0.0159482
-3601.84,3996.55,CK184,0.0163285
-3601.84,3812.734,CK192,0.0162517
-3601.84,3628.918,CK200,0.016206
-3601.84,3445.102,CK209,0.0162269
-3601.84,3261.286,CK218,0.0164259
-3601.84,3077.47,CK227,0.0162635
-3601.84,2893.654,CK236,0.0161047
-3601.84,2709.838,CK244,0.0161036
-3601.84,2526.022,CK253,0.0161219
-3601.84,2342.206,CK262,0.0158763
-3601.84,2158.39,CK271,0.0157451
-3601.84,1974.574,CK280,0.0158375
-3601.84,1790.758,CK289,0.0160794
-3601.84,1606.942,CK297,0.0159744
-3601.84,1423.126,CK306,0.0160268
-3601.84,1239.31,CK314,0.0162568
-3601.84,1055.494,CK324,0.0166874
-3601.84,871.678,CK332,0.0167985
-3601.84,687.862,CK342,0.0169314
-3601.84,504.046,CK350,0.017181
-3601.84,320.23,CK360,0.0175473
-3601.84,136.414,CK367,0.0175149
-3601.84,-47.402,CK374,0.0174561
-3601.84,-231.218,CK381,0.0175608
-3601.84,-415.034,CK389,0.0177131
-3601.84,-598.85,CK396,0.017514
-3601.84,-782.666,CK404,0.0173388
-3601.84,-966.482,CK411,0.0172885
-3601.84,-1150.298,CK418,0.0172549
-3601.84,-1334.114,CK425,0.0167761
-3601.84,-1517.93,CK433,0.0164826
-3601.84,-1701.746,CK440,0.0164032
-3601.84,-1885.562,CK448,0.0165702
-3601.84,-2069.378,CK455,0.0164244
-3418.024,7856.686,CT2,0.0077877
-3418.024,7672.87,CT9,0.0083195
-3418.024,7489.054,CT16,0.0088045
-3418.024,7305.238,CT25,0.00932
-3418.024,7121.422,CT34,0.009761
-3418.024,6937.606,CT43,0.0102335
-3418.024,6753.79,CT52,0.010616
-3418.024,6569.974,CT60,0.0110559
-3418.024,6386.158,CT69,0.0114521
-3418.024,6202.342,CT78,0.0118691
-3418.024,6018.526,CT87,0.0122375
-3418.024,5834.71,CT96,0.0126377
-3418.024,5650.894,CT105,0.0130964
-3418.024,5467.078,CT114,0.0135268
-3418.024,5283.262,CT122,0.0139513
-3418.024,5099.446,CT131,0.0143953
-3418.024,4915.63,CT140,0.0149724
-3418.024,4731.814,CT149,0.0154445
-3418.024,4547.998,CT158,0.0157053
-3418.024,4364.182,CT167,0.0159197
-3418.024,4180.366,CT176,0.0162258
-3418.024,3996.55,CT184,0.0165009
-3418.024,3812.734,CT192,0.0164765
-3418.024,3628.918,CT200,0.0164691
-3418.024,3445.102,CT209,0.0164728
-3418.024,3261.286,CT218,0.0165325
-3418.024,3077.47,CT227,0.0164398
-3418.024,2893.654,CT236,0.0162653
-3418.024,2709.838,CT244,0.0161059
-3418.024,2526.022,CT253,0.0159343
-3418.024,2342.206,CT262,0.0158293
-3418.024,2158.39,CT271,0.0157658
-3418.024,1974.574,CT280,0.0157113
-3418.024,1790.758,CT289,0.0157275
-3418.024,1606.942,CT297,0.0158051
-3418.024,1423.126,CT306,0.0160095
-3418.024,1239.31,CT314,0.0162118
-3418.024,1055.494,CT324,0.0164863
-3418.024,871.678,CT332,0.0167213
-3418.024,687.862,CT342,0.0170403
-3418.024,504.046,CT350,0.0174047
-3418.024,320.23,CT360,0.0176625
-3418.024,136.414,CT367,0.0177118
-3418.024,-47.402,CT374,0.0177117
-3418.024,-231.218,CT381,0.0178322
-3418.024,-415.034,CT389,0.0178628
-3418.024,-598.85,CT396,0.0177443
-3418.024,-782.666,CT404,0.0175947
-3418.024,-966.482,CT411,0.0174817
-3418.024,-1150.298,CT418,0.0173264
-3418.024,-1334.114,CT425,0.0169649
-3418.024,-1517.93,CT433,0.0166542
-3418.024,-1701.746,CT440,0.0163191
-3418.024,-1885.562,CT448,0.0162311
-3418.024,-2069.378,CT455,0.0161678
-3234.208,7856.686,DB2,0.0077425
-3234.208,7672.87,DB9,0.0081253
-3234.208,7489.054,DB16,0.0086146
-3234.208,7305.238,DB25,0.0092971
-3234.208,7121.422,DB34,0.009672
-3234.208,6937.606,DB43,0.009984
-3234.208,6753.79,DB52,0.0104121
-3234.208,6569.974,DB60,0.0109803
-3234.208,6386.158,DB69,0.0113031
-3234.208,6202.342,DB78,0.0116096
-3234.208,6018.526,DB87,0.0120197
-3234.208,5834.71,DB96,0.0125899
-3234.208,5650.894,DB105,0.0129597
-3234.208,5467.078,DB114,0.013304
-3234.208,5283.262,DB122,0.0138086
-3234.208,5099.446,DB131,0.0145454
-3234.208,4915.63,DB140,0.0150796
-3234.208,4731.814,DB149,0.0154742
-3234.208,4547.998,DB158,0.015826
-3234.208,4364.182,DB167,0.0162596
-3234.208,4180.366,DB176,0.0165214
-3234.208,3996.55,DB184,0.0166231
-3234.208,3812.734,DB192,0.0166854
-3234.208,3628.918,DB200,0.0167888
-3234.208,3445.102,DB209,0.0167004
-3234.208,3261.286,DB218,0.0166604
-3234.208,3077.47,DB227,0.0165806
-3234.208,2893.654,DB236,0.016467
-3234.208,2709.838,DB244,0.0160976
-3234.208,2526.022,DB253,0.0158432
-3234.208,2342.206,DB262,0.0157861
-3234.208,2158.39,DB271,0.0157979
-3234.208,1974.574,DB280,0.0155464
-3234.208,1790.758,DB289,0.0154866
-3234.208,1606.942,DB297,0.015666
-3234.208,1423.126,DB306,0.0160321
-3234.208,1239.31,DB314,0.0161368
-3234.208,1055.494,DB324,0.0163208
-3234.208,871.678,DB332,0.0167131
-3234.208,687.862,DB342,0.0173429
-3234.208,504.046,DB350,0.0176325
-3234.208,320.23,DB360,0.0177838
-3234.208,136.414,DB367,0.0178908
-3234.208,-47.402,DB374,0.0180976
-3234.208,-231.218,DB381,0.0180581
-3234.208,-415.034,DB389,0.0180035
-3234.208,-598.85,DB396,0.0179564
-3234.208,-782.666,DB404,0.0179118
-3234.208,-966.482,DB411,0.0176627
-3234.208,-1150.298,DB418,0.0174371
-3234.208,-1334.114,DB425,0.0171452
-3234.208,-1517.93,DB433,0.0167714
-3234.208,-1701.746,DB440,0.0162138
-3234.208,-1885.562,DB448,0.0160066
-3234.208,-2069.378,DB455,0.015972
-3050.392,7856.686,DG2,0.0075439
-3050.392,7672.87,DG9,0.0080231
-3050.392,7489.054,DG16,0.0085443
-3050.392,7305.238,DG25,0.0090604
-3050.392,7121.422,DG34,0.0094563
-3050.392,6937.606,DG43,0.0098778
-3050.392,6753.79,DG52,0.0102923
-3050.392,6569.974,DG60,0.0107114
-3050.392,6386.158,DG69,0.0110746
-3050.392,6202.342,DG78,0.0114928
-3050.392,6018.526,DG87,0.0118979
-3050.392,5834.71,DG96,0.0123083
-3050.392,5650.894,DG105,0.0127351
-3050.392,5467.078,DG114,0.0132448
-3050.392,5283.262,DG122,0.0137958
-3050.392,5099.446,DG131,0.0143856
-3050.392,4915.63,DG140,0.0149355
-3050.392,4731.814,DG149,0.0154442
-3050.392,4547.998,DG158,0.0159559
-3050.392,4364.182,DG167,0.0163541
-3050.392,4180.366,DG176,0.016572
-3050.392,3996.55,DG184,0.016711
-3050.392,3812.734,DG192,0.0167707
-3050.392,3628.918,DG200,0.0168114
-3050.392,3445.102,DG209,0.0167724
-3050.392,3261.286,DG218,0.0167294
-3050.392,3077.47,DG227,0.0166064
-3050.392,2893.654,DG236,0.0164337
-3050.392,2709.838,DG244,0.0161849
-3050.392,2526.022,DG253,0.0159317
-3050.392,2342.206,DG262,0.0156734
-3050.392,2158.39,DG271,0.0154799
-3050.392,1974.574,DG280,0.0154259
-3050.392,1790.758,DG289,0.015482
-3050.392,1606.942,DG297,0.015576
-3050.392,1423.126,DG306,0.0157585
-3050.392,1239.31,DG314,0.0159985
-3050.392,1055.494,DG324,0.0163587
-3050.392,871.678,DG332,0.0168703
-3050.392,687.862,DG342,0.0173938
-3050.392,504.046,DG350,0.0176693
-3050.392,320.23,DG360,0.0178487
-3050.392,136.414,DG367,0.0180184
-3050.392,-47.402,DG374,0.0181422
-3050.392,-231.218,DG381,0.0181259
-3050.392,-415.034,DG389,0.0180827
-3050.392,-598.85,DG396,0.0180297
-3050.392,-782.666,DG404,0.0179272
-3050.392,-966.482,DG411,0.0177314
-3050.392,-1150.298,DG418,0.0174854
-3050.392,-1334.114,DG425,0.0170064
-3050.392,-1517.93,DG433,0.0165361
-3050.392,-1701.746,DG440,0.0162181
-3050.392,-1885.562,DG448,0.0160915
-3050.392,-2069.378,DG455,0.0160263
-2866.576,7856.686,DN2,0.0073499
-2866.576,7672.87,DN9,0.00798
-2866.576,7489.054,DN16,0.0084453
-2866.576,7305.238,DN25,0.0088237
-2866.576,7121.422,DN34,0.0092264
-2866.576,6937.606,DN43,0.009804
-2866.576,6753.79,DN52,0.0101307
-2866.576,6569.974,DN60,0.0104462
-2866.576,6386.158,DN69,0.0108322
-2866.576,6202.342,DN78,0.0113933
-2866.576,6018.526,DN87,0.0117227
-2866.576,5834.71,DN96,0.012026
-2866.576,5650.894,DN105,0.0125048
-2866.576,5467.078,DN114,0.0131966
-2866.576,5283.262,DN122,0.0137173
-2866.576,5099.446,DN131,0.0141633
-2866.576,4915.63,DN140,0.0148628
-2866.576,4731.814,DN149,0.0153665
-2866.576,4547.998,DN158,0.0160356
-2866.576,4364.182,DN167,0.0163417
-2866.576,4180.366,DN176,0.0165712
-2866.576,3996.55,DN184,0.0168503
-2866.576,3812.734,DN192,0.0167982
-2866.576,3628.918,DN200,0.0168263
-2866.576,3445.102,DN209,0.0167662
-2866.576,3261.286,DN218,0.0167948
-2866.576,3077.47,DN227,0.016605
-2866.576,2893.654,DN236,0.0164147
-2866.576,2709.838,DN244,0.0162263
-2866.576,2526.022,DN253,0.015908
-2866.576,2342.206,DN262,0.0154761
-2866.576,2158.39,DN271,0.0152433
-2866.576,1974.574,DN280,0.0152754
-2866.576,1790.758,DN289,0.015468
-2866.576,1606.942,DN297,0.0154042
-2866.576,1423.126,DN306,0.0155287
-2866.576,1239.31,DN314,0.0158525
-2866.576,1055.494,DN324,0.0164547
-2866.576,871.678,DN332,0.0169694
-2866.576,687.862,DN342,0.017357
-2866.576,504.046,DN350,0.0176775
-2866.576,320.23,DN360,0.0178896
-2866.576,136.414,DN367,0.0180668
-2866.576,-47.402,DN374,0.0181107
-2866.576,-231.218,DN381,0.0181635
-2866.576,-415.034,DN389,0.0182042
-2866.576,-598.85,DN396,0.0180465
-2866.576,-782.666,DN404,0.0178889
-2866.576,-966.482,DN411,0.0177227
-2866.576,-1150.298,DN418,0.0174583
-2866.576,-1334.114,DN425,0.0168196
-2866.576,-1517.93,DN433,0.0163933
-2866.576,-1701.746,DN440,0.0161537
-2866.576,-1885.562,DN448,0.0161737
-2866.576,-2069.378,DN455,0.015961
-2682.76,7856.686,DV2,0.0072831
-2682.76,7672.87,DV9,0.0077865
-2682.76,7489.054,DV16,0.0082274
-2682.76,7305.238,DV25,0.0086951
-2682.76,7121.422,DV34,0.0091266
-2682.76,6937.606,DV43,0.0095493
-2682.76,6753.79,DV52,0.009901
-2682.76,6569.974,DV60,0.0103073
-2682.76,6386.158,DV69,0.010697
-2682.76,6202.342,DV78,0.0111026
-2682.76,6018.526,DV87,0.0114776
-2682.76,5834.71,DV96,0.0118975
-2682.76,5650.894,DV105,0.0123945
-2682.76,5467.078,DV114,0.0129286
-2682.76,5283.262,DV122,0.0134799
-2682.76,5099.446,DV131,0.0140881
-2682.76,4915.63,DV140,0.0149029
-2682.76,4731.814,DV149,0.0153906
-2682.76,4547.998,DV158,0.0159277
-2682.76,4364.182,DV167,0.0162721
-2682.76,4180.366,DV176,0.0165431
-2682.76,3996.55,DV184,0.0166909
-2682.76,3812.734,DV192,0.0167327
-2682.76,3628.918,DV200,0.0167759
-2682.76,3445.102,DV209,0.0166883
-2682.76,3261.286,DV218,0.0166337
-2682.76,3077.47,DV227,0.0165262
-2682.76,2893.654,DV236,0.0163331
-2682.76,2709.838,DV244,0.0159737
-2682.76,2526.022,DV253,0.0155868
-2682.76,2342.206,DV262,0.015351
-2682.76,2158.39,DV271,0.0152088
-2682.76,1974.574,DV280,0.0150987
-2682.76,1790.758,DV289,0.0150949
-2682.76,1606.942,DV297,0.0152012
-2682.76,1423.126,DV306,0.0154509
-2682.76,1239.31,DV314,0.0157939
-2682.76,1055.494,DV324,0.0162499
-2682.76,871.678,DV332,0.0167339
-2682.76,687.862,DV342,0.0172343
-2682.76,504.046,DV350,0.0176487
-2682.76,320.23,DV360,0.0178262
-2682.76,136.414,DV367,0.017983
-2682.76,-47.402,DV374,0.0180571
-2682.76,-231.218,DV381,0.018102
-2682.76,-415.034,DV389,0.0180803
-2682.76,-598.85,DV396,0.0180139
-2682.76,-782.666,DV404,0.0178768
-2682.76,-966.482,DV411,0.0176156
-2682.76,-1150.298,DV418,0.0173022
-2682.76,-1334.114,DV425,0.0168549
-2682.76,-1517.93,DV433,0.0164415
-2682.76,-1701.746,DV440,0.0159973
-2682.76,-1885.562,DV448,0.015789
-2682.76,-2069.378,DV455,0.0157053
-2498.944,7856.686,ED2,0.007321
-2498.944,7672.87,ED9,0.0076786
-2498.944,7489.054,ED16,0.0081372
-2498.944,7305.238,ED25,0.0087891
-2498.944,7121.422,ED34,0.009129
-2498.944,6937.606,ED43,0.0094232
-2498.944,6753.79,ED52,0.0098042
-2498.944,6569.974,ED60,0.0103489
-2498.944,6386.158,ED69,0.0106592
-2498.944,6202.342,ED78,0.0109534
-2498.944,6018.526,ED87,0.0113622
-2498.944,5834.71,ED96,0.0119304
-2498.944,5650.894,ED105,0.012366
-2498.944,5467.078,ED114,0.0127512
-2498.944,5283.262,ED122,0.0133591
-2498.944,5099.446,ED131,0.0142092
-2498.944,4915.63,ED140,0.0149527
-2498.944,4731.814,ED149,0.0154769
-2498.944,4547.998,ED158,0.0159243
-2498.944,4364.182,ED167,0.016403
-2498.944,4180.366,ED176,0.016608
-2498.944,3996.55,ED184,0.0167228
-2498.944,3812.734,ED192,0.0167778
-2498.944,3628.918,ED200,0.0169048
-2498.944,3445.102,ED209,0.0167265
-2498.944,3261.286,ED218,0.0166499
-2498.944,3077.47,ED227,0.0165559
-2498.944,2893.654,ED236,0.0163344
-2498.944,2709.838,ED244,0.0158337
-2498.944,2526.022,ED253,0.0154884
-2498.944,2342.206,ED262,0.0153392
-2498.944,2158.39,ED271,0.015279
-2498.944,1974.574,ED280,0.0149954
-2498.944,1790.758,ED289,0.0149482
-2498.944,1606.942,ED297,0.0151258
-2498.944,1423.126,ED306,0.0155556
-2498.944,1239.31,ED314,0.0157794
-2498.944,1055.494,ED324,0.0160939
-2498.944,871.678,ED332,0.0166132
-2498.944,687.862,ED342,0.0173305
-2498.944,504.046,ED350,0.0177022
-2498.944,320.23,ED360,0.0178737
-2498.944,136.414,ED367,0.0180283
-2498.944,-47.402,ED374,0.0182164
-2498.944,-231.218,ED381,0.0181577
-2498.944,-415.034,ED389,0.0180971
-2498.944,-598.85,ED396,0.0180558
-2498.944,-782.666,ED404,0.0179911
-2498.944,-966.482,ED411,0.0176441
-2498.944,-1150.298,ED418,0.0173587
-2498.944,-1334.114,ED425,0.016968
-2498.944,-1517.93,ED433,0.0164671
-2498.944,-1701.746,ED440,0.0158569
-2498.944,-1885.562,ED448,0.0156406
-2498.944,-2069.378,ED455,0.0155775
-2315.128,7856.686,EJ2,0.0071988
-2315.128,7672.87,EJ9,0.0076604
-2315.128,7489.054,EJ16,0.0081495
-2315.128,7305.238,EJ25,0.0086426
-2315.128,7121.422,EJ34,0.0090009
-2315.128,6937.606,EJ43,0.009395
-2315.128,6753.79,EJ52,0.0097743
-2315.128,6569.974,EJ60,0.0101653
-2315.128,6386.158,EJ69,0.0105218
-2315.128,6202.342,EJ78,0.0109191
-2315.128,6018.526,EJ87,0.0113175
-2315.128,5834.71,EJ96,0.0117343
-2315.128,5650.894,EJ105,0.0121907
-2315.128,5467.078,EJ114,0.0127236
-2315.128,5283.262,EJ122,0.0133451
-2315.128,5099.446,EJ131,0.01402
-2315.128,4915.63,EJ140,0.0147048
-2315.128,4731.814,EJ149,0.0153958
-2315.128,4547.998,EJ158,0.0159002
-2315.128,4364.182,EJ167,0.0162764
-2315.128,4180.366,EJ176,0.0165257
-2315.128,3996.55,EJ184,0.0166762
-2315.128,3812.734,EJ192,0.0167157
-2315.128,3628.918,EJ200,0.0167351
-2315.128,3445.102,EJ209,0.0166677
-2315.128,3261.286,EJ218,0.0166269
-2315.128,3077.47,EJ227,0.0164665
-2315.128,2893.654,EJ236,0.016202
-2315.128,2709.838,EJ244,0.0158777
-2315.128,2526.022,EJ253,0.0155515
-2315.128,2342.206,EJ262,0.0152263
-2315.128,2158.39,EJ271,0.0149711
-2315.128,1974.574,EJ280,0.0149051
-2315.128,1790.758,EJ289,0.0149682
-2315.128,1606.942,EJ297,0.0150693
-2315.128,1423.126,EJ306,0.0152951
-2315.128,1239.31,EJ314,0.015622
-2315.128,1055.494,EJ324,0.0160806
-2315.128,871.678,EJ332,0.0166617
-2315.128,687.862,EJ342,0.0172581
-2315.128,504.046,EJ350,0.0176031
-2315.128,320.23,EJ360,0.0178427
-2315.128,136.414,EJ367,0.0179788
-2315.128,-47.402,EJ374,0.0180631
-2315.128,-231.218,EJ381,0.0181015
-2315.128,-415.034,EJ389,0.0180775
-2315.128,-598.85,EJ396,0.0179667
-2315.128,-782.666,EJ404,0.0178439
-2315.128,-966.482,EJ411,0.017636
-2315.128,-1150.298,EJ418,0.0173281
-2315.128,-1334.114,EJ425,0.0167151
-2315.128,-1517.93,EJ433,0.0161658
-2315.128,-1701.746,EJ440,0.0157934
-2315.128,-1885.562,EJ448,0.0156936
-2315.128,-2069.378,EJ455,0.0155887
-2131.312,7856.686,ER2,0.0070827
-2131.312,7672.87,ER9,0.0077098
-2131.312,7489.054,ER16,0.0081193
-2131.312,7305.238,ER25,0.0084636
-2131.312,7121.422,ER34,0.0088507
-2131.312,6937.606,ER43,0.0094064
-2131.312,6753.79,ER52,0.0096908
-2131.312,6569.974,ER60,0.0099664
-2131.312,6386.158,ER69,0.0103381
-2131.312,6202.342,ER78,0.0109018
-2131.312,6018.526,ER87,0.0111925
-2131.312,5834.71,ER96,0.0114934
-2131.312,5650.894,ER105,0.0119793
-2131.312,5467.078,ER114,0.0127005
-2131.312,5283.262,ER122,0.0132208
-2131.312,5099.446,ER131,0.0137118
-2131.312,4915.63,ER140,0.0143792
-2131.312,4731.814,ER149,0.0152841
-2131.312,4547.998,ER158,0.0158169
-2131.312,4364.182,ER167,0.0161392
-2131.312,4180.366,ER176,0.0163934
-2131.312,3996.55,ER184,0.0166583
-2131.312,3812.734,ER192,0.0166342
-2131.312,3628.918,ER200,0.0166428
-2131.312,3445.102,ER209,0.0165791
-2131.312,3261.286,ER218,0.0165751
-2131.312,3077.47,ER227,0.0163226
-2131.312,2893.654,ER236,0.0161132
-2131.312,2709.838,ER244,0.0158434
-2131.312,2526.022,ER253,0.015454
-2131.312,2342.206,ER262,0.0149807
-2131.312,2158.39,ER271,0.0147272
-2131.312,1974.574,ER280,0.0147519
-2131.312,1790.758,ER289,0.0149509
-2131.312,1606.942,ER297,0.0148885
-2131.312,1423.126,ER306,0.0150227
-2131.312,1239.31,ER314,0.0154181
-2131.312,1055.494,ER324,0.0160721
-2131.312,871.678,ER332,0.0166525
-2131.312,687.862,ER342,0.0170821
-2131.312,504.046,ER350,0.0174287
-2131.312,320.23,ER360,0.0177732
-2131.312,136.414,ER367,0.0178585
-2131.312,-47.402,ER374,0.0179149
-2131.312,-231.218,ER381,0.0179872
-2131.312,-415.034,ER389,0.0180388
-2131.312,-598.85,ER396,0.0178339
-2131.312,-782.666,ER404,0.0177161
-2131.312,-966.482,ER411,0.0175355
-2131.312,-1150.298,ER418,0.0171533
-2131.312,-1334.114,ER425,0.0163902
-2131.312,-1517.93,ER433,0.015918
-2131.312,-1701.746,ER440,0.0156775
-2131.312,-1885.562,ER448,0.0156577
-2131.312,-2069.378,ER455,0.0154088
-1947.496,7856.686,FA2,0.007032
-1947.496,7672.87,FA9,0.0074899
-1947.496,7489.054,FA16,0.0079197
-1947.496,7305.238,FA25,0.0083537
-1947.496,7121.422,FA34,0.0087385
-1947.496,6937.606,FA43,0.0091287
-1947.496,6753.79,FA52,0.0094496
-1947.496,6569.974,FA60,0.0098488
-1947.496,6386.158,FA69,0.0101874
-1947.496,6202.342,FA78,0.0105814
-1947.496,6018.526,FA87,0.0109188
-1947.496,5834.71,FA96,0.0113397
-1947.496,5650.894,FA105,0.0117983
-1947.496,5467.078,FA114,0.0123182
-1947.496,5283.262,FA122,0.0128916
-1947.496,5099.446,FA131,0.0135196
-1947.496,4915.63,FA140,0.0142613
-1947.496,4731.814,FA149,0.0149615
-1947.496,4547.998,FA158,0.0155326
-1947.496,4364.182,FA167,0.0159035
-1947.496,4180.366,FA176,0.0161182
-1947.496,3996.55,FA184,0.0162636
-1947.496,3812.734,FA192,0.0163657
-1947.496,3628.918,FA200,0.0164502
-1947.496,3445.102,FA209,0.0163123
-1947.496,3261.286,FA218,0.0161984
-1947.496,3077.47,FA227,0.0161149
-1947.496,2893.654,FA236,0.0158871
-1947.496,2709.838,FA244,0.0154414
-1947.496,2526.022,FA253,0.0149679
-1947.496,2342.206,FA262,0.01476
-1947.496,2158.39,FA271,0.0146255
-1947.496,1974.574,FA280,0.0145079
-1947.496,1790.758,FA289,0.0144726
-1947.496,1606.942,FA297,0.014602
-1947.496,1423.126,FA306,0.0148913
-1947.496,1239.31,FA314,0.015214
-1947.496,1055.494,FA324,0.0156936
-1947.496,871.678,FA332,0.0162258
-1947.496,687.862,FA342,0.0168227
-1947.496,504.046,FA350,0.0171374
-1947.496,320.23,FA360,0.0174073
-1947.496,136.414,FA367,0.0175841
-1947.496,-47.402,FA374,0.0176792
-1947.496,-231.218,FA381,0.0176843
-1947.496,-415.034,FA389,0.0175995
-1947.496,-598.85,FA396,0.0175906
-1947.496,-782.666,FA404,0.0174807
-1947.496,-966.482,FA411,0.0171604
-1947.496,-1150.298,FA418,0.016723
-1947.496,-1334.114,FA425,0.0162361
-1947.496,-1517.93,FA433,0.015821
-1947.496,-1701.746,FA440,0.0153265
-1947.496,-1885.562,FA448,0.0150861
-1947.496,-2069.378,FA455,0.0149814
-1763.68,7856.686,FG2,0.0068731
-1763.68,7672.87,FG9,0.0072212
-1763.68,7489.054,FG16,0.0076481
-1763.68,7305.238,FG25,0.0082346
-1763.68,7121.422,FG34,0.008542
-1763.68,6937.606,FG43,0.0088186
-1763.68,6753.79,FG52,0.0091653
-1763.68,6569.974,FG60,0.0096947
-1763.68,6386.158,FG69,0.009943
-1763.68,6202.342,FG78,0.0102126
-1763.68,6018.526,FG87,0.0105964
-1763.68,5834.71,FG96,0.0110999
-1763.68,5650.894,FG105,0.0115118
-1763.68,5467.078,FG114,0.0118811
-1763.68,5283.262,FG122,0.0124629
-1763.68,5099.446,FG131,0.013261
-1763.68,4915.63,FG140,0.0139935
-1763.68,4731.814,FG149,0.0145963
-1763.68,4547.998,FG158,0.0150919
-1763.68,4364.182,FG167,0.015472
-1763.68,4180.366,FG176,0.0157044
-1763.68,3996.55,FG184,0.0158762
-1763.68,3812.734,FG192,0.0159816
-1763.68,3628.918,FG200,0.0160417
-1763.68,3445.102,FG209,0.0158953
-1763.68,3261.286,FG218,0.0158439
-1763.68,3077.47,FG227,0.0157554
-1763.68,2893.654,FG236,0.0154199
-1763.68,2709.838,FG244,0.0148999
-1763.68,2526.022,FG253,0.0145537
-1763.68,2342.206,FG262,0.0144267
-1763.68,2158.39,FG271,0.0143711
-1763.68,1974.574,FG280,0.0140906
-1763.68,1790.758,FG289,0.014054
-1763.68,1606.942,FG297,0.0142359
-1763.68,1423.126,FG306,0.0146492
-1763.68,1239.31,FG314,0.0148704
-1763.68,1055.494,FG324,0.0152077
-1763.68,871.678,FG332,0.015725
-1763.68,687.862,FG342,0.0164016
-1763.68,504.046,FG350,0.016794
-1763.68,320.23,FG360,0.0170044
-1763.68,136.414,FG367,0.0171663
-1763.68,-47.402,FG374,0.0172756
-1763.68,-231.218,FG381,0.0172447
-1763.68,-415.034,FG389,0.0172147
-1763.68,-598.85,FG396,0.0171754
-1763.68,-782.666,FG404,0.0169854
-1763.68,-966.482,FG411,0.0166564
-1763.68,-1150.298,FG418,0.0163928
-1763.68,-1334.114,FG425,0.0159455
-1763.68,-1517.93,FG433,0.015418
-1763.68,-1701.746,FG440,0.0148146
-1763.68,-1885.562,FG448,0.0146129
-1763.68,-2069.378,FG455,0.0145576
-1579.864,7856.686,FM2,0.0067618
-1579.864,7672.87,FM9,0.0071965
-1579.864,7489.054,FM16,0.0076375
-1579.864,7305.238,FM25,0.0080916
-1579.864,7121.422,FM34,0.0084044
-1579.864,6937.606,FM43,0.0087775
-1579.864,6753.79,FM52,0.0091002
-1579.864,6569.974,FM60,0.0094529
-1579.864,6386.158,FM69,0.0097721
-1579.864,6202.342,FM78,0.0101453
-1579.864,6018.526,FM87,0.0104758
-1579.864,5834.71,FM96,0.0108206
-1579.864,5650.894,FM105,0.0112437
-1579.864,5467.078,FM114,0.0117355
-1579.864,5283.262,FM122,0.0122631
-1579.864,5099.446,FM131,0.0128492
-1579.864,4915.63,FM140,0.0135348
-1579.864,4731.814,FM149,0.0142474
-1579.864,4547.998,FM158,0.0147236
-1579.864,4364.182,FM167,0.0149752
-1579.864,4180.366,FM176,0.0152754
-1579.864,3996.55,FM184,0.0155284
-1579.864,3812.734,FM192,0.0155478
-1579.864,3628.918,FM200,0.0155006
-1579.864,3445.102,FM209,0.0155374
-1579.864,3261.286,FM218,0.0155334
-1579.864,3077.47,FM227,0.0152745
-1579.864,2893.654,FM236,0.0149285
-1579.864,2709.838,FM244,0.0146946
-1579.864,2526.022,FM253,0.0144792
-1579.864,2342.206,FM262,0.0141904
-1579.864,2158.39,FM271,0.0139529
-1579.864,1974.574,FM280,0.0139154
-1579.864,1790.758,FM289,0.0139899
-1579.864,1606.942,FM297,0.014031
-1579.864,1423.126,FM306,0.0141965
-1579.864,1239.31,FM314,0.0145318
-1579.864,1055.494,FM324,0.0150079
-1579.864,871.678,FM332,0.0155083
-1579.864,687.862,FM342,0.0160457
-1579.864,504.046,FM350,0.0164285
-1579.864,320.23,FM360,0.0166338
-1579.864,136.414,FM367,0.0166825
-1579.864,-47.402,FM374,0.0167182
-1579.864,-231.218,FM381,0.0168084
-1579.864,-415.034,FM389,0.0168402
-1579.864,-598.85,FM396,0.0166598
-1579.864,-782.666,FM404,0.0164372
-1579.864,-966.482,FM411,0.0162694
-1579.864,-1150.298,FM418,0.0159973
-1579.864,-1334.114,FM425,0.0153589
-1579.864,-1517.93,FM433,0.0147718
-1579.864,-1701.746,FM440,0.0144891
-1579.864,-1885.562,FM448,0.014493
-1579.864,-2069.378,FM455,0.0143942
-1396.048,7856.686,FU2,0.0066175
-1396.048,7672.87,FU9,0.0071826
-1396.048,7489.054,FU16,0.007563
-1396.048,7305.238,FU25,0.00787
-1396.048,7121.422,FU34,0.0082166
-1396.048,6937.606,FU43,0.0087338
-1396.048,6753.79,FU52,0.008948
-1396.048,6569.974,FU60,0.0092056
-1396.048,6386.158,FU69,0.0095291
-1396.048,6202.342,FU78,0.0100551
-1396.048,6018.526,FU87,0.0102474
-1396.048,5834.71,FU96,0.0104947
-1396.048,5650.894,FU105,0.0109165
-1396.048,5467.078,FU114,0.0115219
-1396.048,5283.262,FU122,0.0119408
-1396.048,5099.446,FU131,0.0123458
-1396.048,4915.63,FU140,0.0128795
-1396.048,4731.814,FU149,0.0136217
-1396.048,4547.998,FU158,0.0141353
-1396.048,4364.182,FU167,0.0144286
-1396.048,4180.366,FU176,0.0146564
-1396.048,3996.55,FU184,0.0148341
-1396.048,3812.734,FU192,0.0148968
-1396.048,3628.918,FU200,0.0149838
-1396.048,3445.102,FU209,0.0149536
-1396.048,3261.286,FU218,0.0148545
-1396.048,3077.47,FU227,0.0146636
-1396.048,2893.654,FU236,0.0145611
-1396.048,2709.838,FU244,0.0144404
-1396.048,2526.022,FU253,0.0142177
-1396.048,2342.206,FU262,0.0137941
-1396.048,2158.39,FU271,0.0136168
-1396.048,1974.574,FU280,0.0136616
-1396.048,1790.758,FU289,0.013826
-1396.048,1606.942,FU297,0.0136928
-1396.048,1423.126,FU306,0.0137854
-1396.048,1239.31,FU314,0.0141037
-1396.048,1055.494,FU324,0.0146595
-1396.048,871.678,FU332,0.0151063
-1396.048,687.862,FU342,0.0155331
-1396.048,504.046,FU350,0.0157907
-1396.048,320.23,FU360,0.015911
-1396.048,136.414,FU367,0.0159979
-1396.048,-47.402,FU374,0.0160727
-1396.048,-231.218,FU381,0.0161118
-1396.048,-415.034,FU389,0.0160184
-1396.048,-598.85,FU396,0.0158717
-1396.048,-782.666,FU404,0.0158198
-1396.048,-966.482,FU411,0.0156446
-1396.048,-1150.298,FU418,0.0152399
-1396.048,-1334.114,FU425,0.0145567
-1396.048,-1517.93,FU433,0.0142336
-1396.048,-1701.746,FU440,0.0141099
-1396.048,-1885.562,FU448,0.0141424
-1396.048,-2069.378,FU455,0.0139364
-1212.232,7856.686,GC2,0.0065265
-1212.232,7672.87,GC9,0.0069292
-1212.232,7489.054,GC16,0.0073212
-1212.232,7305.238,GC25,0.0077245
-1212.232,7121.422,GC34,0.0080514
-1212.232,6937.606,GC43,0.0083738
-1212.232,6753.79,GC52,0.0086795
-1212.232,6569.974,GC60,0.0090382
-1212.232,6386.158,GC69,0.0093129
-1212.232,6202.342,GC78,0.0096172
-1212.232,6018.526,GC87,0.0099088
-1212.232,5834.71,GC96,0.0102725
-1212.232,5650.894,GC105,0.0105871
-1212.232,5467.078,GC114,0.0109564
-1212.232,5283.262,GC122,0.0114233
-1212.232,5099.446,GC131,0.011917
-1212.232,4915.63,GC140,0.0123201
-1212.232,4731.814,GC149,0.0127369
-1212.232,4547.998,GC158,0.0132794
-1212.232,4364.182,GC167,0.0137127
-1212.232,4180.366,GC176,0.0137964
-1212.232,3996.55,GC184,0.0138116
-1212.232,3812.734,GC192,0.0140621
-1212.232,3628.918,GC200,0.0142801
-1212.232,3445.102,GC209,0.0141098
-1212.232,3261.286,GC218,0.0139169
-1212.232,3077.47,GC227,0.0140153
-1212.232,2893.654,GC236,0.0140924
-1212.232,2709.838,GC244,0.0138536
-1212.232,2526.022,GC253,0.0135354
-1212.232,2342.206,GC262,0.0134523
-1212.232,2158.39,GC271,0.0134328
-1212.232,1974.574,GC280,0.0133318
-1212.232,1790.758,GC289,0.013263
-1212.232,1606.942,GC297,0.0133523
-1212.232,1423.126,GC306,0.0135454
-1212.232,1239.31,GC314,0.0136712
-1212.232,1055.494,GC324,0.0139483
-1212.232,871.678,GC332,0.0143821
-1212.232,687.862,GC342,0.0148243
-1212.232,504.046,GC350,0.014848
-1212.232,320.23,GC360,0.0148117
-1212.232,136.414,GC367,0.0150487
-1212.232,-47.402,GC374,0.0152809
-1212.232,-231.218,GC381,0.015075
-1212.232,-415.034,GC389,0.014828
-1212.232,-598.85,GC396,0.0149347
-1212.232,-782.666,GC404,0.0150033
-1212.232,-966.482,GC411,0.0146376
-1212.232,-1150.298,GC418,0.0141376
-1212.232,-1334.114,GC425,0.0139195
-1212.232,-1517.93,GC433,0.0138421
-1212.232,-1701.746,GC440,0.0135616
-1212.232,-1885.562,GC448,0.0133789
-1212.232,-2069.378,GC455,0.0133276
-1028.416,7856.686,GJ2,0.0063548
-1028.416,7672.87,GJ9,0.0066461
-1028.416,7489.054,GJ16,0.0070387
-1028.416,7305.238,GJ25,0.0075306
-1028.416,7121.422,GJ34,0.0077905
-1028.416,6937.606,GJ43,0.0080415
-1028.416,6753.79,GJ52,0.0083576
-1028.416,6569.974,GJ60,0.0088439
-1028.416,6386.158,GJ69,0.009005
-1028.416,6202.342,GJ78,0.0092317
-1028.416,6018.526,GJ87,0.0095247
-1028.416,5834.71,GJ96,0.0099601
-1028.416,5650.894,GJ105,0.0101651
-1028.416,5467.078,GJ114,0.0104268
-1028.416,5283.262,GJ122,0.0108293
-1028.416,5099.446,GJ131,0.0113393
-1028.416,4915.63,GJ140,0.011668
-1028.416,4731.814,GJ149,0.0119666
-1028.416,4547.998,GJ158,0.0123921
-1028.416,4364.182,GJ167,0.0127552
-1028.416,4180.366,GJ176,0.0128291
-1028.416,3996.55,GJ184,0.0129417
-1028.416,3812.734,GJ192,0.0131229
-1028.416,3628.918,GJ200,0.0133289
-1028.416,3445.102,GJ209,0.0131541
-1028.416,3261.286,GJ218,0.0131631
-1028.416,3077.47,GJ227,0.0133086
-1028.416,2893.654,GJ236,0.0134083
-1028.416,2709.838,GJ244,0.0131408
-1028.416,2526.022,GJ253,0.0130303
-1028.416,2342.206,GJ262,0.0130728
-1028.416,2158.39,GJ271,0.0131282
-1028.416,1974.574,GJ280,0.012892
-1028.416,1790.758,GJ289,0.0128246
-1028.416,1606.942,GJ297,0.0129426
-1028.416,1423.126,GJ306,0.0131789
-1028.416,1239.31,GJ314,0.0131158
-1028.416,1055.494,GJ324,0.0132517
-1028.416,871.678,GJ332,0.0135729
-1028.416,687.862,GJ342,0.0138973
-1028.416,504.046,GJ350,0.0138349
-1028.416,320.23,GJ360,0.0138871
-1028.416,136.414,GJ367,0.0140502
-1028.416,-47.402,GJ374,0.0141579
-1028.416,-231.218,GJ381,0.0139322
-1028.416,-415.034,GJ389,0.0138557
-1028.416,-598.85,GJ396,0.0139508
-1028.416,-782.666,GJ404,0.013913
-1028.416,-966.482,GJ411,0.0135445
-1028.416,-1150.298,GJ418,0.0133584
-1028.416,-1334.114,GJ425,0.0132882
-1028.416,-1517.93,GJ433,0.0131962
-1028.416,-1701.746,GJ440,0.0128756
-1028.416,-1885.562,GJ448,0.0128234
-1028.416,-2069.378,GJ455,0.0127858
-844.6004,7856.686,GP2,0.0060743
-844.6004,7672.87,GP9,0.006433
-844.6004,7489.054,GP16,0.0067737
-844.6004,7305.238,GP25,0.0071138
-844.6004,7121.422,GP34,0.0074238
-844.6004,6937.606,GP43,0.0077973
-844.6004,6753.79,GP52,0.0081052
-844.6004,6569.974,GP60,0.0083931
-844.6004,6386.158,GP69,0.0086369
-844.6004,6202.342,GP78,0.0089354
-844.6004,6018.526,GP87,0.0091378
-844.6004,5834.71,GP96,0.0093563
-844.6004,5650.894,GP105,0.0096815
-844.6004,5467.078,GP114,0.0100365
-844.6004,5283.262,GP122,0.0103039
-844.6004,5099.446,GP131,0.0105655
-844.6004,4915.63,GP140,0.0109638
-844.6004,4731.814,GP149,0.0113601
-844.6004,4547.998,GP158,0.0115676
-844.6004,4364.182,GP167,0.0117284
-844.6004,4180.366,GP176,0.0120108
-844.6004,3996.55,GP184,0.0123056
-844.6004,3812.734,GP192,0.0123331
-844.6004,3628.918,GP200,0.0123469
-844.6004,3445.102,GP209,0.0124327
-844.6004,3261.286,GP218,0.0126234
-844.6004,3077.47,GP227,0.0126348
-844.6004,2893.654,GP236,0.0125514
-844.6004,2709.838,GP244,0.0126178
-844.6004,2526.022,GP253,0.0126917
-844.6004,2342.206,GP262,0.0126218
-844.6004,2158.39,GP271,0.0125184
-844.6004,1974.574,GP280,0.0125348
-844.6004,1790.758,GP289,0.0125888
-844.6004,1606.942,GP297,0.0125229
-844.6004,1423.126,GP306,0.0125191
-844.6004,1239.31,GP314,0.0126329
-844.6004,1055.494,GP324,0.0128333
-844.6004,871.678,GP332,0.0128395
-844.6004,687.862,GP342,0.0128686
-844.6004,504.046,GP350,0.0130222
-844.6004,320.23,GP360,0.0131986
-844.6004,136.414,GP367,0.0131056
-844.6004,-47.402,GP374,0.0129816
-844.6004,-231.218,GP381,0.0130428
-844.6004,-415.034,GP389,0.013138
-844.6004,-598.85,GP396,0.0129639
-844.6004,-782.666,GP404,0.0127492
-844.6004,-966.482,GP411,0.0127272
-844.6004,-1150.298,GP418,0.0127898
-844.6004,-1334.114,GP425,0.0125888
-844.6004,-1517.93,GP433,0.0123802
-844.6004,-1701.746,GP440,0.0123192
-844.6004,-1885.562,GP448,0.0124112
-844.6004,-2069.378,GP455,0.0123351
-660.7844,7856.686,GY2,0.0057505
-660.7844,7672.87,GY9,0.0061811
-660.7844,7489.054,GY16,0.006461
-660.7844,7305.238,GY25,0.0067244
-660.7844,7121.422,GY34,0.0070182
-660.7844,6937.606,GY43,0.007426
-660.7844,6753.79,GY52,0.007876
-660.7844,6569.974,GY60,0.0080079
-660.7844,6386.158,GY69,0.0082177
-660.7844,6202.342,GY78,0.0085233
-660.7844,6018.526,GY87,0.0086798
-660.7844,5834.71,GY96,0.0088476
-660.7844,5650.894,GY105,0.0091512
-660.7844,5467.078,GY114,0.0095295
-660.7844,5283.262,GY122,0.0097002
-660.7844,5099.446,GY131,0.0099237
-660.7844,4915.63,GY140,0.0102569
-660.7844,4731.814,GY149,0.0106346
-660.7844,4547.998,GY158,0.0107785
-660.7844,4364.182,GY167,0.0109629
-660.7844,4180.366,GY176,0.0112314
-660.7844,3996.55,GY184,0.0115015
-660.7844,3812.734,GY192,0.0115378
-660.7844,3628.918,GY200,0.0116056
-660.7844,3445.102,GY209,0.0117908
-660.7844,3261.286,GY218,0.0120086
-660.7844,3077.47,GY227,0.0119644
-660.7844,2893.654,GY236,0.0119959
-660.7844,2709.838,GY244,0.012114
-660.7844,2526.022,GY253,0.0122717
-660.7844,2342.206,GY262,0.0121255
-660.7844,2158.39,GY271,0.0121158
-660.7844,1974.574,GY280,0.0122117
-660.7844,1790.758,GY289,0.0122556
-660.7844,1606.942,GY297,0.0120695
-660.7844,1423.126,GY306,0.0120326
-660.7844,1239.31,GY314,0.0121461
-660.7844,1055.494,GY324,0.0122909
-660.7844,871.678,GY332,0.0121538
-660.7844,687.862,GY342,0.012143
-660.7844,504.046,GY350,0.0122632
-660.7844,320.23,GY360,0.0123658
-660.7844,136.414,GY367,0.0121958
-660.7844,-47.402,GY374,0.0121494
-660.7844,-231.218,GY381,0.0121989
-660.7844,-415.034,GY389,0.0122144
-660.7844,-598.85,GY396,0.0119984
-660.7844,-782.666,GY404,0.0119298
-660.7844,-966.482,GY411,0.0119537
-660.7844,-1150.298,GY418,0.0119942
-660.7844,-1334.114,GY425,0.0119254
-660.7844,-1517.93,GY433,0.0117328
-660.7844,-1701.746,GY440,0.0117109
-660.7844,-1885.562,GY448,0.0117181
-660.7844,-2069.378,GY455,0.011585
-476.9684,7856.686,HG2,0.0055311
-476.9684,7672.87,HG9,0.0058226
-476.9684,7489.054,HG16,0.0061181
-476.9684,7305.238,HG25,0.006426
-476.9684,7121.422,HG34,0.0066219
-476.9684,6937.606,HG43,0.0067947
-476.9684,6569.974,HG60,0.0077227
-476.9684,6386.158,HG69,0.0078208
-476.9684,6202.342,HG78,0.0079817
-476.9684,6018.526,HG87,0.0082189
-476.9684,5834.71,HG96,0.0084903
-476.9684,5650.894,HG105,0.0086923
-476.9684,5467.078,HG114,0.0088751
-476.9684,5283.262,HG122,0.0091679
-476.9684,5099.446,HG131,0.009467
-476.9684,4915.63,HG140,0.0096636
-476.9684,4731.814,HG149,0.009832
-476.9684,4547.998,HG158,0.0101093
-476.9684,4364.182,HG167,0.0104146
-476.9684,4180.366,HG176,0.0105483
-476.9684,3996.55,HG184,0.0106616
-476.9684,3812.734,HG192,0.0108728
-476.9684,3628.918,HG200,0.0111303
-476.9684,3445.102,HG209,0.0112173
-476.9684,3261.286,HG218,0.0112958
-476.9684,3077.47,HG227,0.0114824
-476.9684,2893.654,HG236,0.0116431
-476.9684,2709.838,HG244,0.0117094
-476.9684,2526.022,HG253,0.011713
-476.9684,2342.206,HG262,0.0117866
-476.9684,2158.39,HG271,0.0118749
-476.9684,1790.758,HG289,0.0117686
-476.9684,1606.942,HG297,0.0117625
-476.9684,1423.126,HG306,0.0118036
-476.9684,1239.31,HG314,0.0117332
-476.9684,1055.494,HG324,0.0116763
-476.9684,871.678,HG332,0.0116831
-476.9684,687.862,HG342,0.0117117
-476.9684,504.046,HG350,0.0115748
-476.9684,320.23,HG360,0.011447
-476.9684,136.414,HG367,0.0115171
-476.9684,-47.402,HG374,0.0115846
-476.9684,-231.218,HG381,0.0114492
-476.9684,-415.034,HG389,0.0112894
-476.9684,-598.85,HG396,0.0113129
-476.9684,-782.666,HG404,0.0113557
-476.9684,-966.482,HG411,0.0111705
-476.9684,-1150.298,HG418,0.0109719
-476.9684,-1517.93,HG433,0.0112135
-476.9684,-1701.746,HG440,0.0110066
-476.9684,-1885.562,HG448,0.0108594
-476.9684,-2069.378,HG455,0.010855
-293.1524,7856.686,HM2,0.0053871
-293.1524,7672.87,HM9,0.0055866
-293.1524,7489.054,HM16,0.0058676
-293.1524,7305.238,HM25,0.006248
-293.1524,7121.422,HM34,0.0063827
-293.1524,6937.606,HM43,0.006556
-293.1524,6753.79,HM52,0.0067727
-293.1524,6569.974,HM60,0.0073001
-293.1524,6386.158,HM69,0.0074677
-293.1524,6202.342,HM78,0.0076517
-293.1524,6018.526,HM87,0.007879
-293.1524,5834.71,HM96,0.0081515
-293.1524,5650.894,HM105,0.0083323
-293.1524,5467.078,HM114,0.0084741
-293.1524,5283.262,HM122,0.0087496
-293.1524,5099.446,HM131,0.0090248
-293.1524,4915.63,HM140,0.0091993
-293.1524,4731.814,HM149,0.0093373
-293.1524,4547.998,HM158,0.0096059
-293.1524,4364.182,HM167,0.0098946
-293.1524,4180.366,HM176,0.0099924
-293.1524,3996.55,HM184,0.0101585
-293.1524,3812.734,HM192,0.010378
-293.1524,3628.918,HM200,0.0106669
-293.1524,3445.102,HM209,0.0107609
-293.1524,3261.286,HM218,0.01092
-293.1524,3077.47,HM227,0.011173
-293.1524,2893.654,HM236,0.0113904
-293.1524,2709.838,HM244,0.0114584
-293.1524,2526.022,HM253,0.0114706
-293.1524,2342.206,HM262,0.0115918
-293.1524,2158.39,HM271,0.0116834
-293.1524,1974.574,HM280,0.011559
-293.1524,1790.758,HM289,0.0115664
-293.1524,1606.942,HM297,0.0115931
-293.1524,1423.126,HM306,0.0116521
-293.1524,1239.31,HM314,0.0114722
-293.1524,1055.494,HM324,0.0113924
-293.1524,871.678,HM332,0.0113567
-293.1524,687.862,HM342,0.0113021
-293.1524,504.046,HM350,0.0110555
-293.1524,320.23,HM360,0.0109529
-293.1524,136.414,HM367,0.011007
-293.1524,-47.402,HM374,0.0109949
-293.1524,-231.218,HM381,0.0108096
-293.1524,-415.034,HM389,0.0107154
-293.1524,-598.85,HM396,0.0107696
-293.1524,-782.666,HM404,0.0107534
-293.1524,-966.482,HM411,0.0105134
-293.1524,-1150.298,HM418,0.0104231
-293.1524,-1334.114,HM425,0.0103708
-293.1524,-1517.93,HM433,0.0105696
-293.1524,-1701.746,HM440,0.0103851
-293.1524,-1885.562,HM448,0.0103909
-293.1524,-2069.378,HM455,0.0103759
-109.3364,7856.686,HU2,0.0052556
-109.3364,7672.87,HU9,0.0055134
-109.3364,7489.054,HU16,0.0057662
-109.3364,7305.238,HU25,0.006023
-109.3364,7121.422,HU34,0.0062284
-109.3364,6937.606,HU43,0.0064786
-109.3364,6753.79,HU52,0.0066999
-109.3364,6569.974,HU60,0.00698
-109.3364,6386.158,HU69,0.0072111
-109.3364,6202.342,HU78,0.0074656
-109.3364,6018.526,HU87,0.007646
-109.3364,5834.71,HU96,0.0078101
-109.3364,5650.894,HU105,0.0080401
-109.3364,5467.078,HU114,0.0082828
-109.3364,5283.262,HU122,0.0084569
-109.3364,5099.446,HU131,0.0086083
-109.3364,4915.63,HU140,0.0088287
-109.3364,4731.814,HU149,0.009076
-109.3364,4547.998,HU158,0.0092243
-109.3364,4364.182,HU167,0.0093658
-109.3364,4180.366,HU176,0.0095909
-109.3364,3996.55,HU184,0.0098791
-109.3364,3812.734,HU192,0.0100306
-109.3364,3628.918,HU200,0.0101927
-109.3364,3445.102,HU209,0.0104025
-109.3364,3261.286,HU218,0.0107088
-109.3364,3077.47,HU227,0.0109957
-109.3364,2893.654,HU236,0.0111804
-109.3364,2709.838,HU244,0.011324
-109.3364,2526.022,HU253,0.01143
-109.3364,2342.206,HU262,0.0115133
-109.3364,2158.39,HU271,0.0115541
-109.3364,1974.574,HU280,0.0115437
-109.3364,1790.758,HU289,0.0115621
-109.3364,1606.942,HU297,0.0115376
-109.3364,1423.126,HU306,0.0114946
-109.3364,1239.31,HU314,0.0114025
-109.3364,1055.494,HU324,0.011308
-109.3364,871.678,HU332,0.0110929
-109.3364,687.862,HU342,0.0108796
-109.3364,504.046,HU350,0.010792
-109.3364,320.23,HU360,0.0107333
-109.3364,136.414,HU367,0.0105648
-109.3364,-47.402,HU374,0.0104096
-109.3364,-231.218,HU381,0.0104059
-109.3364,-415.034,HU389,0.0104167
-109.3364,-598.85,HU396,0.0102775
-109.3364,-782.666,HU404,0.0101297
-109.3364,-966.482,HU411,0.0101236
-109.3364,-1150.298,HU418,0.0101632
-109.3364,-1334.114,HU425,0.0100447
-109.3364,-1517.93,HU433,0.0099915
-109.3364,-1701.746,HU440,0.0100316
-109.3364,-1885.562,HU448,0.0101333
-109.3364,-2069.378,HU455,0.0101083
74.4796,7856.686,JC2,0.0050503
74.4796,7672.87,JC9,0.0053638
74.4796,7489.054,JC16,0.0055917
74.4796,7305.238,JC25,0.0057917
74.4796,7121.422,JC34,0.0060036
74.4796,6937.606,JC43,0.0063413
74.4796,6753.79,JC52,0.0064983
74.4796,6569.974,JC60,0.0066929
74.4796,6386.158,JC69,0.0069086
74.4796,6202.342,JC78,0.0072192
74.4796,6018.526,JC87,0.007343
74.4796,5834.71,JC96,0.0074776
74.4796,5650.894,JC105,0.0077059
74.4796,5467.078,JC114,0.0079636
74.4796,5283.262,JC122,0.0081043
74.4796,5099.446,JC131,0.0082165
74.4796,4915.63,JC140,0.0084476
74.4796,4731.814,JC149,0.0086928
74.4796,4547.998,JC158,0.0088128
74.4796,4364.182,JC167,0.0089491
74.4796,4180.366,JC176,0.0091799
74.4796,3996.55,JC184,0.0095197
74.4796,3812.734,JC192,0.0096148
74.4796,3628.918,JC200,0.0098034
74.4796,3445.102,JC209,0.0100393
74.4796,3261.286,JC218,0.0103991
74.4796,3077.47,JC227,0.0107575
74.4796,2893.654,JC236,0.0109501
74.4796,2709.838,JC244,0.0111416
74.4796,2526.022,JC253,0.0112906
74.4796,2342.206,JC262,0.0113574
74.4796,2158.39,JC271,0.0114084
74.4796,1974.574,JC280,0.0114209
74.4796,1790.758,JC289,0.0114688
74.4796,1606.942,JC297,0.0113962
74.4796,1423.126,JC306,0.0113539
74.4796,1239.31,JC314,0.0112359
74.4796,1055.494,JC324,0.0111146
74.4796,871.678,JC332,0.0107947
74.4796,687.862,JC342,0.0105909
74.4796,504.046,JC350,0.0104851
74.4796,320.23,JC360,0.010369
74.4796,136.414,JC367,0.0101113
74.4796,-47.402,JC374,0.0099734
74.4796,-231.218,JC381,0.0099828
74.4796,-415.034,JC389,0.0099489
74.4796,-598.85,JC396,0.0097646
74.4796,-782.666,JC404,0.0096904
74.4796,-966.482,JC411,0.009707
74.4796,-1150.298,JC418,0.0097499
74.4796,-1334.114,JC425,0.0095859
74.4796,-1517.93,JC433,0.0095846
74.4796,-1701.746,JC440,0.0096206
74.4796,-1885.562,JC448,0.0097164
74.4796,-2069.378,JC455,0.0096385
258.2956,7856.686,JJ2,0.0050381
258.2956,7672.87,JJ9,0.0052697
258.2956,7489.054,JJ16,0.0054963
258.2956,7305.238,JJ25,0.0057624
258.2956,7121.422,JJ34,0.0059594
258.2956,6937.606,JJ43,0.0061997
258.2956,6753.79,JJ52,0.006384
258.2956,6569.974,JJ60,0.0066337
258.2956,6386.158,JJ69,0.0067955
258.2956,6202.342,JJ78,0.0069838
258.2956,6018.526,JJ87,0.0071726
258.2956,5834.71,JJ96,0.0073702
258.2956,5650.894,JJ105,0.0075543
258.2956,5467.078,JJ114,0.0076859
258.2956,5283.262,JJ122,0.0079023
258.2956,5099.446,JJ131,0.0080823
258.2956,4915.63,JJ140,0.0082439
258.2956,4731.814,JJ149,0.0083689
258.2956,4547.998,JJ158,0.0085667
258.2956,4364.182,JJ167,0.0087968
258.2956,4180.366,JJ176,0.0089544
258.2956,3996.55,JJ184,0.0091445
258.2956,3812.734,JJ192,0.0093542
258.2956,3628.918,JJ200,0.0096535
258.2956,3445.102,JJ209,0.0098659
258.2956,3261.286,JJ218,0.0101395
258.2956,3077.47,JJ227,0.0105313
258.2956,2893.654,JJ236,0.010827
258.2956,2709.838,JJ244,0.0110752
258.2956,2526.022,JJ253,0.0111833
258.2956,2342.206,JJ262,0.0112992
258.2956,2158.39,JJ271,0.0113843
258.2956,1974.574,JJ280,0.0113651
258.2956,1790.758,JJ289,0.011375
258.2956,1606.942,JJ297,0.0113588
258.2956,1423.126,JJ306,0.0113399
258.2956,1239.31,JJ314,0.0111439
258.2956,1055.494,JJ324,0.010995
258.2956,871.678,JJ332,0.0107643
258.2956,687.862,JJ342,0.0105387
258.2956,504.046,JJ350,0.0102656
258.2956,320.23,JJ360,0.0099986
258.2956,136.414,JJ367,0.0099102
258.2956,-47.402,JJ374,0.0098335
258.2956,-231.218,JJ381,0.009691
258.2956,-415.034,JJ389,0.0095178
258.2956,-598.85,JJ396,0.0095154
258.2956,-782.666,JJ404,0.0095186
258.2956,-966.482,JJ411,0.0094156
258.2956,-1150.298,JJ418,0.0093406
258.2956,-1334.114,JJ425,0.0093429
258.2956,-1517.93,JJ433,0.0094308
258.2956,-1701.746,JJ440,0.0093273
258.2956,-1885.562,JJ448,0.0092895
258.2956,-2069.378,JJ455,0.0092705
442.1116,7856.686,JM2,0.0049055
442.1116,7672.87,JM9,0.0050742
442.1116,7489.054,JM16,0.0053041
442.1116,7305.238,JM25,0.0056585
442.1116,7121.422,JM34,0.0058021
442.1116,6937.606,JM43,0.0059824
442.1116,6753.79,JM52,0.0061572
442.1116,6569.974,JM60,0.0064836
442.1116,6386.158,JM69,0.0065803
442.1116,6202.342,JM78,0.0067287
442.1116,6018.526,JM87,0.0069058
442.1116,5834.71,JM96,0.0071635
442.1116,5650.894,JM105,0.0072888
442.1116,5467.078,JM114,0.0073887
442.1116,5283.262,JM122,0.0076009
442.1116,5099.446,JM131,0.0078306
442.1116,4915.63,JM140,0.0079448
442.1116,4731.814,JM149,0.0080456
442.1116,4547.998,JM158,0.0082441
442.1116,4364.182,JM167,0.0085139
442.1116,4180.366,JM176,0.0086346
442.1116,3996.55,JM184,0.008807
442.1116,3812.734,JM192,0.0090288
442.1116,3628.918,JM200,0.00939
442.1116,3445.102,JM209,0.0095896
442.1116,3261.286,JM218,0.0098406
442.1116,3077.47,JM227,0.0102428
442.1116,2893.654,JM236,0.0106279
442.1116,2709.838,JM244,0.0109179
442.1116,2526.022,JM253,0.011032
442.1116,2342.206,JM262,0.0111628
442.1116,2158.39,JM271,0.01127
442.1116,1974.574,JM280,0.0112227
442.1116,1790.758,JM289,0.0112403
442.1116,1606.942,JM297,0.0112058
442.1116,1423.126,JM306,0.0111908
442.1116,1239.31,JM314,0.0109662
442.1116,1055.494,JM324,0.0108428
442.1116,871.678,JM332,0.0106261
442.1116,687.862,JM342,0.010294
442.1116,504.046,JM350,0.0099235
442.1116,320.23,JM360,0.0097034
442.1116,136.414,JM367,0.0096266
442.1116,-47.402,JM374,0.0095045
442.1116,-231.218,JM381,0.0092894
442.1116,-415.034,JM389,0.0091656
442.1116,-598.85,JM396,0.0091819
442.1116,-782.666,JM404,0.0091745
442.1116,-966.482,JM411,0.0090202
442.1116,-1150.298,JM418,0.0089898
442.1116,-1334.114,JM425,0.0090083
442.1116,-1517.93,JM433,0.0091005
442.1116,-1701.746,JM440,0.0089329
442.1116,-1885.562,JM448,0.0089454
442.1116,-2069.378,JM455,0.0089352
625.9276,7856.686,JP2,0.0048163
625.9276,7672.87,JP9,0.0050384
625.9276,7489.054,JP16,0.0052724
625.9276,7305.238,JP25,0.0055188
625.9276,7121.422,JP34,0.0057054
625.9276,6937.606,JP43,0.0059277
625.9276,6753.79,JP52,0.006109
625.9276,6569.974,JP60,0.0062999
625.9276,6386.158,JP69,0.0064621
625.9276,6202.342,JP78,0.006652
625.9276,6018.526,JP87,0.0068031
625.9276,5834.71,JP96,0.0069461
625.9276,5650.894,JP105,0.0071247
625.9276,5467.078,JP114,0.0073051
625.9276,5283.262,JP122,0.0074509
625.9276,5099.446,JP131,0.007578
625.9276,4915.63,JP140,0.007751
625.9276,4731.814,JP149,0.0079534
625.9276,4547.998,JP158,0.008093
625.9276,4364.182,JP167,0.0082453
625.9276,4180.366,JP176,0.0084301
625.9276,3996.55,JP184,0.0086797
625.9276,3812.734,JP192,0.0088856
625.9276,3628.918,JP200,0.0091217
625.9276,3445.102,JP209,0.0093751
625.9276,3261.286,JP218,0.0097444
625.9276,3077.47,JP227,0.0101812
625.9276,2893.654,JP236,0.0105304
625.9276,2709.838,JP244,0.0107915
625.9276,2526.022,JP253,0.0109837
625.9276,2342.206,JP262,0.0111029
625.9276,2158.39,JP271,0.0111479
625.9276,1974.574,JP280,0.0111682
625.9276,1790.758,JP289,0.0112025
625.9276,1606.942,JP297,0.0111323
625.9276,1423.126,JP306,0.0110495
625.9276,1239.31,JP314,0.0109247
625.9276,1055.494,JP324,0.0107501
625.9276,871.678,JP332,0.0103964
625.9276,687.862,JP342,0.0100206
625.9276,504.046,JP350,0.0098047
625.9276,320.23,JP360,0.0096393
625.9276,136.414,JP367,0.0093957
625.9276,-47.402,JP374,0.009182
625.9276,-231.218,JP381,0.0091025
625.9276,-415.034,JP389,0.0090538
625.9276,-598.85,JP396,0.0089286
625.9276,-782.666,JP404,0.0088275
625.9276,-966.482,JP411,0.008815
625.9276,-1150.298,JP418,0.0088516
625.9276,-1334.114,JP425,0.0087785
625.9276,-1517.93,JP433,0.0087286
625.9276,-1701.746,JP440,0.0087481
625.9276,-1885.562,JP448,0.0088123
625.9276,-2069.378,JP455,0.0088014
809.7436,7856.686,JT2,0.0046494
809.7436,7672.87,JT9,0.0049365
809.7436,7489.054,JT16,0.0051519
809.7436,7305.238,JT25,0.0053314
809.7436,7121.422,JT34,0.0055175
809.7436,6937.606,JT43,0.0058189
809.7436,6753.79,JT52,0.0059347
809.7436,6569.974,JT60,0.0060908
809.7436,6386.158,JT69,0.0062504
809.7436,6202.342,JT78,0.0065077
809.7436,6018.526,JT87,0.0066037
809.7436,5834.71,JT96,0.0067076
809.7436,5650.894,JT105,0.0068867
809.7436,5467.078,JT114,0.0071017
809.7436,5283.262,JT122,0.007218
809.7436,5099.446,JT131,0.0072969
809.7436,4915.63,JT140,0.0074958
809.7436,4731.814,JT149,0.0078125
809.7436,4547.998,JT158,0.007878
809.7436,4364.182,JT167,0.0079609
809.7436,4180.366,JT176,0.0081491
809.7436,3996.55,JT184,0.0084824
809.7436,3812.734,JT192,0.0086131
809.7436,3628.918,JT200,0.0088299
809.7436,3445.102,JT209,0.0090979
809.7436,3261.286,JT218,0.0095816
809.7436,3077.47,JT227,0.0100447
809.7436,2893.654,JT236,0.0103298
809.7436,2709.838,JT244,0.0105967
809.7436,2526.022,JT253,0.010829
809.7436,2342.206,JT262,0.0109469
809.7436,2158.39,JT271,0.011003
809.7436,1974.574,JT280,0.0110302
809.7436,1790.758,JT289,0.0110798
809.7436,1606.942,JT297,0.010967
809.7436,1423.126,JT306,0.0109039
809.7436,1239.31,JT314,0.010756
809.7436,1055.494,JT324,0.0105295
809.7436,871.678,JT332,0.0100816
809.7436,687.862,JT342,0.0097847
809.7436,504.046,JT350,0.0096221
809.7436,320.23,JT360,0.0094686
809.7436,136.414,JT367,0.0090754
809.7436,-47.402,JT374,0.0088753
809.7436,-231.218,JT381,0.008838
809.7436,-415.034,JT389,0.008768
809.7436,-598.85,JT396,0.0085985
809.7436,-782.666,JT404,0.0085234
809.7436,-966.482,JT411,0.0085393
809.7436,-1150.298,JT418,0.0085823
809.7436,-1334.114,JT425,0.0084407
809.7436,-1517.93,JT433,0.008426
809.7436,-1701.746,JT440,0.0084505
809.7436,-1885.562,JT448,0.0085507
809.7436,-2069.378,JT455,0.008484
993.5596,7856.686,JV2,0.0046364
993.5596,7672.87,JV9,0.004855
993.5596,7489.054,JV16,0.0050651
993.5596,7305.238,JV25,0.0053044
993.5596,7121.422,JV34,0.0054868
993.5596,6937.606,JV43,0.0056939
993.5596,6753.79,JV52,0.0058479
993.5596,6569.974,JV60,0.0060484
993.5596,6386.158,JV69,0.0061894
993.5596,6202.342,JV78,0.0063499
993.5596,6018.526,JV87,0.0064941
993.5596,5834.71,JV96,0.0066468
993.5596,5650.894,JV105,0.0068029
993.5596,5467.078,JV114,0.0069191
993.5596,5283.262,JV122,0.0070821
993.5596,5099.446,JV131,0.0072112
993.5596,4915.63,JV140,0.0073458
993.5596,4547.998,JV158,0.0077485
993.5596,4364.182,JV167,0.0078832
993.5596,4180.366,JV176,0.0080326
993.5596,3996.55,JV184,0.0082449
993.5596,3812.734,JV192,0.0084456
993.5596,3628.918,JV200,0.0087428
993.5596,3445.102,JV209,0.00901
993.5596,3261.286,JV218,0.0093777
993.5596,3077.47,JV227,0.0098418
993.5596,2893.654,JV236,0.0102225
993.5596,2709.838,JV244,0.010522
993.5596,2526.022,JV253,0.0107114
993.5596,2342.206,JV262,0.0108551
993.5596,2158.39,JV271,0.0109416
993.5596,1974.574,JV280,0.0109528
993.5596,1790.758,JV289,0.0109561
993.5596,1606.942,JV297,0.0109079
993.5596,1423.126,JV306,0.01085
993.5596,1239.31,JV314,0.0106368
993.5596,1055.494,JV324,0.0103994
993.5596,871.678,JV332,0.0100627
993.5596,687.862,JV342,0.0097704
993.5596,504.046,JV350,0.0094975
993.5596,136.414,JV367,0.0088939
993.5596,-47.402,JV374,0.0087928
993.5596,-231.218,JV381,0.0086475
993.5596,-415.034,JV389,0.0084847
993.5596,-598.85,JV396,0.00845
993.5596,-782.666,JV404,0.0084329
993.5596,-966.482,JV411,0.008351
993.5596,-1150.298,JV418,0.0082997
993.5596,-1334.114,JV425,0.0082852
993.5596,-1517.93,JV433,0.0083354
993.5596,-1701.746,JV440,0.0082602
993.5596,-1885.562,JV448,0.0082451
993.5596,-2069.378,JV455,0.0082332
1177.376,7856.686,JY2,0.0045842
1177.376,7672.87,JY9,0.0047395
1177.376,7489.054,JY16,0.0049582
1177.376,7305.238,JY25,0.0052881
1177.376,7121.422,JY34,0.005424
1177.376,6937.606,JY43,0.0055772
1177.376,6753.79,JY52,0.0057368
1177.376,6569.974,JY60,0.0060111
1177.376,6386.158,JY69,0.0060972
1177.376,6202.342,JY78,0.0062142
1177.376,6018.526,JY87,0.0063636
1177.376,5834.71,JY96,0.0065843
1177.376,5650.894,JY105,0.0066855
1177.376,5467.078,JY114,0.0067594
1177.376,5283.262,JY122,0.0069311
1177.376,5099.446,JY131,0.00711
1177.376,4915.63,JY140,0.0071879
1177.376,4731.814,JY149,0.0072665
1177.376,4547.998,JY158,0.0074688
1177.376,4364.182,JY167,0.007735
1177.376,4180.366,JY176,0.0078566
1177.376,3996.55,JY184,0.0080054
1177.376,3812.734,JY192,0.0082303
1177.376,3628.918,JY200,0.0085961
1177.376,3445.102,JY209,0.0088573
1177.376,3261.286,JY218,0.009145
1177.376,3077.47,JY227,0.0095739
1177.376,2893.654,JY236,0.0100513
1177.376,2709.838,JY244,0.0104012
1177.376,2526.022,JY253,0.010572
1177.376,2342.206,JY262,0.0107202
1177.376,2158.39,JY271,0.0108395
1177.376,1974.574,JY280,0.0108344
1177.376,1790.758,JY289,0.0108384
1177.376,1606.942,JY297,0.0107902
1177.376,1423.126,JY306,0.0106986
1177.376,1239.31,JY314,0.0104492
1177.376,1055.494,JY324,0.0102685
1177.376,871.678,JY332,0.0099634
1177.376,687.862,JY342,0.0095534
1177.376,504.046,JY350,0.0091234
1177.376,320.23,JY360,0.0088254
1177.376,136.414,JY367,0.0087248
1177.376,-47.402,JY374,0.0086237
1177.376,-231.218,JY381,0.0084084
1177.376,-415.034,JY389,0.0082799
1177.376,-598.85,JY396,0.0082782
1177.376,-782.666,JY404,0.008274
1177.376,-966.482,JY411,0.0081303
1177.376,-1150.298,JY418,0.0080936
1177.376,-1334.114,JY425,0.0081058
1177.376,-1517.93,JY433,0.008184
1177.376,-1701.746,JY440,0.0080382
1177.376,-1885.562,JY448,0.0080353
1177.376,-2069.378,JY455,0.00803
1361.192,7856.686,KB2,0.0045237
1361.192,7672.87,KB9,0.0047311
1361.192,7489.054,KB16,0.0049634
1361.192,7305.238,KB25,0.0052034
1361.192,7121.422,KB34,0.0053666
1361.192,6937.606,KB43,0.0055705
1361.192,6753.79,KB52,0.0057287
1361.192,6569.974,KB60,0.0059148
1361.192,6386.158,KB69,0.0060383
1361.192,6202.342,KB78,0.0061981
1361.192,6018.526,KB87,0.0063352
1361.192,5834.71,KB96,0.0064608
1361.192,5650.894,KB105,0.0066076
1361.192,5467.078,KB114,0.0067409
1361.192,5283.262,KB122,0.0068811
1361.192,5099.446,KB131,0.0069782
1361.192,4915.63,KB140,0.0071053
1361.192,4731.814,KB149,0.00725
1361.192,4547.998,KB158,0.0074038
1361.192,4364.182,KB167,0.0075676
1361.192,4180.366,KB176,0.0077344
1361.192,3996.55,KB184,0.0079642
1361.192,3812.734,KB192,0.0081613
1361.192,3628.918,KB200,0.0084295
1361.192,3445.102,KB209,0.008678
1361.192,3261.286,KB218,0.0090512
1361.192,3077.47,KB227,0.0095388
1361.192,2893.654,KB236,0.009935
1361.192,2709.838,KB244,0.0102805
1361.192,2526.022,KB253,0.0104848
1361.192,2342.206,KB262,0.0106008
1361.192,2158.39,KB271,0.0106764
1361.192,1974.574,KB280,0.0107308
1361.192,1790.758,KB289,0.010764
1361.192,1606.942,KB297,0.0106614
1361.192,1423.126,KB306,0.0105404
1361.192,1239.31,KB314,0.0103969
1361.192,1055.494,KB324,0.0101654
1361.192,871.678,KB332,0.0097208
1361.192,687.862,KB342,0.0092803
1361.192,504.046,KB350,0.009019
1361.192,320.23,KB360,0.00881
1361.192,136.414,KB367,0.0086005
1361.192,-47.402,KB374,0.0084076
1361.192,-231.218,KB381,0.0083224
1361.192,-415.034,KB389,0.0082473
1361.192,-598.85,KB396,0.0081536
1361.192,-782.666,KB404,0.0080564
1361.192,-966.482,KB411,0.0080248
1361.192,-1150.298,KB418,0.0080485
1361.192,-1334.114,KB425,0.0079843
1361.192,-1517.93,KB433,0.0079557
1361.192,-1701.746,KB440,0.0079339
1361.192,-1885.562,KB448,0.0079987
1361.192,-2069.378,KB455,0.0079822
1545.008,7856.686,KD2,0.0044074
1545.008,7672.87,KD9,0.0046973
1545.008,7489.054,KD16,0.0049029
1545.008,7305.238,KD25,0.0050734
1545.008,7121.422,KD34,0.0052481
1545.008,6937.606,KD43,0.0055367
1545.008,6753.79,KD52,0.0056495
1545.008,6569.974,KD60,0.0057769
1545.008,6386.158,KD69,0.0059195
1545.008,6202.342,KD78,0.006155
1545.008,6018.526,KD87,0.0062357
1545.008,5834.71,KD96,0.0063161
1545.008,5650.894,KD105,0.0064692
1545.008,5467.078,KD114,0.0066771
1545.008,5283.262,KD122,0.006753
1545.008,5099.446,KD131,0.0068174
1545.008,4915.63,KD140,0.0069627
1545.008,4731.814,KD149,0.0071804
1545.008,4547.998,KD158,0.0072716
1545.008,4364.182,KD167,0.0073774
1545.008,4180.366,KD176,0.0075517
1545.008,3996.55,KD184,0.0078734
1545.008,3812.734,KD192,0.0080036
1545.008,3628.918,KD200,0.0081903
1545.008,3445.102,KD209,0.0084672
1545.008,3261.286,KD218,0.0089094
1545.008,3077.47,KD227,0.0094123
1545.008,2893.654,KD236,0.009741
1545.008,2709.838,KD244,0.0100363
1545.008,2526.022,KD253,0.0102607
1545.008,2342.206,KD262,0.0103859
1545.008,2158.39,KD271,0.0104752
1545.008,1974.574,KD280,0.0105261
1545.008,1790.758,KD289,0.0105345
1545.008,1606.942,KD297,0.0104208
1545.008,1423.126,KD306,0.0103432
1545.008,1239.31,KD314,0.010186
1545.008,1055.494,KD324,0.0098647
1545.008,871.678,KD332,0.0093584
1545.008,687.862,KD342,0.0090379
1545.008,504.046,KD350,0.0088595
1545.008,320.23,KD360,0.0086523
1545.008,136.414,KD367,0.0083733
1545.008,-47.402,KD374,0.0082144
1545.008,-231.218,KD381,0.0081634
1545.008,-415.034,KD389,0.0081068
1545.008,-598.85,KD396,0.0079421
1545.008,-782.666,KD404,0.0078653
1545.008,-966.482,KD411,0.0078662
1545.008,-1150.298,KD418,0.0079129
1545.008,-1334.114,KD425,0.0077793
1545.008,-1517.93,KD433,0.0077564
1545.008,-1701.746,KD440,0.0077811
1545.008,-1885.562,KD448,0.0078754
1545.008,-2069.378,KD455,0.0078226
1728.824,7856.686,KF2,0.0044459
1728.824,7672.87,KF9,0.0046612
1728.824,7489.054,KF16,0.0048603
1728.824,7305.238,KF25,0.0050982
1728.824,7121.422,KF34,0.0052769
1728.824,6937.606,KF43,0.0054887
1728.824,6753.79,KF52,0.0056184
1728.824,6569.974,KF60,0.0058081
1728.824,6386.158,KF69,0.0059349
1728.824,6202.342,KF78,0.006091
1728.824,6018.526,KF87,0.0062069
1728.824,5834.71,KF96,0.0063309
1728.824,5650.894,KF105,0.0064894
1728.824,5467.078,KF114,0.0065867
1728.824,5283.262,KF122,0.006727
1728.824,5099.446,KF131,0.0068279
1728.824,4915.63,KF140,0.0069652
1728.824,4731.814,KF149,0.0070733
1728.824,4547.998,KF158,0.0072099
1728.824,4364.182,KF167,0.0073728
1728.824,4180.366,KF176,0.0075225
1728.824,3996.55,KF184,0.0077278
1728.824,3812.734,KF192,0.0078888
1728.824,3628.918,KF200,0.0081547
1728.824,3445.102,KF209,0.0083828
1728.824,3261.286,KF218,0.0087285
1728.824,3077.47,KF227,0.009186
1728.824,2893.654,KF236,0.0095698
1728.824,2709.838,KF244,0.0098711
1728.824,2526.022,KF253,0.0099936
1728.824,2342.206,KF262,0.0101752
1728.824,2158.39,KF271,0.0102982
1728.824,1974.574,KF280,0.0102939
1728.824,1790.758,KF289,0.010262
1728.824,1606.942,KF297,0.0102465
1728.824,1423.126,KF306,0.0101749
1728.824,1239.31,KF314,0.0098769
1728.824,1055.494,KF324,0.0095822
1728.824,871.678,KF332,0.0092727
1728.824,687.862,KF342,0.0090195
1728.824,504.046,KF350,0.0087224
1728.824,320.23,KF360,0.0084589
1728.824,136.414,KF367,0.0083242
1728.824,-47.402,KF374,0.008209
1728.824,-231.218,KF381,0.0080875
1728.824,-415.034,KF389,0.0079299
1728.824,-598.85,KF396,0.0078912
1728.824,-782.666,KF404,0.0078562
1728.824,-966.482,KF411,0.0077891
1728.824,-1150.298,KF418,0.007752
1728.824,-1334.114,KF425,0.0077153
1728.824,-1517.93,KF433,0.0077645
1728.824,-1701.746,KF440,0.0077011
1728.824,-1885.562,KF448,0.0077076
1728.824,-2069.378,KF455,0.0076803
1912.64,7856.686,KH2,0.0043849
1912.64,7672.87,KH9,0.0045442
1912.64,7489.054,KH16,0.0047674
1912.64,7305.238,KH25,0.0050807
1912.64,7121.422,KH34,0.0052289
1912.64,6937.606,KH43,0.0053786
1912.64,6753.79,KH52,0.0055264
1912.64,6569.974,KH60,0.005803
1912.64,6386.158,KH69,0.005875
1912.64,6202.342,KH78,0.005978
1912.64,6018.526,KH87,0.0061118
1912.64,5834.71,KH96,0.0063138
1912.64,5650.894,KH105,0.0064031
1912.64,5467.078,KH114,0.0064622
1912.64,5283.262,KH122,0.0066179
1912.64,5099.446,KH131,0.006795
1912.64,4915.63,KH140,0.0068674
1912.64,4731.814,KH149,0.0069316
1912.64,4547.998,KH158,0.0070814
1912.64,4364.182,KH167,0.0073133
1912.64,4180.366,KH176,0.0074026
1912.64,3996.55,KH184,0.0075333
1912.64,3812.734,KH192,0.0077144
1912.64,3628.918,KH200,0.0080284
1912.64,3445.102,KH209,0.008217
1912.64,3261.286,KH218,0.0084555
1912.64,3077.47,KH227,0.0088144
1912.64,2893.654,KH236,0.0092147
1912.64,2709.838,KH244,0.0095441
1912.64,2526.022,KH253,0.009686
1912.64,2342.206,KH262,0.0098239
1912.64,2158.39,KH271,0.0099011
1912.64,1974.574,KH280,0.0099233
1912.64,1790.758,KH289,0.009945
1912.64,1606.942,KH297,0.0099052
1912.64,1423.126,KH306,0.0097625
1912.64,1239.31,KH314,0.0094924
1912.64,1055.494,KH324,0.0093527
1912.64,871.678,KH332,0.0091295
1912.64,687.862,KH342,0.0088341
1912.64,504.046,KH350,0.0084806
1912.64,320.23,KH360,0.0082744
1912.64,136.414,KH367,0.0081934
1912.64,-47.402,KH374,0.0080958
1912.64,-231.218,KH381,0.0078922
1912.64,-415.034,KH389,0.0077682
1912.64,-598.85,KH396,0.0077655
1912.64,-782.666,KH404,0.0077598
1912.64,-966.482,KH411,0.0076205
1912.64,-1150.298,KH418,0.0075821
1912.64,-1334.114,KH425,0.0075861
1912.64,-1517.93,KH433,0.0076764
1912.64,-1701.746,KH440,0.0075357
1912.64,-1885.562,KH448,0.0075385
1912.64,-2069.378,KH455,0.007528
2096.456,7856.686,KK2,0.0043175
2096.456,7672.87,KK9,0.0045375
2096.456,7489.054,KK16,0.004781
2096.456,7305.238,KK25,0.0050329
2096.456,7121.422,KK34,0.0051916
2096.456,6937.606,KK43,0.0053904
2096.456,6753.79,KK52,0.0055503
2096.456,6569.974,KK60,0.0057399
2096.456,6386.158,KK69,0.0058499
2096.456,6202.342,KK78,0.0059933
2096.456,6018.526,KK87,0.006126
2096.456,5834.71,KK96,0.0062459
2096.456,5650.894,KK105,0.0063716
2096.456,5467.078,KK114,0.0064826
2096.456,5283.262,KK122,0.0066166
2096.456,5099.446,KK131,0.0067137
2096.456,4915.63,KK140,0.0068225
2096.456,4731.814,KK149,0.0069398
2096.456,4547.998,KK158,0.00706
2096.456,4364.182,KK167,0.0071942
2096.456,4180.366,KK176,0.0073183
2096.456,3996.55,KK184,0.0075047
2096.456,3812.734,KK192,0.0076525
2096.456,3628.918,KK200,0.0078573
2096.456,3445.102,KK209,0.0080373
2096.456,3261.286,KK218,0.0083136
2096.456,3077.47,KK227,0.0086094
2096.456,2893.654,KK236,0.0088513
2096.456,2709.838,KK244,0.0091543
2096.456,2526.022,KK253,0.0093655
2096.456,2342.206,KK262,0.0094183
2096.456,2158.39,KK271,0.009422
2096.456,1974.574,KK280,0.0095248
2096.456,1790.758,KK289,0.009614
2096.456,1606.942,KK297,0.0094688
2096.456,1423.126,KK306,0.0092926
2096.456,1239.31,KK314,0.0092046
2096.456,1055.494,KK324,0.0091477
2096.456,871.678,KK332,0.008864
2096.456,687.862,KK342,0.0085609
2096.456,504.046,KK350,0.0083871
2096.456,320.23,KK360,0.0082479
2096.456,136.414,KK367,0.0080881
2096.456,-47.402,KK374,0.0079194
2096.456,-231.218,KK381,0.0078395
2096.456,-415.034,KK389,0.007762
2096.456,-598.85,KK396,0.0076782
2096.456,-782.666,KK404,0.0075903
2096.456,-966.482,KK411,0.0075513
2096.456,-1150.298,KK418,0.0075675
2096.456,-1334.114,KK425,0.0075157
2096.456,-1517.93,KK433,0.0075009
2096.456,-1701.746,KK440,0.0074826
2096.456,-1885.562,KK448,0.0075276
2096.456,-2069.378,KK455,0.0075175
2280.272,7856.686,KM2,0.0042076
2280.272,7672.87,KM9,0.0045139
2280.272,7489.054,KM16,0.0047418
2280.272,7305.238,KM25,0.0049191
2280.272,7121.422,KM34,0.0051027
2280.272,6937.606,KM43,0.0053877
2280.272,6753.79,KM52,0.0055056
2280.272,6569.974,KM60,0.0056306
2280.272,6386.158,KM69,0.005766
2280.272,6202.342,KM78,0.0059942
2280.272,6018.526,KM87,0.0060701
2280.272,5834.71,KM96,0.0061428
2280.272,5650.894,KM105,0.0062802
2280.272,5467.078,KM114,0.0064673
2280.272,5283.262,KM122,0.0065311
2280.272,5099.446,KM131,0.0065988
2280.272,4915.63,KM140,0.006725
2280.272,4731.814,KM149,0.0069136
2280.272,4547.998,KM158,0.0069753
2280.272,4364.182,KM167,0.0070477
2280.272,4180.366,KM176,0.0071879
2280.272,3996.55,KM184,0.007436
2280.272,3812.734,KM192,0.0075135
2280.272,3628.918,KM200,0.0076334
2280.272,3445.102,KM209,0.0078123
2280.272,3261.286,KM218,0.008116
2280.272,3077.47,KM227,0.0083416
2280.272,2893.654,KM236,0.0084995
2280.272,2709.838,KM244,0.008715
2280.272,2526.022,KM253,0.0089251
2280.272,2342.206,KM262,0.0089522
2280.272,2158.39,KM271,0.0089918
2280.272,1974.574,KM280,0.0090685
2280.272,1790.758,KM289,0.0091379
2280.272,1606.942,KM297,0.0089816
2280.272,1423.126,KM306,0.0088958
2280.272,1239.31,KM314,0.0088566
2280.272,1055.494,KM324,0.0087843
2280.272,871.678,KM332,0.0085143
2280.272,687.862,KM342,0.0083347
2280.272,504.046,KM350,0.0082368
2280.272,320.23,KM360,0.0081161
2280.272,136.414,KM367,0.007893
2280.272,-47.402,KM374,0.0077514
2280.272,-231.218,KM381,0.0077175
2280.272,-415.034,KM389,0.0076635
2280.272,-598.85,KM396,0.0075073
2280.272,-782.666,KM404,0.007431
2280.272,-966.482,KM411,0.0074301
2280.272,-1150.298,KM418,0.0074766
2280.272,-1334.114,KM425,0.0073588
2280.272,-1517.93,KM433,0.0073379
2280.272,-1701.746,KM440,0.0073558
2280.272,-1885.562,KM448,0.0074618
2280.272,-2069.378,KM455,0.0074113
2464.088,7856.686,KP2,0.0042544
2464.088,7672.87,KP9,0.0045012
2464.088,7489.054,KP16,0.004715
2464.088,7305.238,KP25,0.0049581
2464.088,7121.422,KP34,0.0051539
2464.088,6937.606,KP43,0.0053781
2464.088,6753.79,KP52,0.0055061
2464.088,6569.974,KP60,0.0056862
2464.088,6386.158,KP69,0.0058175
2464.088,6202.342,KP78,0.0059728
2464.088,6018.526,KP87,0.006078
2464.088,5834.71,KP96,0.0061929
2464.088,5650.894,KP105,0.0063344
2464.088,5467.078,KP114,0.0064315
2464.088,5283.262,KP122,0.0065274
2464.088,5099.446,KP131,0.0066599
2464.088,4915.63,KP140,0.0067632
2464.088,4731.814,KP149,0.0068581
2464.088,4547.998,KP158,0.0069579
2464.088,4364.182,KP167,0.0070827
2464.088,4180.366,KP176,0.0071932
2464.088,3996.55,KP184,0.0073465
2464.088,3812.734,KP192,0.0074467
2464.088,3628.918,KP200,0.007621
2464.088,3445.102,KP209,0.0077282
2464.088,3261.286,KP218,0.0079059
2464.088,3077.47,KP227,0.0081594
2464.088,2893.654,KP236,0.0083537
2464.088,2709.838,KP244,0.0085095
2464.088,2526.022,KP253,0.0085817
2464.088,2342.206,KP262,0.0087021
2464.088,2158.39,KP271,0.0088139
2464.088,1974.574,KP280,0.0087953
2464.088,1790.758,KP289,0.0087504
2464.088,1606.942,KP297,0.0087556
2464.088,1423.126,KP306,0.0087652
2464.088,1239.31,KP314,0.0086249
2464.088,1055.494,KP324,0.0084934
2464.088,871.678,KP332,0.0083772
2464.088,687.862,KP342,0.0082974
2464.088,504.046,KP350,0.0081408
2464.088,320.23,KP360,0.0079817
2464.088,136.414,KP367,0.0078414
2464.088,-47.402,KP374,0.0077722
2464.088,-231.218,KP381,0.0076681
2464.088,-415.034,KP389,0.0075246
2464.088,-598.85,KP396,0.0074773
2464.088,-782.666,KP404,0.0074424
2464.088,-966.482,KP411,0.0073741
2464.088,-1150.298,KP418,0.0073431
2464.088,-1334.114,KP425,0.0073127
2464.088,-1517.93,KP433,0.0073578
2464.088,-1701.746,KP440,0.0073207
2464.088,-1885.562,KP448,0.0073339
2464.088,-2069.378,KP455,0.0073116
2647.904,7856.686,KT2,0.0042787
2647.904,7672.87,KT9,0.0044725
2647.904,7489.054,KT16,0.0047154
2647.904,7305.238,KT25,0.0050428
2647.904,7121.422,KT34,0.0052179
2647.904,6937.606,KT43,0.0053335
2647.904,6753.79,KT52,0.0055266
2647.904,6569.974,KT60,0.005778
2647.904,6386.158,KT69,0.0058751
2647.904,6202.342,KT78,0.0059443
2647.904,6018.526,KT87,0.0060918
2647.904,5834.71,KT96,0.0063147
2647.904,5650.894,KT105,0.0063474
2647.904,5467.078,KT114,0.0064249
2647.904,5283.262,KT122,0.0065094
2647.904,5099.446,KT131,0.0067802
2647.904,4915.63,KT140,0.0067615
2647.904,4731.814,KT149,0.0068352
2647.904,4547.998,KT158,0.0069489
2647.904,4364.182,KT167,0.0071667
2647.904,4180.366,KT176,0.0072096
2647.904,3996.55,KT184,0.0072548
2647.904,3812.734,KT192,0.0074157
2647.904,3628.918,KT200,0.0076106
2647.904,3445.102,KT209,0.0076579
2647.904,3261.286,KT218,0.007764
2647.904,3077.47,KT227,0.007983
2647.904,2893.654,KT236,0.00826
2647.904,2709.838,KT244,0.0082884
2647.904,2526.022,KT253,0.0083787
2647.904,2342.206,KT262,0.008493
2647.904,2158.39,KT271,0.0086635
2647.904,1974.574,KT280,0.0085689
2647.904,1790.758,KT289,0.0085231
2647.904,1606.942,KT297,0.0086112
2647.904,1423.126,KT306,0.0086152
2647.904,1239.31,KT314,0.0084535
2647.904,1055.494,KT324,0.0083215
2647.904,871.678,KT332,0.0083074
2647.904,687.862,KT342,0.0082669
2647.904,504.046,KT350,0.0080253
2647.904,320.23,KT360,0.0079128
2647.904,136.414,KT367,0.0078172
2647.904,-47.402,KT374,0.0078245
2647.904,-231.218,KT381,0.0075572
2647.904,-415.034,KT389,0.0074669
2647.904,-598.85,KT396,0.0074241
2647.904,-782.666,KT404,0.0074579
2647.904,-966.482,KT411,0.0072936
2647.904,-1150.298,KT418,0.007246
2647.904,-1334.114,KT425,0.0072845
2647.904,-1517.93,KT433,0.0073436
2647.904,-1701.746,KT440,0.0072657
2647.904,-1885.562,KT448,0.0072585
2647.904,-2069.378,KT455,0.0072561
2831.72,7856.686,KV2,0.0042286
2831.72,7672.87,KV9,0.0044602
2831.72,7489.054,KV16,0.0047435
2831.72,7305.238,KV25,0.0049973
2831.72,7121.422,KV34,0.005167
2831.72,6937.606,KV43,0.005382
2831.72,6753.79,KV52,0.0055384
2831.72,6569.974,KV60,0.0057394
2831.72,6386.158,KV69,0.0058307
2831.72,6202.342,KV78,0.0059962
2831.72,6018.526,KV87,0.0061106
2831.72,5834.71,KV96,0.0062308
2831.72,5650.894,KV105,0.0063387
2831.72,5467.078,KV114,0.0064484
2831.72,5283.262,KV122,0.0065546
2831.72,5099.446,KV131,0.0066756
2831.72,4915.63,KV140,0.0067628
2831.72,4731.814,KV149,0.0068534
2831.72,4547.998,KV158,0.0069638
2831.72,4364.182,KV167,0.0070589
2831.72,4180.366,KV176,0.0071532
2831.72,3996.55,KV184,0.0072948
2831.72,3812.734,KV192,0.0073759
2831.72,3628.918,KV200,0.0074973
2831.72,3445.102,KV209,0.0075386
2831.72,3261.286,KV218,0.00772
2831.72,3077.47,KV227,0.0079155
2831.72,2893.654,KV236,0.0080136
2831.72,2709.838,KV244,0.0081637
2831.72,2526.022,KV253,0.0082723
2831.72,2342.206,KV262,0.008363
2831.72,2158.39,KV271,0.0083623
2831.72,1974.574,KV280,0.0084082
2831.72,1790.758,KV289,0.0084582
2831.72,1606.942,KV297,0.0084433
2831.72,1423.126,KV306,0.0083824
2831.72,1239.31,KV314,0.0083184
2831.72,1055.494,KV324,0.0083206
2831.72,871.678,KV332,0.0081729
2831.72,687.862,KV342,0.0080608
2831.72,504.046,KV350,0.0079696
2831.72,320.23,KV360,0.0079177
2831.72,136.414,KV367,0.0077489
2831.72,-47.402,KV374,0.0076062
2831.72,-231.218,KV381,0.0075348
2831.72,-415.034,KV389,0.007429
2831.72,-598.85,KV396,0.0073269
2831.72,-782.666,KV404,0.0072106
2831.72,-966.482,KV411,0.0071939
2831.72,-1150.298,KV418,0.0072173
2831.72,-1334.114,KV425,0.007168
2831.72,-1517.93,KV433,0.0071534
2831.72,-1701.746,KV440,0.0071467
2831.72,-1885.562,KV448,0.007152
2831.72,-2069.378,KV455,0.007137
3015.536,7856.686,KY2,0.0040322
3015.536,7672.87,KY9,0.0044014
3015.536,7489.054,KY16,0.0046602
3015.536,7305.238,KY25,0.0048191
3015.536,7121.422,KY34,0.0050037
3015.536,6937.606,KY43,0.0053307
3015.536,6753.79,KY52,0.0054457
3015.536,6569.974,KY60,0.0055598
3015.536,6386.158,KY69,0.0056759
3015.536,6202.342,KY78,0.0059384
3015.536,6018.526,KY87,0.0060011
3015.536,5834.71,KY96,0.0060597
3015.536,5650.894,KY105,0.0061776
3015.536,5467.078,KY114,0.0063957
3015.536,5283.262,KY122,0.0064395
3015.536,5099.446,KY131,0.0064942
3015.536,4915.63,KY140,0.0066
3015.536,4731.814,KY149,0.006791
3015.536,4547.998,KY158,0.0068395
3015.536,4364.182,KY167,0.006868
3015.536,4180.366,KY176,0.0069791
3015.536,3996.55,KY184,0.0072164
3015.536,3812.734,KY192,0.0072348
3015.536,3628.918,KY200,0.0072869
3015.536,3445.102,KY209,0.0073734
3015.536,3261.286,KY218,0.0076143
3015.536,3077.47,KY227,0.007728
3015.536,2893.654,KY236,0.0077676
3015.536,2709.838,KY244,0.0079109
3015.536,2526.022,KY253,0.0081197
3015.536,2342.206,KY262,0.0081233
3015.536,2158.39,KY271,0.0081026
3015.536,1974.574,KY280,0.008174
3015.536,1790.758,KY289,0.0082902
3015.536,1606.942,KY297,0.0081945
3015.536,1423.126,KY306,0.0081361
3015.536,1239.31,KY314,0.0081258
3015.536,1055.494,KY324,0.0081809
3015.536,871.678,KY332,0.0079502
3015.536,687.862,KY342,0.007846
3015.536,504.046,KY350,0.0078086
3015.536,320.23,KY360,0.0078026
3015.536,136.414,KY367,0.0075117
3015.536,-47.402,KY374,0.0073986
3015.536,-231.218,KY381,0.0073424
3015.536,-415.034,KY389,0.0072204
3015.536,-598.85,KY396,0.0070213
3015.536,-782.666,KY404,0.0069348
3015.536,-966.482,KY411,0.0069418
3015.536,-1150.298,KY418,0.0070046
3015.536,-1334.114,KY425,0.0068897
3015.536,-1517.93,KY433,0.0068807
3015.536,-1701.746,KY440,0.0068934
3015.536,-1885.562,KY448,0.0069528
3015.536,-2069.378,KY455,0.0068939
3199.352,7856.686,LB2,0.0039171
3199.352,7672.87,LB9,0.0043146
3199.352,7489.054,LB16,0.0045499
3199.352,7305.238,LB25,0.0047456
3199.352,7121.422,LB34,0.0049343
3199.352,6937.606,LB43,0.0052092
3199.352,6753.79,LB52,0.00536
3199.352,6569.974,LB60,0.0054769
3199.352,6386.158,LB69,0.0056221
3199.352,6202.342,LB78,0.0058143
3199.352,6018.526,LB87,0.0059164
3199.352,5834.71,LB96,0.0059916
3199.352,5650.894,LB105,0.0061113
3199.352,5467.078,LB114,0.0062827
3199.352,5283.262,LB122,0.0063488
3199.352,5099.446,LB131,0.0064274
3199.352,4915.63,LB140,0.0065243
3199.352,4731.814,LB149,0.0066788
3199.352,4547.998,LB158,0.0067418
3199.352,4364.182,LB167,0.0068051
3199.352,4180.366,LB176,0.0069109
3199.352,3996.55,LB184,0.007083
3199.352,3812.734,LB192,0.007145
3199.352,3628.918,LB200,0.0072105
3199.352,3445.102,LB209,0.0073233
3199.352,3261.286,LB218,0.0075068
3199.352,3077.47,LB227,0.0076142
3199.352,2893.654,LB236,0.0076909
3199.352,2709.838,LB244,0.0078016
3199.352,2526.022,LB253,0.0079463
3199.352,2342.206,LB262,0.0079863
3199.352,2158.39,LB271,0.0080191
3199.352,1974.574,LB280,0.0080629
3199.352,1790.758,LB289,0.0081007
3199.352,1606.942,LB297,0.0080726
3199.352,1423.126,LB306,0.0080378
3199.352,1239.31,LB314,0.0080208
3199.352,1055.494,LB324,0.0079572
3199.352,871.678,LB332,0.0078476
3199.352,687.862,LB342,0.0077594
3199.352,504.046,LB350,0.0077054
3199.352,320.23,LB360,0.0075844
3199.352,136.414,LB367,0.0074197
3199.352,-47.402,LB374,0.0073036
3199.352,-231.218,LB381,0.0071504
3199.352,-415.034,LB389,0.0068571
3199.352,-598.85,LB396,0.0067554
3199.352,-782.666,LB404,0.0067247
3199.352,-966.482,LB411,0.0066872
3199.352,-1150.298,LB418,0.006664
3199.352,-1334.114,LB425,0.0066632
3199.352,-1517.93,LB433,0.0066826
3199.352,-1701.746,LB440,0.0066919
3199.352,-1885.562,LB448,0.0067089
3199.352,-2069.378,LB455,0.0066775
3458.376,-556.892,LE393,0.0065169
3458.376,-754.694,LE402,0.006526
3458.376,-952.496,LE410,0.0064789
3458.376,-1150.298,LE418,0.0064656
3458.376,-1348.1,LE426,0.0065261
3458.376,-1545.902,LE434,0.006571
3458.376,-1743.704,LE442,0.0065281
3458.376,-1941.506,LE450,0.0065168
3458.376,-2139.308,LE458,0.0065456
3656.178,-556.892,LJ393,0.0063423
3656.178,-754.694,LJ402,0.0063352
3656.178,-952.496,LJ410,0.0063514
3656.178,-1150.298,LJ418,0.0064011
3656.178,-1348.1,LJ426,0.0064296
3656.178,-1545.902,LJ434,0.0064202
3656.178,-1743.704,LJ442,0.0064355
3656.178,-1941.506,LJ450,0.0064851
3656.178,-2139.308,LJ458,0.0065187
3853.98,-556.892,LP393,0.0062425
3853.98,-754.694,LP402,0.0062332
3853.98,-952.496,LP410,0.0062583
3853.98,-1150.298,LP418,0.0063254
3853.98,-1348.1,LP426,0.0063312
3853.98,-1545.902,LP434,0.0063364
3853.98,-1743.704,LP442,0.0063865
3853.98,-1941.506,LP450,0.0064935
3853.98,-2139.308,LP458,0.0065023
4051.782,-556.892,LV393,0.0062298
4051.782,-754.694,LV402,0.006228
4051.782,-952.496,LV410,0.0062206
4051.782,-1150.298,LV418,0.0062291
4051.782,-1348.1,LV426,0.0062763
4051.782,-1545.902,LV434,0.0063107
4051.782,-1743.704,LV442,0.0063472
4249.584,-556.892,MB393,0.0062569
4249.584,-754.694,MB402,0.0062687
4249.584,-952.496,MB410,0.0062117
4249.584,-1150.298,MB418,0.0061845
4249.584,-1348.1,MB426,0.0062227
4249.584,-1545.902,MB434,0.0062915
4249.584,-1743.704,MB442,0.0063203
4447.386,-556.892,MF393,0.0062499
4447.386,-754.694,MF402,0.0062446
4447.386,-952.496,MF410,0.0062103
4447.386,-1150.298,MF418,0.0061912
4447.386,-1348.1,MF426,0.0061996
