-4948.209,7849.693,AL3,0.0050161
-4948.209,7454.089,AL18,0.0055824
-4948.209,7256.287,AL28,0.0059185
-4612.828,7948.594,AY1,0.0052553
-4612.828,7764.778,AY6,0.0060205
-4612.828,7580.962,AY12,0.0065472
-4612.828,7397.146,AY21,0.0067984
-4612.828,7213.33,AY29,0.0070779
-4612.828,7029.514,AY39,0.00743
-4612.828,6845.698,AY47,0.0077639
-4612.828,6661.882,AY57,0.0080582
-4612.828,6478.066,AY64,0.0083207
-4612.828,6294.25,AY74,0.0084331
-4612.828,6110.434,AY82,0.0085215
-4612.828,5926.618,AY92,0.0086847
-4612.828,5742.802,AY100,0.0088991
-4612.828,5558.986,AY110,0.0090833
-4612.828,5375.17,AY118,0.0092353
-4612.828,5191.354,AY127,0.0092485
-4612.828,5007.538,AY135,0.0093751
-4612.828,4823.722,AY145,0.0095169
-4612.828,4639.906,AY153,0.0096051
-4612.828,4456.09,AY163,0.0096313
-4612.828,4272.274,AY171,0.0097603
-4612.828,4088.458,AY181,0.0099084
-4612.828,3904.642,AY188,0.0100337
-4612.828,3720.826,AY196,0.0101428
-4612.828,3537.01,AY204,0.010246
-4612.828,3353.194,AY214,0.0102354
-4612.828,3169.378,AY222,0.0103257
-4612.828,2985.562,AY231,0.0102775
-4612.828,2801.746,AY240,0.0102211
-4612.828,2617.93,AY248,0.0102368
-4612.828,2434.114,AY257,0.0102899
-4612.828,2250.298,AY266,0.0103704
-4612.828,2066.482,AY275,0.0103699
-4612.828,1882.666,AY284,0.0102957
-4612.828,1698.85,AY293,0.0101821
-4612.828,1515.034,AY302,0.0100741
-4612.828,1331.218,AY310,0.0099791
-4612.828,1147.402,AY319,0.0099084
-4612.828,963.586,AY328,0.0100078
-4612.828,779.77,AY337,0.0100902
-4612.828,595.954,AY346,0.0101112
-4612.828,412.138,AY355,0.0100634
-4612.828,228.322,AY364,0.0100569
-4612.828,44.506,AY371,0.0100094
-4612.828,-139.31,AY378,0.0099083
-4612.828,-323.126,AY384,0.009777
-4612.828,-506.942,AY392,0.0095676
-4612.828,-690.758,AY399,0.0092884
-4612.828,-874.574,AY408,0.0089379
-4612.828,-1058.39,AY415,0.0085558
-4612.828,-1242.206,AY421,0.0082716
-4612.828,-1426.022,AY428,0.0080747
-4612.828,-1609.838,AY436,0.0077877
-4612.828,-1793.654,AY444,0.007441
-4612.828,-1977.47,AY452,0.0071366
-4612.828,-2161.286,AY459,0.00666
-4429.012,7948.594,BE1,0.0055336
-4429.012,7764.778,BE6,0.0062186
-4429.012,7580.962,BE12,0.0066767
-4429.012,7397.146,BE21,0.0071379
-4429.012,7213.33,BE29,0.0074919
-4429.012,7029.514,BE39,0.0077948
-4429.012,6845.698,BE47,0.0080778
-4429.012,6661.882,BE57,0.0084045
-4429.012,6478.066,BE64,0.0087195
-4429.012,6294.25,BE74,0.0088092
-4429.012,6110.434,BE82,0.0089413
-4429.012,5926.618,BE92,0.0092073
-4429.012,5742.802,BE100,0.0094175
-4429.012,5558.986,BE110,0.0095225
-4429.012,5375.17,BE118,0.009661
-4429.012,5191.354,BE127,0.0098458
-4429.012,5007.538,BE135,0.0099857
-4429.012,4823.722,BE145,0.0100485
-4429.012,4639.906,BE153,0.0101295
-4429.012,4456.09,BE163,0.0102925
-4429.012,4272.274,BE171,0.0103945
-4429.012,4088.458,BE181,0.0104612
-4429.012,3904.642,BE188,0.0105412
-4429.012,3720.826,BE196,0.010695
-4429.012,3537.01,BE204,0.0107787
-4429.012,3353.194,BE214,0.0106509
-4429.012,3169.378,BE222,0.0107322
-4429.012,2985.562,BE231,0.0108224
-4429.012,2801.746,BE240,0.0108145
-4429.012,2617.93,BE248,0.0107111
-4429.012,2434.114,BE257,0.010717
-4429.012,2250.298,BE266,0.0108323
-4429.012,2066.482,BE275,0.0108123
-4429.012,1882.666,BE284,0.0106781
-4429.012,1698.85,BE293,0.0106134
-4429.012,1515.034,BE302,0.0106524
-4429.012,1331.218,BE310,0.0105813
-4429.012,1147.402,BE319,0.0104607
-4429.012,963.586,BE328,0.0104903
-4429.012,779.77,BE337,0.0105994
-4429.012,595.954,BE346,0.0106093
-4429.012,412.138,BE355,0.0104601
-4429.012,228.322,BE364,0.0104442
-4429.012,44.506,BE371,0.0104789
-4429.012,-139.31,BE378,0.0103628
-4429.012,-323.126,BE384,0.010147
-4429.012,-506.942,BE392,0.0099555
-4429.012,-690.758,BE399,0.0097683
-4429.012,-874.574,BE408,0.0094527
-4429.012,-1058.39,BE415,0.0090551
-4429.012,-1242.206,BE421,0.0087953
-4429.012,-1426.022,BE428,0.0085806
-4429.012,-1609.838,BE436,0.0082525
-4429.012,-1793.654,BE444,0.0078037
-4429.012,-1977.47,BE452,0.0074952
-4429.012,-2161.286,BE459,0.0069394
-4245.196,7948.594,BL1,0.0057156
-4245.196,7764.778,BL6,0.0063976
-4245.196,7580.962,BL12,0.0068722
-4245.196,7397.146,BL21,0.007389
-4245.196,7213.33,BL29,0.0077728
-4245.196,7029.514,BL39,0.0080817
-4245.196,6845.698,BL47,0.0083557
-4245.196,6661.882,BL57,0.0087103
-4245.196,6478.066,BL64,0.0089966
-4245.196,6294.25,BL74,0.0091201
-4245.196,6110.434,BL82,0.0092873
-4245.196,5926.618,BL92,0.0096145
-4245.196,5742.802,BL100,0.009814
-4245.196,5558.986,BL110,0.0098991
-4245.196,5375.17,BL118,0.0100885
-4245.196,5191.354,BL127,0.0103206
-4245.196,5007.538,BL135,0.0104732
-4245.196,4823.722,BL145,0.0104951
-4245.196,4639.906,BL153,0.0106084
-4245.196,4456.09,BL163,0.0108012
-4245.196,4272.274,BL171,0.0109279
-4245.196,4088.458,BL181,0.0109306
-4245.196,3904.642,BL188,0.0109995
-4245.196,3720.826,BL196,0.0111883
-4245.196,3537.01,BL204,0.0112106
-4245.196,3353.194,BL214,0.0110367
-4245.196,3169.378,BL222,0.0111179
-4245.196,2985.562,BL231,0.0112609
-4245.196,2801.746,BL240,0.0112702
-4245.196,2617.93,BL248,0.0111023
-4245.196,2434.114,BL257,0.0110908
-4245.196,2250.298,BL266,0.0112084
-4245.196,2066.482,BL275,0.0111929
-4245.196,1882.666,BL284,0.011028
-4245.196,1698.85,BL293,0.0109916
-4245.196,1515.034,BL302,0.0111132
-4245.196,1331.218,BL310,0.011065
-4245.196,1147.402,BL319,0.0109134
-4245.196,963.586,BL328,0.010933
-4245.196,779.77,BL337,0.0110458
-4245.196,595.954,BL346,0.0110305
-4245.196,412.138,BL355,0.0108566
-4245.196,228.322,BL364,0.0108385
-4245.196,44.506,BL371,0.0108858
-4245.196,-139.31,BL378,0.0107779
-4245.196,-323.126,BL384,0.0105128
-4245.196,-506.942,BL392,0.0103354
-4245.196,-690.758,BL399,0.0101816
-4245.196,-874.574,BL408,0.009902
-4245.196,-1058.39,BL415,0.0094971
-4245.196,-1242.206,BL421,0.0092037
-4245.196,-1426.022,BL428,0.0089787
-4245.196,-1609.838,BL436,0.0086213
-4245.196,-1793.654,BL444,0.0081261
-4245.196,-1977.47,BL452,0.0077514
-4245.196,-2161.286,BL459,0.0072197
-4061.38,7948.594,BT1,0.0059029
-4061.38,7764.778,BT6,0.0066172
-4061.38,7580.962,BT12,0.0071504
-4061.38,7397.146,BT21,0.0075834
-4061.38,7213.33,BT29,0.0079335
-4061.38,7029.514,BT39,0.0083707
-4061.38,6845.698,BT47,0.0087264
-4061.38,6661.882,BT57,0.0089434
-4061.38,6478.066,BT64,0.0091723
-4061.38,6294.25,BT74,0.0094965
-4061.38,6110.434,BT82,0.0097326
-4061.38,5926.618,BT92,0.0099076
-4061.38,5742.802,BT100,0.0100877
-4061.38,5558.986,BT110,0.0103604
-4061.38,5375.17,BT118,0.0105631
-4061.38,5191.354,BT127,0.0106968
-4061.38,5007.538,BT135,0.0108423
-4061.38,4823.722,BT145,0.0110494
-4061.38,4639.906,BT153,0.0111756
-4061.38,4456.09,BT163,0.0112506
-4061.38,4272.274,BT171,0.0113385
-4061.38,4088.458,BT181,0.0114969
-4061.38,3904.642,BT188,0.0115743
-4061.38,3720.826,BT196,0.0115824
-4061.38,3537.01,BT204,0.0115882
-4061.38,3353.194,BT214,0.0115596
-4061.38,3169.378,BT222,0.0116479
-4061.38,2985.562,BT231,0.0116192
-4061.38,2801.746,BT240,0.0116158
-4061.38,2617.93,BT248,0.011662
-4061.38,2434.114,BT257,0.0116093
-4061.38,2250.298,BT266,0.011508
-4061.38,2066.482,BT275,0.0114844
-4061.38,1882.666,BT284,0.0115526
-4061.38,1698.85,BT293,0.0115335
-4061.38,1515.034,BT302,0.0114555
-4061.38,1331.218,BT310,0.0114349
-4061.38,1147.402,BT319,0.0114678
-4061.38,963.586,BT328,0.0114619
-4061.38,779.77,BT337,0.0113936
-4061.38,595.954,BT346,0.0113845
-4061.38,412.138,BT355,0.0114043
-4061.38,228.322,BT364,0.0113673
-4061.38,44.506,BT371,0.0112159
-4061.38,-139.31,BT378,0.0111112
-4061.38,-323.126,BT384,0.0110298
-4061.38,-506.942,BT392,0.0108203
-4061.38,-690.758,BT399,0.0105111
-4061.38,-874.574,BT408,0.0102558
-4061.38,-1058.39,BT415,0.0099912
-4061.38,-1242.206,BT421,0.0096721
-4061.38,-1426.022,BT428,0.0092494
-4061.38,-1609.838,BT436,0.0089145
-4061.38,-1793.654,BT444,0.0085198
-4061.38,-1977.47,BT452,0.0080659
-4061.38,-2161.286,BT459,0.0073724
-3877.564,7948.594,CB1,0.0060187
-3877.564,7764.778,CB6,0.0067523
-3877.564,7580.962,CB12,0.0072808
-3877.564,7397.146,CB21,0.0077285
-3877.564,7213.33,CB29,0.0080718
-3877.564,7029.514,CB39,0.0085495
-3877.564,6845.698,CB47,0.0089047
-3877.564,6661.882,CB57,0.0091251
-3877.564,6478.066,CB64,0.0093471
-3877.564,6294.25,CB74,0.0097065
-3877.564,6110.434,CB82,0.0099824
-3877.564,5926.618,CB92,0.0101317
-3877.564,5742.802,CB100,0.0103456
-3877.564,5558.986,CB110,0.0106501
-3877.564,5375.17,CB118,0.010908
-3877.564,5191.354,CB127,0.0110135
-3877.564,5007.538,CB135,0.0111708
-3877.564,4823.722,CB145,0.011438
-3877.564,4639.906,CB153,0.0115932
-3877.564,4456.09,CB163,0.0116172
-3877.564,4272.274,CB171,0.0117053
-3877.564,4088.458,CB181,0.0119314
-3877.564,3904.642,CB188,0.0120013
-3877.564,3720.826,CB196,0.0119466
-3877.564,3537.01,CB204,0.0119313
-3877.564,3353.194,CB214,0.0119483
-3877.564,3169.378,CB222,0.0120525
-3877.564,2985.562,CB231,0.0119405
-3877.564,2801.746,CB240,0.0119386
-3877.564,2617.93,CB248,0.0120139
-3877.564,2434.114,CB257,0.0119532
-3877.564,2250.298,CB266,0.0118051
-3877.564,2066.482,CB275,0.0117471
-3877.564,1882.666,CB284,0.0118912
-3877.564,1698.85,CB293,0.0118564
-3877.564,1515.034,CB302,0.0117478
-3877.564,1331.218,CB310,0.0117283
-3877.564,1147.402,CB319,0.0118513
-3877.564,963.586,CB328,0.0118485
-3877.564,779.77,CB337,0.0117184
-3877.564,595.954,CB346,0.011732
-3877.564,412.138,CB355,0.0117907
-3877.564,228.322,CB364,0.0117622
-3877.564,44.506,CB371,0.0115518
-3877.564,-139.31,CB378,0.0114438
-3877.564,-323.126,CB384,0.0113898
-3877.564,-506.942,CB392,0.0111991
-3877.564,-690.758,CB399,0.0108452
-3877.564,-874.574,CB408,0.010569
-3877.564,-1058.39,CB415,0.0103623
-3877.564,-1242.206,CB421,0.0099876
-3877.564,-1426.022,CB428,0.0095282
-3877.564,-1609.838,CB436,0.0091376
-3877.564,-1793.654,CB444,0.0087754
-3877.564,-1977.47,CB452,0.0082728
-3877.564,-2161.286,CB459,0.007495
-3693.748,7948.594,CG1,0.0061269
-3693.748,7764.778,CG6,0.0067916
-3693.748,7580.962,CG12,0.0072775
-3693.748,7397.146,CG21,0.0078312
-3693.748,7213.33,CG29,0.0082484
-3693.748,7029.514,CG39,0.0085887
-3693.748,6845.698,CG47,0.0089019
-3693.748,6661.882,CG57,0.0092805
-3693.748,6478.066,CG64,0.0095823
-3693.748,6294.25,CG74,0.0097923
-3693.748,6110.434,CG82,0.0100215
-3693.748,5926.618,CG92,0.0103636
-3693.748,5742.802,CG100,0.0106301
-3693.748,5558.986,CG110,0.0108263
-3693.748,5375.17,CG118,0.0110484
-3693.748,5191.354,CG127,0.0113479
-3693.748,5007.538,CG135,0.0115567
-3693.748,4823.722,CG145,0.0117136
-3693.748,4639.906,CG153,0.0118549
-3693.748,4456.09,CG163,0.0120417
-3693.748,4272.274,CG171,0.0121571
-3693.748,4088.458,CG181,0.012232
-3693.748,3904.642,CG188,0.0122966
-3693.748,3720.826,CG196,0.0123825
-3693.748,3537.01,CG204,0.0123762
-3693.748,3353.194,CG214,0.0122632
-3693.748,3169.378,CG222,0.0123182
-3693.748,2985.562,CG231,0.0123563
-3693.748,2801.746,CG240,0.0123289
-3693.748,2617.93,CG248,0.012208
-3693.748,2434.114,CG257,0.0121383
-3693.748,2250.298,CG266,0.0121685
-3693.748,2066.482,CG275,0.0121238
-3693.748,1882.666,CG284,0.0120439
-3693.748,1698.85,CG293,0.0120178
-3693.748,1515.034,CG302,0.0121077
-3693.748,1331.218,CG310,0.0121207
-3693.748,1147.402,CG319,0.0120709
-3693.748,963.586,CG328,0.0120773
-3693.748,779.77,CG337,0.0121218
-3693.748,595.954,CG346,0.012125
-3693.748,412.138,CG355,0.0120295
-3693.748,228.322,CG364,0.0119993
-3693.748,44.506,CG371,0.0119518
-3693.748,-139.31,CG378,0.0118347
-3693.748,-323.126,CG384,0.0116369
-3693.748,-506.942,CG392,0.0114499
-3693.748,-690.758,CG399,0.0112328
-3693.748,-874.574,CG408,0.0109461
-3693.748,-1058.39,CG415,0.010577
-3693.748,-1242.206,CG421,0.0102316
-3693.748,-1426.022,CG428,0.0098508
-3693.748,-1609.838,CG436,0.0094022
-3693.748,-1793.654,CG444,0.0088283
-3693.748,-1977.47,CG452,0.0083466
-3693.748,-2161.286,CG459,0.0076812
-3509.932,7948.594,CN1,0.0062374
-3509.932,7764.778,CN6,0.0069042
-3509.932,7580.962,CN12,0.0073928
-3509.932,7397.146,CN21,0.0079665
-3509.932,7213.33,CN29,0.008387
-3509.932,7029.514,CN39,0.0087328
-3509.932,6845.698,CN47,0.0090458
-3509.932,6661.882,CN57,0.0094473
-3509.932,6478.066,CN64,0.0097618
-3509.932,6294.25,CN74,0.0099679
-3509.932,6110.434,CN82,0.0102136
-3509.932,5926.618,CN92,0.0105808
-3509.932,5742.802,CN100,0.0108747
-3509.932,5558.986,CN110,0.0110674
-3509.932,5375.17,CN118,0.011305
-3509.932,5191.354,CN127,0.0116582
-3509.932,5007.538,CN135,0.0119098
-3509.932,4823.722,CN145,0.0120505
-3509.932,4639.906,CN153,0.0121919
-3509.932,4456.09,CN163,0.0124515
-3509.932,4272.274,CN171,0.0125895
-3509.932,4088.458,CN181,0.0125976
-3509.932,3904.642,CN188,0.0126829
-3509.932,3720.826,CN196,0.0128262
-3509.932,3537.01,CN204,0.0128192
-3509.932,3353.194,CN214,0.0126463
-3509.932,3169.378,CN222,0.0126793
-3509.932,2985.562,CN231,0.0127748
-3509.932,2801.746,CN240,0.0127296
-3509.932,2617.93,CN248,0.012519
-3509.932,2434.114,CN257,0.0124288
-3509.932,2250.298,CN266,0.0124806
-3509.932,2066.482,CN275,0.0124245
-3509.932,1882.666,CN284,0.0122985
-3509.932,1698.85,CN293,0.0122876
-3509.932,1515.034,CN302,0.0124439
-3509.932,1331.218,CN310,0.0124654
-3509.932,1147.402,CN319,0.0123781
-3509.932,963.586,CN328,0.0124127
-3509.932,779.77,CN337,0.0125023
-3509.932,595.954,CN346,0.0125111
-3509.932,412.138,CN355,0.0123726
-3509.932,228.322,CN364,0.0123468
-3509.932,44.506,CN371,0.012344
-3509.932,-139.31,CN378,0.012226
-3509.932,-323.126,CN384,0.0119841
-3509.932,-506.942,CN392,0.0117943
-3509.932,-690.758,CN399,0.0116321
-3509.932,-874.574,CN408,0.0113299
-3509.932,-1058.39,CN415,0.0108657
-3509.932,-1242.206,CN421,0.0105175
-3509.932,-1426.022,CN428,0.0101575
-3509.932,-1609.838,CN436,0.0096742
-3509.932,-1793.654,CN444,0.0090383
-3509.932,-1977.47,CN452,0.0085168
-3509.932,-2161.286,CN459,0.0078582
-3326.116,7948.594,CW1,0.0063258
-3326.116,7764.778,CW6,0.0070476
-3326.116,7580.962,CW12,0.0076051
-3326.116,7397.146,CW21,0.0080505
-3326.116,7213.33,CW29,0.0084264
-3326.116,7029.514,CW39,0.0089125
-3326.116,6845.698,CW47,0.0092961
-3326.116,6661.882,CW57,0.0095508
-3326.116,6478.066,CW64,0.0098127
-3326.116,6294.25,CW74,0.0101854
-3326.116,6110.434,CW82,0.0104836
-3326.116,5926.618,CW92,0.0107292
-3326.116,5742.802,CW100,0.0109816
-3326.116,5558.986,CW110,0.0113626
-3326.116,5375.17,CW118,0.0116618
-3326.116,5191.354,CW127,0.0119165
-3326.116,5007.538,CW135,0.0121582
-3326.116,4823.722,CW145,0.0124458
-3326.116,4639.906,CW153,0.0126574
-3326.116,4456.09,CW163,0.0127913
-3326.116,4272.274,CW171,0.0129131
-3326.116,4088.458,CW181,0.0130665
-3326.116,3904.642,CW188,0.0131623
-3326.116,3720.826,CW196,0.013204
-3326.116,3537.01,CW204,0.0131897
-3326.116,3353.194,CW214,0.0131006
-3326.116,3169.378,CW222,0.0131623
-3326.116,2985.562,CW231,0.0131261
-3326.116,2801.746,CW240,0.0130618
-3326.116,2617.93,CW248,0.0129677
-3326.116,2434.114,CW257,0.0128455
-3326.116,2250.298,CW266,0.0126785
-3326.116,2066.482,CW275,0.0126172
-3326.116,1882.666,CW284,0.0126859
-3326.116,1698.85,CW293,0.0126914
-3326.116,1515.034,CW302,0.0126675
-3326.116,1331.218,CW310,0.0127
-3326.116,1147.402,CW319,0.0127903
-3326.116,963.586,CW328,0.0128314
-3326.116,779.77,CW337,0.0128014
-3326.116,595.954,CW346,0.0128078
-3326.116,412.138,CW355,0.0128252
-3326.116,228.322,CW364,0.012778
-3326.116,44.506,CW371,0.0126577
-3326.116,-139.31,CW378,0.0125524
-3326.116,-323.126,CW384,0.0124288
-3326.116,-506.942,CW392,0.0122479
-3326.116,-690.758,CW399,0.0119639
-3326.116,-874.574,CW408,0.0116693
-3326.116,-1058.39,CW415,0.0112915
-3326.116,-1242.206,CW421,0.0108634
-3326.116,-1426.022,CW428,0.0103347
-3326.116,-1609.838,CW436,0.0099023
-3326.116,-1793.654,CW444,0.0093944
-3326.116,-1977.47,CW452,0.0088055
-3326.116,-2161.286,CW459,0.0080174
-3142.3,7948.594,DE1,0.0063688
-3142.3,7764.778,DE6,0.0071296
-3142.3,7580.962,DE12,0.0076923
-3142.3,7397.146,DE21,0.0081312
-3142.3,7213.33,DE29,0.0084958
-3142.3,7029.514,DE39,0.0089909
-3142.3,6845.698,DE47,0.0093808
-3142.3,6661.882,DE57,0.0096246
-3142.3,6478.066,DE64,0.0099198
-3142.3,6294.25,DE74,0.0103087
-3142.3,6110.434,DE82,0.010611
-3142.3,5926.618,DE92,0.0108472
-3142.3,5742.802,DE100,0.0111104
-3142.3,5558.986,DE110,0.0115057
-3142.3,5375.17,DE118,0.0118413
-3142.3,5191.354,DE127,0.0120949
-3142.3,5007.538,DE135,0.0123559
-3142.3,4823.722,DE145,0.012736
-3142.3,4639.906,DE153,0.0129752
-3142.3,4456.09,DE163,0.0130778
-3142.3,4272.274,DE171,0.0131811
-3142.3,4088.458,DE181,0.0133903
-3142.3,3904.642,DE188,0.0134972
-3142.3,3720.826,DE196,0.0134987
-3142.3,3537.01,DE204,0.0134786
-3142.3,3353.194,DE214,0.013439
-3142.3,3169.378,DE222,0.0135032
-3142.3,2985.562,DE231,0.0134053
-3142.3,2801.746,DE240,0.0133081
-3142.3,2617.93,DE248,0.0132523
-3142.3,2434.114,DE257,0.0131069
-3142.3,2250.298,DE266,0.0128701
-3142.3,2066.482,DE275,0.0128151
-3142.3,1882.666,DE284,0.0129198
-3142.3,1698.85,DE293,0.0129288
-3142.3,1515.034,DE302,0.0128607
-3142.3,1331.218,DE310,0.0129237
-3142.3,1147.402,DE319,0.0130759
-3142.3,963.586,DE328,0.0131243
-3142.3,779.77,DE337,0.0130626
-3142.3,595.954,DE346,0.0130901
-3142.3,412.138,DE355,0.0131462
-3142.3,228.322,DE364,0.0131062
-3142.3,44.506,DE371,0.0129367
-3142.3,-139.31,DE378,0.0128237
-3142.3,-323.126,DE384,0.0127593
-3142.3,-506.942,DE392,0.0125718
-3142.3,-690.758,DE399,0.0122397
-3142.3,-874.574,DE408,0.0119264
-3142.3,-1058.39,DE415,0.0115955
-3142.3,-1242.206,DE421,0.0111199
-3142.3,-1426.022,DE428,0.0105351
-3142.3,-1609.838,DE436,0.0100632
-3142.3,-1793.654,DE444,0.009571
-3142.3,-1977.47,DE452,0.0089698
-3142.3,-2161.286,DE459,0.0081397
-2958.484,7948.594,DK1,0.0064469
-2958.484,7764.778,DK6,0.0071194
-2958.484,7580.962,DK12,0.0076098
-2958.484,7397.146,DK21,0.0081752
-2958.484,7213.33,DK29,0.0085923
-2958.484,7029.514,DK39,0.0089767
-2958.484,6845.698,DK47,0.009287
-2958.484,6661.882,DK57,0.0097024
-2958.484,6478.066,DK64,0.010035
-2958.484,6294.25,DK74,0.0102753
-2958.484,6110.434,DK82,0.0105453
-2958.484,5926.618,DK92,0.0109381
-2958.484,5742.802,DK100,0.0112808
-2958.484,5558.986,DK110,0.0115122
-2958.484,5375.17,DK118,0.0118119
-2958.484,5191.354,DK127,0.0122074
-2958.484,5007.538,DK135,0.0125652
-2958.484,4823.722,DK145,0.0129206
-2958.484,4639.906,DK153,0.013142
-2958.484,4456.09,DK163,0.0133456
-2958.484,4272.274,DK171,0.0134615
-2958.484,4088.458,DK181,0.0135643
-2958.484,3904.642,DK188,0.0136296
-2958.484,3720.826,DK196,0.0137651
-2958.484,3537.01,DK204,0.0137591
-2958.484,3353.194,DK214,0.0136213
-2958.484,3169.378,DK222,0.0136835
-2958.484,2985.562,DK231,0.0136562
-2958.484,2801.746,DK240,0.0135447
-2958.484,2617.93,DK248,0.0133113
-2958.484,2434.114,DK257,0.0131741
-2958.484,2250.298,DK266,0.0131351
-2958.484,2066.482,DK275,0.0130539
-2958.484,1882.666,DK284,0.0129532
-2958.484,1698.85,DK293,0.0129524
-2958.484,1515.034,DK302,0.0131149
-2958.484,1331.218,DK310,0.0131645
-2958.484,1147.402,DK319,0.013188
-2958.484,963.586,DK328,0.0132301
-2958.484,779.77,DK337,0.0133138
-2958.484,595.954,DK346,0.013364
-2958.484,412.138,DK355,0.013327
-2958.484,228.322,DK364,0.0132849
-2958.484,44.506,DK371,0.0132084
-2958.484,-139.31,DK378,0.0131112
-2958.484,-323.126,DK384,0.0129377
-2958.484,-506.942,DK392,0.0127572
-2958.484,-690.758,DK399,0.0124996
-2958.484,-874.574,DK408,0.0121417
-2958.484,-1058.39,DK415,0.0117174
-2958.484,-1242.206,DK421,0.0112776
-2958.484,-1426.022,DK428,0.0107821
-2958.484,-1609.838,DK436,0.0102131
-2958.484,-1793.654,DK444,0.0095383
-2958.484,-1977.47,DK452,0.0089889
-2958.484,-2161.286,DK459,0.0082495
-2774.668,7948.594,DR1,0.0064075
-2774.668,7764.778,DR6,0.007056
-2774.668,7580.962,DR12,0.0075512
-2774.668,7397.146,DR21,0.0081032
-2774.668,7213.33,DR29,0.0085271
-2774.668,7029.514,DR39,0.00889
-2774.668,6845.698,DR47,0.0092229
-2774.668,6661.882,DR57,0.0096277
-2774.668,6478.066,DR64,0.0099585
-2774.668,6294.25,DR74,0.0102178
-2774.668,6110.434,DR82,0.0105014
-2774.668,5926.618,DR92,0.0108911
-2774.668,5742.802,DR100,0.0112212
-2774.668,5558.986,DR110,0.0114774
-2774.668,5375.17,DR118,0.0117677
-2774.668,5191.354,DR127,0.0121704
-2774.668,5007.538,DR135,0.0124654
-2774.668,4456.09,DR163,0.013429
-2774.668,4272.274,DR171,0.0135483
-2774.668,4088.458,DR181,0.0136069
-2774.668,3904.642,DR188,0.0136748
-2774.668,3720.826,DR196,0.0138188
-2774.668,3537.01,DR204,0.0138323
-2774.668,3353.194,DR214,0.0137247
-2774.668,3169.378,DR222,0.0137105
-2774.668,2985.562,DR231,0.0137039
-2774.668,2801.746,DR240,0.01358
-2774.668,2617.93,DR248,0.0133178
-2774.668,2434.114,DR257,0.0131855
-2774.668,2250.298,DR266,0.0131639
-2774.668,2066.482,DR275,0.0130838
-2774.668,1882.666,DR284,0.0129474
-2774.668,1698.85,DR293,0.0129453
-2774.668,1515.034,DR302,0.0131042
-2774.668,1331.218,DR310,0.0131695
-2774.668,1147.402,DR319,0.0131768
-2774.668,963.586,DR328,0.0132483
-2774.668,779.77,DR337,0.0133727
-2774.668,595.954,DR346,0.0134566
-2774.668,228.322,DR364,0.0132969
-2774.668,44.506,DR371,0.0132583
-2774.668,-139.31,DR378,0.0131506
-2774.668,-323.126,DR384,0.0129693
-2774.668,-506.942,DR392,0.0127917
-2774.668,-690.758,DR399,0.0125523
-2774.668,-874.574,DR408,0.0122075
-2774.668,-1058.39,DR415,0.0117181
-2774.668,-1242.206,DR421,0.0112958
-2774.668,-1426.022,DR428,0.0107841
-2774.668,-1609.838,DR436,0.0102164
-2774.668,-1793.654,DR444,0.0095161
-2774.668,-1977.47,DR452,0.0089593
-2774.668,-2161.286,DR459,0.0082958
-2774.668,-2368.168,DR468,0.007532
-2774.668,-2551.984,DR475,0.0069083
-2774.668,-2735.8,DR483,0.0065282
-2590.852,7948.594,EA1,0.0064927
-2590.852,7764.778,EA6,0.007207
-2590.852,7580.962,EA12,0.0077473
-2590.852,7397.146,EA21,0.0081892
-2590.852,7213.33,EA29,0.0085541
-2590.852,7029.514,EA39,0.0090627
-2590.852,6845.698,EA47,0.009453
-2590.852,6661.882,EA57,0.0097154
-2590.852,6478.066,EA64,0.0099869
-2590.852,6294.25,EA74,0.0103908
-2590.852,6110.434,EA82,0.0107249
-2590.852,5926.618,EA92,0.0109622
-2590.852,5742.802,EA100,0.0112574
-2590.852,5558.986,EA110,0.0116731
-2590.852,5375.17,EA118,0.0120234
-2590.852,5191.354,EA127,0.0123018
-2590.852,5007.538,EA135,0.012606
-2590.852,4823.722,EA145,0.0131309
-2590.852,4639.906,EA153,0.0134126
-2590.852,4456.09,EA163,0.0135688
-2590.852,4272.274,EA171,0.0137088
-2590.852,4088.458,EA181,0.0139196
-2590.852,3904.642,EA188,0.0140172
-2590.852,3720.826,EA196,0.0140393
-2590.852,3537.01,EA204,0.0140177
-2590.852,3353.194,EA214,0.0139377
-2590.852,3169.378,EA222,0.0139859
-2590.852,2985.562,EA231,0.0138835
-2590.852,2801.746,EA240,0.0137797
-2590.852,2617.93,EA248,0.0136687
-2590.852,2434.114,EA257,0.0134896
-2590.852,2250.298,EA266,0.0132653
-2590.852,2066.482,EA275,0.0132
-2590.852,1882.666,EA284,0.0132736
-2590.852,1698.85,EA293,0.013262
-2590.852,1515.034,EA302,0.0132189
-2590.852,1331.218,EA310,0.0132526
-2590.852,1147.402,EA319,0.0134231
-2590.852,963.586,EA328,0.0135116
-2590.852,779.77,EA337,0.0134896
-2590.852,595.954,EA346,0.013563
-2590.852,412.138,EA355,0.0137206
-2590.852,228.322,EA364,0.0136189
-2590.852,44.506,EA371,0.013418
-2590.852,-139.31,EA378,0.0133184
-2590.852,-323.126,EA384,0.0132464
-2590.852,-506.942,EA392,0.0130571
-2590.852,-690.758,EA399,0.0127373
-2590.852,-874.574,EA408,0.0124103
-2590.852,-1058.39,EA415,0.0120251
-2590.852,-1242.206,EA421,0.0115064
-2590.852,-1426.022,EA428,0.010897
-2590.852,-1609.838,EA436,0.0104103
-2590.852,-1793.654,EA444,0.0098535
-2590.852,-1977.47,EA452,0.0092279
-2590.852,-2161.286,EA459,0.0083778
-2407.036,7948.594,EF1,0.0065048
-2407.036,7764.778,EF6,0.007231
-2407.036,7580.962,EF12,0.0077749
-2407.036,7397.146,EF21,0.008222
-2407.036,7213.33,EF29,0.0085848
-2407.036,7029.514,EF39,0.0090837
-2407.036,6845.698,EF47,0.0094718
-2407.036,6661.882,EF57,0.0097373
-2407.036,6478.066,EF64,0.01001
-2407.036,6294.25,EF74,0.0104052
-2407.036,6110.434,EF82,0.0107487
-2407.036,5926.618,EF92,0.010984
-2407.036,5742.802,EF100,0.0112838
-2407.036,5558.986,EF110,0.0116969
-2407.036,5375.17,EF118,0.0120543
-2407.036,5191.354,EF127,0.0123462
-2407.036,5007.538,EF135,0.0126592
-2407.036,4823.722,EF145,0.0131242
-2407.036,4639.906,EF153,0.0134353
-2407.036,4456.09,EF163,0.0136234
-2407.036,4272.274,EF171,0.0137699
-2407.036,4088.458,EF181,0.0140112
-2407.036,3904.642,EF188,0.0141139
-2407.036,3720.826,EF196,0.0141111
-2407.036,3537.01,EF204,0.0140668
-2407.036,3353.194,EF214,0.0139875
-2407.036,3169.378,EF222,0.0140347
-2407.036,2985.562,EF231,0.0139358
-2407.036,2801.746,EF240,0.0138344
-2407.036,2617.93,EF248,0.0137401
-2407.036,2434.114,EF257,0.0135616
-2407.036,2250.298,EF266,0.0133308
-2407.036,2066.482,EF275,0.0132491
-2407.036,1882.666,EF284,0.0133435
-2407.036,1698.85,EF293,0.0133399
-2407.036,1515.034,EF302,0.0132783
-2407.036,1331.218,EF310,0.0132978
-2407.036,1147.402,EF319,0.013465
-2407.036,963.586,EF328,0.0135554
-2407.036,779.77,EF337,0.0135318
-2407.036,595.954,EF346,0.0136153
-2407.036,412.138,EF355,0.0137313
-2407.036,228.322,EF364,0.0137007
-2407.036,44.506,EF371,0.0134996
-2407.036,-139.31,EF378,0.0133812
-2407.036,-323.126,EF384,0.0133104
-2407.036,-506.942,EF392,0.013118
-2407.036,-690.758,EF399,0.0128039
-2407.036,-874.574,EF408,0.0124781
-2407.036,-1058.39,EF415,0.0120951
-2407.036,-1242.206,EF421,0.0115838
-2407.036,-1426.022,EF428,0.0109842
-2407.036,-1609.838,EF436,0.0104686
-2407.036,-1793.654,EF444,0.0099156
-2407.036,-1977.47,EF452,0.0092938
-2407.036,-2161.286,EF459,0.0084347
-2223.22,7948.594,EM1,0.0065357
-2223.22,7764.778,EM6,0.0071854
-2223.22,7580.962,EM12,0.0076879
-2223.22,7397.146,EM21,0.0082411
-2223.22,7213.33,EM29,0.0086777
-2223.22,7029.514,EM39,0.0090361
-2223.22,6845.698,EM47,0.0093599
-2223.22,6661.882,EM57,0.0097768
-2223.22,6478.066,EM64,0.0100985
-2223.22,6294.25,EM74,0.0103414
-2223.22,6110.434,EM82,0.0106199
-2223.22,5926.618,EM92,0.011038
-2223.22,5742.802,EM100,0.0113765
-2223.22,5558.986,EM110,0.0116336
-2223.22,5375.17,EM118,0.0119451
-2223.22,5191.354,EM127,0.0123836
-2223.22,5007.538,EM135,0.0127641
-2223.22,4823.722,EM145,0.0130867
-2223.22,4639.906,EM153,0.0133841
-2223.22,4456.09,EM163,0.0136784
-2223.22,4272.274,EM171,0.0138757
-2223.22,4088.458,EM181,0.0139807
-2223.22,3904.642,EM188,0.014072
-2223.22,3720.826,EM196,0.0141632
-2223.22,3537.01,EM204,0.0140957
-2223.22,3353.194,EM214,0.0138942
-2223.22,3169.378,EM222,0.0139431
-2223.22,2985.562,EM231,0.0139755
-2223.22,2801.746,EM240,0.0138865
-2223.22,2617.93,EM248,0.0136205
-2223.22,2434.114,EM257,0.0135065
-2223.22,2250.298,EM266,0.0134705
-2223.22,2066.482,EM275,0.0133874
-2223.22,1882.666,EM284,0.0132423
-2223.22,1698.85,EM293,0.0132518
-2223.22,1515.034,EM302,0.0133922
-2223.22,1331.218,EM310,0.0134261
-2223.22,1147.402,EM319,0.0133945
-2223.22,963.586,EM328,0.0134492
-2223.22,779.77,EM337,0.0136346
-2223.22,595.954,EM346,0.013715
-2223.22,412.138,EM355,0.0136905
-2223.22,228.322,EM364,0.0136793
-2223.22,44.506,EM371,0.0136298
-2223.22,-139.31,EM378,0.0134996
-2223.22,-323.126,EM384,0.0132423
-2223.22,-506.942,EM392,0.0130713
-2223.22,-690.758,EM399,0.0128437
-2223.22,-874.574,EM408,0.0125022
-2223.22,-1058.39,EM415,0.0120082
-2223.22,-1242.206,EM421,0.0116014
-2223.22,-1426.022,EM428,0.0111076
-2223.22,-1609.838,EM436,0.0105015
-2223.22,-1793.654,EM444,0.0098053
-2223.22,-1977.47,EM452,0.0092433
-2223.22,-2161.286,EM459,0.0084918
-2039.404,7948.594,EV1,0.0064994
-2039.404,7764.778,EV6,0.0071754
-2039.404,7580.962,EV12,0.0076777
-2039.404,7397.146,EV21,0.0082238
-2039.404,7213.33,EV29,0.0086573
-2039.404,7029.514,EV39,0.0090196
-2039.404,6845.698,EV47,0.009338
-2039.404,6661.882,EV57,0.0097489
-2039.404,6478.066,EV64,0.0100736
-2039.404,6294.25,EV74,0.0103218
-2039.404,6110.434,EV82,0.0105783
-2039.404,5926.618,EV92,0.0109955
-2039.404,5742.802,EV100,0.0113197
-2039.404,5558.986,EV110,0.0115889
-2039.404,5375.17,EV118,0.0119003
-2039.404,5191.354,EV127,0.0123351
-2039.404,5007.538,EV135,0.0127064
-2039.404,4823.722,EV145,0.013035
-2039.404,4639.906,EV153,0.0133151
-2039.404,4456.09,EV163,0.0136201
-2039.404,4272.274,EV171,0.0138312
-2039.404,4088.458,EV181,0.01394
-2039.404,3904.642,EV188,0.014019
-2039.404,3720.826,EV196,0.014081
-2039.404,3537.01,EV204,0.0140294
-2039.404,3353.194,EV214,0.0138402
-2039.404,3169.378,EV222,0.0138774
-2039.404,2985.562,EV231,0.013913
-2039.404,2801.746,EV240,0.0138242
-2039.404,2617.93,EV248,0.0135989
-2039.404,2434.114,EV257,0.013498
-2039.404,2250.298,EV266,0.0134582
-2039.404,2066.482,EV275,0.0133751
-2039.404,1882.666,EV284,0.0132351
-2039.404,1698.85,EV293,0.013221
-2039.404,1515.034,EV302,0.0133612
-2039.404,1331.218,EV310,0.0134059
-2039.404,1147.402,EV319,0.0133844
-2039.404,963.586,EV328,0.0134394
-2039.404,779.77,EV337,0.0136142
-2039.404,595.954,EV346,0.0136965
-2039.404,412.138,EV355,0.0136626
-2039.404,228.322,EV364,0.0136586
-2039.404,44.506,EV371,0.0136205
-2039.404,-139.31,EV378,0.013485
-2039.404,-323.126,EV384,0.0132218
-2039.404,-506.942,EV392,0.0130204
-2039.404,-690.758,EV399,0.0127961
-2039.404,-874.574,EV408,0.0124513
-2039.404,-1058.39,EV415,0.0119739
-2039.404,-1242.206,EV421,0.0115831
-2039.404,-1426.022,EV428,0.0110858
-2039.404,-1609.838,EV436,0.0104993
-2039.404,-1793.654,EV444,0.0097925
-2039.404,-1977.47,EV452,0.0092419
-2039.404,-2161.286,EV459,0.0085089
-1855.588,7948.594,FD1,0.0064529
-1855.588,7764.778,FD6,0.0071777
-1855.588,7580.962,FD12,0.0077187
-1855.588,7397.146,FD21,0.0081528
-1855.588,7213.33,FD29,0.0085051
-1855.588,7029.514,FD39,0.0090197
-1855.588,6845.698,FD47,0.0093866
-1855.588,6661.882,FD57,0.0096376
-1855.588,6478.066,FD64,0.0099034
-1855.588,6294.25,FD74,0.0102921
-1855.588,6110.434,FD82,0.0106197
-1855.588,5926.618,FD92,0.0108358
-1855.588,5742.802,FD100,0.0111283
-1855.588,5558.986,FD110,0.0115339
-1855.588,5375.17,FD118,0.011903
-1855.588,5191.354,FD127,0.0121771
-1855.588,5007.538,FD135,0.012478
-1855.588,4823.722,FD145,0.012918
-1855.588,4639.906,FD153,0.0132397
-1855.588,4456.09,FD163,0.0134751
-1855.588,4272.274,FD171,0.0136298
-1855.588,4088.458,FD181,0.0138555
-1855.588,3904.642,FD188,0.0139152
-1855.588,3720.826,FD196,0.0138511
-1855.588,3537.01,FD204,0.0138263
-1855.588,3353.194,FD214,0.0137715
-1855.588,3169.378,FD222,0.0138384
-1855.588,2985.562,FD231,0.0137235
-1855.588,2801.746,FD240,0.0136526
-1855.588,2617.93,FD248,0.013631
-1855.588,2434.114,FD257,0.0134925
-1855.588,2250.298,FD266,0.0132779
-1855.588,2066.482,FD275,0.0132024
-1855.588,1882.666,FD284,0.0132936
-1855.588,1698.85,FD293,0.0132622
-1855.588,1515.034,FD302,0.0131794
-1855.588,1331.218,FD310,0.0132073
-1855.588,1147.402,FD319,0.0133814
-1855.588,963.586,FD328,0.0134777
-1855.588,779.77,FD337,0.0134821
-1855.588,595.954,FD346,0.0135643
-1855.588,412.138,FD355,0.0136276
-1855.588,228.322,FD364,0.0136188
-1855.588,44.506,FD371,0.0134521
-1855.588,-139.31,FD378,0.0133501
-1855.588,-323.126,FD384,0.013208
-1855.588,-506.942,FD392,0.0129672
-1855.588,-690.758,FD399,0.0126236
-1855.588,-874.574,FD408,0.0123083
-1855.588,-1058.39,FD415,0.0119732
-1855.588,-1242.206,FD421,0.0114933
-1855.588,-1426.022,FD428,0.0108906
-1855.588,-1609.838,FD436,0.0104208
-1855.588,-1793.654,FD444,0.0098941
-1855.588,-1977.47,FD452,0.0092896
-1855.588,-2161.286,FD459,0.0084551
-1671.772,7948.594,FJ1,0.0064072
-1671.772,7764.778,FJ6,0.0071092
-1671.772,7580.962,FJ12,0.007643
-1671.772,7397.146,FJ21,0.0080763
-1671.772,7213.33,FJ29,0.0084335
-1671.772,7029.514,FJ39,0.0089157
-1671.772,6845.698,FJ47,0.0092907
-1671.772,6661.882,FJ57,0.0095522
-1671.772,6478.066,FJ64,0.0098144
-1671.772,6294.25,FJ74,0.010192
-1671.772,6110.434,FJ82,0.0104881
-1671.772,5926.618,FJ92,0.0107346
-1671.772,5742.802,FJ100,0.0110027
-1671.772,5558.986,FJ110,0.011393
-1671.772,5375.17,FJ118,0.011738
-1671.772,5191.354,FJ127,0.012026
-1671.772,5007.538,FJ135,0.0123169
-1671.772,4823.722,FJ145,0.0127177
-1671.772,4639.906,FJ153,0.0130327
-1671.772,4456.09,FJ163,0.0132782
-1671.772,4272.274,FJ171,0.013452
-1671.772,4088.458,FJ181,0.0136313
-1671.772,3904.642,FJ188,0.0137006
-1671.772,3720.826,FJ196,0.0136714
-1671.772,3537.01,FJ204,0.0136418
-1671.772,3353.194,FJ214,0.0135847
-1671.772,3169.378,FJ222,0.0136517
-1671.772,2985.562,FJ231,0.0135657
-1671.772,2801.746,FJ240,0.0135336
-1671.772,2617.93,FJ248,0.0134987
-1671.772,2434.114,FJ257,0.0133693
-1671.772,2250.298,FJ266,0.0131726
-1671.772,2066.482,FJ275,0.0131052
-1671.772,1882.666,FJ284,0.0131735
-1671.772,1698.85,FJ293,0.0131493
-1671.772,1515.034,FJ302,0.0130784
-1671.772,1331.218,FJ310,0.0130877
-1671.772,1147.402,FJ319,0.013233
-1671.772,963.586,FJ328,0.0133218
-1671.772,779.77,FJ337,0.0133428
-1671.772,595.954,FJ346,0.0134053
-1671.772,412.138,FJ355,0.0134468
-1671.772,228.322,FJ364,0.0134242
-1671.772,44.506,FJ371,0.0132859
-1671.772,-139.31,FJ378,0.0131761
-1671.772,-323.126,FJ384,0.0130058
-1671.772,-506.942,FJ392,0.0127751
-1671.772,-690.758,FJ399,0.0124564
-1671.772,-874.574,FJ408,0.0121595
-1671.772,-1058.39,FJ415,0.0118108
-1671.772,-1242.206,FJ421,0.0113612
-1671.772,-1426.022,FJ428,0.0107812
-1671.772,-1609.838,FJ436,0.0103247
-1671.772,-1793.654,FJ444,0.0098
-1671.772,-1977.47,FJ452,0.0092007
-1671.772,-2161.286,FJ459,0.0084055
-1487.956,7948.594,FP1,0.0063498
-1487.956,7764.778,FP6,0.0069985
-1487.956,7580.962,FP12,0.0074697
-1487.956,7397.146,FP21,0.0080126
-1487.956,7213.33,FP29,0.0084213
-1487.956,7029.514,FP39,0.0087637
-1487.956,6845.698,FP47,0.0090733
-1487.956,6661.882,FP57,0.009479
-1487.956,6478.066,FP64,0.0097888
-1487.956,6294.25,FP74,0.009991
-1487.956,6110.434,FP82,0.0102245
-1487.956,5926.618,FP92,0.0106298
-1487.956,5742.802,FP100,0.0109303
-1487.956,5558.986,FP110,0.0111256
-1487.956,5375.17,FP118,0.0114137
-1487.956,5191.354,FP127,0.0118371
-1487.956,5007.538,FP135,0.0121718
-1487.956,4823.722,FP145,0.0124383
-1487.956,4639.906,FP153,0.0126881
-1487.956,4456.09,FP163,0.0129967
-1487.956,4272.274,FP171,0.0131914
-1487.956,4088.458,FP181,0.0132714
-1487.956,3904.642,FP188,0.0133664
-1487.956,3720.826,FP196,0.0134668
-1487.956,3537.01,FP204,0.0134465
-1487.956,3353.194,FP214,0.0132656
-1487.956,3169.378,FP222,0.0133566
-1487.956,2985.562,FP231,0.0134336
-1487.956,2801.746,FP240,0.0133971
-1487.956,2617.93,FP248,0.0132213
-1487.956,2434.114,FP257,0.013112
-1487.956,2250.298,FP266,0.0131332
-1487.956,2066.482,FP275,0.0130572
-1487.956,1882.666,FP284,0.0129104
-1487.956,1698.85,FP293,0.0128873
-1487.956,1515.034,FP302,0.0130157
-1487.956,1331.218,FP310,0.0130297
-1487.956,1147.402,FP319,0.012951
-1487.956,963.586,FP328,0.0129921
-1487.956,779.77,FP337,0.013148
-1487.956,595.954,FP346,0.0132044
-1487.956,412.138,FP355,0.0131101
-1487.956,228.322,FP364,0.0131055
-1487.956,44.506,FP371,0.0130667
-1487.956,-139.31,FP378,0.0129249
-1487.956,-323.126,FP384,0.0126336
-1487.956,-506.942,FP392,0.0124382
-1487.956,-690.758,FP399,0.0122676
-1487.956,-874.574,FP408,0.0119463
-1487.956,-1058.39,FP415,0.0115094
-1487.956,-1242.206,FP421,0.0111589
-1487.956,-1426.022,FP428,0.0107415
-1487.956,-1609.838,FP436,0.0102144
-1487.956,-1793.654,FP444,0.0095282
-1487.956,-1977.47,FP452,0.0090222
-1487.956,-2161.286,FP459,0.0083454
-1304.14,7948.594,FY1,0.0063245
-1304.14,7764.778,FY6,0.0069409
-1304.14,7580.962,FY12,0.0074072
-1304.14,7397.146,FY21,0.0079169
-1304.14,7213.33,FY29,0.0083254
-1304.14,7029.514,FY39,0.0086713
-1304.14,6845.698,FY47,0.0089787
-1304.14,6661.882,FY57,0.0093554
-1304.14,6478.066,FY64,0.0096519
-1304.14,6294.25,FY74,0.0098728
-1304.14,6110.434,FY82,0.0101001
-1304.14,5926.618,FY92,0.0104606
-1304.14,5742.802,FY100,0.010743
-1304.14,5558.986,FY110,0.010962
-1304.14,5375.17,FY118,0.0112203
-1304.14,5191.354,FY127,0.0115844
-1304.14,5007.538,FY135,0.0119071
-1304.14,4823.722,FY145,0.012182
-1304.14,4639.906,FY153,0.0124366
-1304.14,4456.09,FY163,0.0126674
-1304.14,4272.274,FY171,0.0128497
-1304.14,4088.458,FY181,0.0129943
-1304.14,3904.642,FY188,0.0130885
-1304.14,3720.826,FY196,0.0131641
-1304.14,3537.01,FY204,0.0131481
-1304.14,3353.194,FY214,0.0130458
-1304.14,3169.378,FY222,0.0131328
-1304.14,2985.562,FY231,0.0131984
-1304.14,2801.746,FY240,0.0131922
-1304.14,2617.93,FY248,0.0130528
-1304.14,2434.114,FY257,0.0129848
-1304.14,2250.298,FY266,0.0129786
-1304.14,2066.482,FY275,0.0129183
-1304.14,1882.666,FY284,0.0127854
-1304.14,1698.85,FY293,0.0127571
-1304.14,1515.034,FY302,0.0128495
-1304.14,1331.218,FY310,0.0128505
-1304.14,1147.402,FY319,0.012792
-1304.14,963.586,FY328,0.012792
-1304.14,779.77,FY337,0.0128887
-1304.14,595.954,FY346,0.0129107
-1304.14,412.138,FY355,0.0128676
-1304.14,228.322,FY364,0.0128358
-1304.14,44.506,FY371,0.0127396
-1304.14,-139.31,FY378,0.0126109
-1304.14,-323.126,FY384,0.0123843
-1304.14,-506.942,FY392,0.0122142
-1304.14,-690.758,FY399,0.0119736
-1304.14,-874.574,FY408,0.011694
-1304.14,-1058.39,FY415,0.0113138
-1304.14,-1242.206,FY421,0.0109845
-1304.14,-1426.022,FY428,0.0105655
-1304.14,-1609.838,FY436,0.0100574
-1304.14,-1793.654,FY444,0.0094276
-1304.14,-1977.47,FY452,0.0089347
-1304.14,-2161.286,FY459,0.008244
-1120.324,7948.594,GF1,0.0062095
-1120.324,7764.778,GF6,0.0068841
-1120.324,7580.962,GF12,0.0073648
-1120.324,7397.146,GF21,0.0077494
-1120.324,7213.33,GF29,0.0080927
-1120.324,7029.514,GF39,0.0085609
-1120.324,6845.698,GF47,0.0089201
-1120.324,6661.882,GF57,0.0091362
-1120.324,6478.066,GF64,0.009366
-1120.324,6294.25,GF74,0.0097303
-1120.324,6110.434,GF82,0.0099999
-1120.324,5926.618,GF92,0.0101702
-1120.324,5742.802,GF100,0.0103911
-1120.324,5558.986,GF110,0.0107478
-1120.324,5375.17,GF118,0.011036
-1120.324,5191.354,GF127,0.0111894
-1120.324,5007.538,GF135,0.0114427
-1120.324,4823.722,GF145,0.0118275
-1120.324,4639.906,GF153,0.0120944
-1120.324,4456.09,GF163,0.012182
-1120.324,4272.274,GF171,0.0123498
-1120.324,4088.458,GF181,0.0126032
-1120.324,3904.642,GF188,0.0127167
-1120.324,3720.826,GF196,0.0126699
-1120.324,3537.01,GF204,0.0126842
-1120.324,3353.194,GF214,0.0127463
-1120.324,3169.378,GF222,0.0128647
-1120.324,2985.562,GF231,0.0127997
-1120.324,2801.746,GF240,0.0128343
-1120.324,2617.93,GF248,0.0129062
-1120.324,2434.114,GF257,0.0128417
-1120.324,2250.298,GF266,0.0126726
-1120.324,2066.482,GF275,0.0126141
-1120.324,1882.666,GF284,0.012693
-1120.324,1698.85,GF293,0.0126538
-1120.324,1515.034,GF302,0.0125092
-1120.324,1331.218,GF310,0.0124977
-1120.324,1147.402,GF319,0.0126026
-1120.324,963.586,GF328,0.0125931
-1120.324,779.77,GF337,0.0124607
-1120.324,595.954,GF346,0.012449
-1120.324,412.138,GF355,0.0125511
-1120.324,228.322,GF364,0.0124813
-1120.324,44.506,GF371,0.0122324
-1120.324,-139.31,GF378,0.0121252
-1120.324,-323.126,GF384,0.0120744
-1120.324,-506.942,GF392,0.0118934
-1120.324,-690.758,GF399,0.0115078
-1120.324,-874.574,GF408,0.0112907
-1120.324,-1058.39,GF415,0.0110813
-1120.324,-1242.206,GF421,0.0107208
-1120.324,-1426.022,GF428,0.0101913
-1120.324,-1609.838,GF436,0.009807
-1120.324,-1793.654,GF444,0.0093784
-1120.324,-1977.47,GF452,0.0088606
-1120.324,-2161.286,GF459,0.0080971
-936.5084,7948.594,GL1,0.0060984
-936.5084,7764.778,GL6,0.0067278
-936.5084,7580.962,GL12,0.0071923
-936.5084,7397.146,GL21,0.0075892
-936.5084,7213.33,GL29,0.0079099
-936.5084,7029.514,GL39,0.0083535
-936.5084,6845.698,GL47,0.0086992
-936.5084,6661.882,GL57,0.0089227
-936.5084,6478.066,GL64,0.0091512
-936.5084,6294.25,GL74,0.0094745
-936.5084,6110.434,GL82,0.0097337
-936.5084,5926.618,GL92,0.0099058
-936.5084,5742.802,GL100,0.0101313
-936.5084,5558.986,GL110,0.0104203
-936.5084,5375.17,GL118,0.0107
-936.5084,5191.354,GL127,0.0108733
-936.5084,5007.538,GL135,0.0110853
-936.5084,4823.722,GL145,0.0113834
-936.5084,4639.906,GL153,0.0116105
-936.5084,4456.09,GL163,0.0117865
-936.5084,4272.274,GL171,0.0119315
-936.5084,4088.458,GL181,0.0121507
-936.5084,3904.642,GL188,0.0122442
-936.5084,3720.826,GL196,0.012287
-936.5084,3537.01,GL204,0.0123279
-936.5084,3353.194,GL214,0.0123391
-936.5084,3169.378,GL222,0.0124874
-936.5084,2985.562,GL231,0.0124943
-936.5084,2801.746,GL240,0.0125456
-936.5084,2617.93,GL248,0.0126065
-936.5084,2434.114,GL257,0.0125516
-936.5084,2250.298,GL266,0.0124276
-936.5084,2066.482,GL275,0.012373
-936.5084,1882.666,GL284,0.0124418
-936.5084,1698.85,GL293,0.0123841
-936.5084,1515.034,GL302,0.0122775
-936.5084,1331.218,GL310,0.0122332
-936.5084,1147.402,GL319,0.0122769
-936.5084,963.586,GL328,0.012253
-936.5084,779.77,GL337,0.0121365
-936.5084,595.954,GL346,0.0121171
-936.5084,412.138,GL355,0.012102
-936.5084,228.322,GL364,0.0120423
-936.5084,44.506,GL371,0.0118499
-936.5084,-139.31,GL378,0.0117482
-936.5084,-323.126,GL384,0.0116313
-936.5084,-506.942,GL392,0.0114568
-936.5084,-690.758,GL399,0.0111825
-936.5084,-874.574,GL408,0.0109551
-936.5084,-1058.39,GL415,0.0107288
-936.5084,-1242.206,GL421,0.0103771
-936.5084,-1426.022,GL428,0.0099304
-936.5084,-1609.838,GL436,0.009559
-936.5084,-1793.654,GL444,0.0091433
-936.5084,-1977.47,GL452,0.0086528
-936.5084,-2161.286,GL459,0.0079346
-752.6924,7948.594,GU1,0.0059056
-752.6924,7764.778,GU6,0.0064351
-752.6924,7580.962,GU12,0.0068267
-752.6924,7397.146,GU21,0.0072922
-752.6924,7213.33,GU29,0.007663
-752.6924,7029.514,GU39,0.007969
-752.6924,6845.698,GU47,0.0082385
-752.6924,6661.882,GU57,0.0085711
-752.6924,6478.066,GU64,0.0088384
-752.6924,6294.25,GU74,0.0090004
-752.6924,6110.434,GU82,0.0092306
-752.6924,5926.618,GU92,0.009542
-752.6924,5742.802,GU100,0.0097624
-752.6924,5558.986,GU110,0.0098942
-752.6924,5375.17,GU118,0.0101013
-752.6924,5191.354,GU127,0.0104157
-752.6924,5007.538,GU135,0.0106378
-752.6924,4823.722,GU145,0.0107473
-752.6924,4639.906,GU153,0.0109478
-752.6924,4456.09,GU163,0.0112341
-752.6924,4272.274,GU171,0.0114093
-752.6924,4088.458,GU181,0.0114614
-752.6924,3904.642,GU188,0.0115374
-752.6924,3720.826,GU196,0.0117463
-752.6924,3537.01,GU204,0.0118405
-752.6924,3353.194,GU214,0.0117664
-752.6924,3169.378,GU222,0.0118752
-752.6924,2985.562,GU231,0.0120756
-752.6924,2801.746,GU240,0.0121484
-752.6924,2617.93,GU248,0.0120985
-752.6924,2434.114,GU257,0.0120683
-752.6924,2250.298,GU266,0.0121303
-752.6924,2066.482,GU275,0.012083
-752.6924,1882.666,GU284,0.0119471
-752.6924,1698.85,GU293,0.0119249
-752.6924,1515.034,GU302,0.0119665
-752.6924,1331.218,GU310,0.0119012
-752.6924,1147.402,GU319,0.0117288
-752.6924,963.586,GU328,0.011704
-752.6924,779.77,GU337,0.0117363
-752.6924,595.954,GU346,0.011667
-752.6924,412.138,GU355,0.011459
-752.6924,228.322,GU364,0.0113768
-752.6924,44.506,GU371,0.0113701
-752.6924,-139.31,GU378,0.0112335
-752.6924,-323.126,GU384,0.0109531
-752.6924,-506.942,GU392,0.0108121
-752.6924,-690.758,GU399,0.0107131
-752.6924,-874.574,GU408,0.0104942
-752.6924,-1058.39,GU415,0.0101429
-752.6924,-1242.206,GU421,0.0098891
-752.6924,-1426.022,GU428,0.0095808
-752.6924,-1609.838,GU436,0.0091828
-752.6924,-1793.654,GU444,0.0086459
-752.6924,-1977.47,GU452,0.0082574
-752.6924,-2161.286,GU459,0.0077272
-568.8764,7948.594,HD1,0.0057373
-568.8764,7764.778,HD6,0.0062173
-568.8764,7580.962,HD12,0.0065812
-568.8764,7397.146,HD21,0.0070065
-568.8764,7213.33,HD29,0.0073665
-568.8764,7029.514,HD39,0.0076717
-568.8764,6845.698,HD47,0.0079419
-568.8764,6661.882,HD57,0.0081844
-568.8764,6478.066,HD64,0.0084649
-568.8764,6294.25,HD74,0.0086618
-568.8764,6110.434,HD82,0.0088607
-568.8764,5926.618,HD92,0.0091435
-568.8764,5742.802,HD100,0.0093414
-568.8764,5558.986,HD110,0.0095065
-568.8764,5375.17,HD118,0.0096828
-568.8764,5191.354,HD127,0.0099603
-568.8764,5007.538,HD135,0.0101533
-568.8764,4823.722,HD145,0.0103064
-568.8764,4639.906,HD153,0.0104797
-568.8764,4456.09,HD163,0.0107089
-568.8764,4272.274,HD171,0.0108784
-568.8764,4088.458,HD181,0.0109629
-568.8764,3904.642,HD188,0.0110756
-568.8764,3720.826,HD196,0.0112447
-568.8764,3537.01,HD204,0.0113377
-568.8764,3353.194,HD214,0.0113687
-568.8764,3169.378,HD222,0.0114823
-568.8764,2985.562,HD231,0.0116379
-568.8764,2801.746,HD240,0.0117207
-568.8764,2617.93,HD248,0.0117374
-568.8764,2434.114,HD257,0.0117596
-568.8764,2250.298,HD266,0.011817
-568.8764,1882.666,HD284,0.0116461
-568.8764,1698.85,HD293,0.0115952
-568.8764,1515.034,HD302,0.0115967
-568.8764,1331.218,HD310,0.011515
-568.8764,1147.402,HD319,0.0113662
-568.8764,963.586,HD328,0.0113032
-568.8764,779.77,HD337,0.0112749
-568.8764,595.954,HD346,0.0111896
-568.8764,412.138,HD355,0.0110245
-568.8764,228.322,HD364,0.0109215
-568.8764,44.506,HD371,0.0108346
-568.8764,-139.31,HD378,0.0107017
-568.8764,-323.126,HD384,0.0104939
-568.8764,-506.942,HD392,0.0103568
-568.8764,-690.758,HD399,0.0101992
-568.8764,-874.574,HD408,0.0100016
-568.8764,-1058.39,HD415,0.0097367
-568.8764,-1242.206,HD421,0.0093851
-568.8764,-1426.022,HD428,0.0091421
-568.8764,-1609.838,HD436,0.0087887
-568.8764,-1793.654,HD444,0.0083363
-568.8764,-1977.47,HD452,0.0079982
-568.8764,-2161.286,HD459,0.0075911
-568.8764,-2551.984,HD475,0.0066918
-385.0604,7948.594,HK1,0.0055929
-385.0604,7764.778,HK6,0.0060758
-385.0604,7580.962,HK12,0.0064378
-385.0604,7397.146,HK21,0.0067672
-385.0604,7213.33,HK29,0.0070506
-385.0604,7029.514,HK39,0.0074322
-385.0604,6845.698,HK47,0.0077702
-385.0604,6661.882,HK57,0.0079165
-385.0604,6478.066,HK64,0.008099
-385.0604,6294.25,HK74,0.0083929
-385.0604,6110.434,HK82,0.0086133
-385.0604,5926.618,HK92,0.008725
-385.0604,5742.802,HK100,0.0088989
-385.0604,5558.986,HK110,0.0091838
-385.0604,5375.17,HK118,0.009377
-385.0604,5191.354,HK127,0.0094947
-385.0604,5007.538,HK135,0.0096362
-385.0604,4823.722,HK145,0.0099362
-385.0604,4639.906,HK153,0.0101042
-385.0604,4456.09,HK163,0.0101915
-385.0604,4272.274,HK171,0.0103072
-385.0604,4088.458,HK181,0.0105711
-385.0604,3904.642,HK188,0.0106923
-385.0604,3720.826,HK196,0.010737
-385.0604,3537.01,HK204,0.0108348
-385.0604,3353.194,HK214,0.0110231
-385.0604,3169.378,HK222,0.011172
-385.0604,2985.562,HK231,0.0112223
-385.0604,2801.746,HK240,0.0113023
-385.0604,2617.93,HK248,0.0114719
-385.0604,2434.114,HK257,0.0115185
-385.0604,2250.298,HK266,0.0115076
-385.0604,2066.482,HK275,0.011509
-385.0604,1882.666,HK284,0.0115125
-385.0604,1698.85,HK293,0.0114101
-385.0604,1515.034,HK302,0.0112623
-385.0604,1331.218,HK310,0.0111721
-385.0604,1147.402,HK319,0.0111508
-385.0604,963.586,HK328,0.0110533
-385.0604,779.77,HK337,0.0108368
-385.0604,595.954,HK346,0.0107624
-385.0604,412.138,HK355,0.0107094
-385.0604,228.322,HK364,0.0105772
-385.0604,44.506,HK371,0.0103157
-385.0604,-139.31,HK378,0.0102018
-385.0604,-323.126,HK384,0.0101421
-385.0604,-506.942,HK392,0.0099807
-385.0604,-690.758,HK399,0.009696
-385.0604,-874.574,HK408,0.0095207
-385.0604,-1058.39,HK415,0.0093772
-385.0604,-1242.206,HK421,0.0091025
-385.0604,-1426.022,HK428,0.0087929
-385.0604,-1609.838,HK436,0.0084543
-385.0604,-1793.654,HK444,0.0081551
-385.0604,-1977.47,HK452,0.0078242
-385.0604,-2161.286,HK459,0.0073552
-201.2444,7948.594,HP1,0.0054788
-201.2444,7764.778,HP6,0.0059373
-201.2444,7580.962,HP12,0.0062822
-201.2444,7397.146,HP21,0.0066144
-201.2444,7213.33,HP29,0.0068832
-201.2444,7029.514,HP39,0.0072166
-201.2444,6845.698,HP47,0.0075123
-201.2444,6661.882,HP57,0.0077031
-201.2444,6478.066,HP64,0.0078999
-201.2444,6294.25,HP74,0.0081458
-201.2444,6110.434,HP82,0.0083622
-201.2444,5926.618,HP92,0.0085025
-201.2444,5742.802,HP100,0.0086717
-201.2444,5558.986,HP110,0.0088918
-201.2444,5375.17,HP118,0.0090791
-201.2444,5191.354,HP127,0.0092176
-201.2444,5007.538,HP135,0.0093691
-201.2444,4823.722,HP145,0.009622
-201.2444,4639.906,HP153,0.0097694
-201.2444,4456.09,HP163,0.0098985
-201.2444,4272.274,HP171,0.0100121
-201.2444,4088.458,HP181,0.0102336
-201.2444,3904.642,HP188,0.0103545
-201.2444,3720.826,HP196,0.010447
-201.2444,3537.01,HP204,0.0105604
-201.2444,3353.194,HP214,0.0107162
-201.2444,3169.378,HP222,0.0108808
-201.2444,2985.562,HP231,0.0109753
-201.2444,2801.746,HP240,0.0110808
-201.2444,2617.93,HP248,0.0112385
-201.2444,2434.114,HP257,0.0112939
-201.2444,2250.298,HP266,0.0113244
-201.2444,2066.482,HP275,0.0113222
-201.2444,1882.666,HP284,0.0113298
-201.2444,1698.85,HP293,0.0112449
-201.2444,1515.034,HP302,0.011101
-201.2444,1331.218,HP310,0.0110151
-201.2444,1147.402,HP319,0.0109652
-201.2444,963.586,HP328,0.0108585
-201.2444,779.77,HP337,0.0106345
-201.2444,595.954,HP346,0.0105261
-201.2444,412.138,HP355,0.0104152
-201.2444,228.322,HP364,0.0102777
-201.2444,44.506,HP371,0.0100556
-201.2444,-139.31,HP378,0.0099277
-201.2444,-323.126,HP384,0.0098159
-201.2444,-506.942,HP392,0.0096571
-201.2444,-690.758,HP399,0.0094279
-201.2444,-874.574,HP408,0.0092433
-201.2444,-1058.39,HP415,0.0090601
-201.2444,-1242.206,HP421,0.0088018
-201.2444,-1426.022,HP428,0.0084965
-201.2444,-1609.838,HP436,0.008232
-201.2444,-1793.654,HP444,0.0079343
-201.2444,-1977.47,HP452,0.0076301
-201.2444,-2161.286,HP459,0.0072022
-17.4284,7948.594,HY1,0.0053506
-17.4284,7764.778,HY6,0.0057662
-17.4284,7580.962,HY12,0.0060702
-17.4284,7397.146,HY21,0.0064499
-17.4284,7213.33,HY29,0.0067335
-17.4284,7029.514,HY39,0.0069657
-17.4284,6845.698,HY47,0.007197
-17.4284,6661.882,HY57,0.0074853
-17.4284,6478.066,HY64,0.007707
-17.4284,6294.25,HY74,0.0078449
-17.4284,6110.434,HY82,0.0080172
-17.4284,5926.618,HY92,0.008287
-17.4284,5742.802,HY100,0.0084634
-17.4284,5558.986,HY110,0.0085668
-17.4284,5375.17,HY118,0.008701
-17.4284,5191.354,HY127,0.0089579
-17.4284,5007.538,HY135,0.0091288
-17.4284,4823.722,HY145,0.0092303
-17.4284,4639.906,HY153,0.0093618
-17.4284,4456.09,HY163,0.0096103
-17.4284,4272.274,HY171,0.0097581
-17.4284,4088.458,HY181,0.0098278
-17.4284,3904.642,HY188,0.0099397
-17.4284,3720.826,HY196,0.0101644
-17.4284,3537.01,HY204,0.0103219
-17.4284,3353.194,HY214,0.0103744
-17.4284,3169.378,HY222,0.0105249
-17.4284,2985.562,HY231,0.010746
-17.4284,2801.746,HY240,0.0108815
-17.4284,2617.93,HY248,0.0109355
-17.4284,2434.114,HY257,0.0110033
-17.4284,2250.298,HY266,0.0111171
-17.4284,2066.482,HY275,0.0111323
-17.4284,1882.666,HY284,0.0110768
-17.4284,1698.85,HY293,0.0110294
-17.4284,1515.034,HY302,0.0109904
-17.4284,1331.218,HY310,0.010894
-17.4284,1147.402,HY319,0.0107371
-17.4284,963.586,HY328,0.0106313
-17.4284,779.77,HY337,0.0104989
-17.4284,595.954,HY346,0.0103282
-17.4284,412.138,HY355,0.0100534
-17.4284,228.322,HY364,0.0099366
-17.4284,44.506,HY371,0.0098393
-17.4284,-139.31,HY378,0.0096753
-17.4284,-323.126,HY384,0.0094202
-17.4284,-506.942,HY392,0.0092791
-17.4284,-690.758,HY399,0.0091687
-17.4284,-874.574,HY408,0.0089625
-17.4284,-1058.39,HY415,0.0086607
-17.4284,-1242.206,HY421,0.0084562
-17.4284,-1426.022,HY428,0.0082738
-17.4284,-1609.838,HY436,0.0079964
-17.4284,-1793.654,HY444,0.0076116
-17.4284,-1977.47,HY452,0.007363
-17.4284,-2161.286,HY459,0.0070543
166.3876,7948.594,JF1,0.0052593
166.3876,7764.778,JF6,0.0056844
166.3876,7580.962,JF12,0.0059645
166.3876,7397.146,JF21,0.0063278
166.3876,7213.33,JF29,0.0065779
166.3876,7029.514,JF39,0.0068342
166.3876,6845.698,JF47,0.0070491
166.3876,6661.882,JF57,0.0072931
166.3876,6478.066,JF64,0.007519
166.3876,6294.25,JF74,0.0076715
166.3876,6110.434,JF82,0.0078537
166.3876,5926.618,JF92,0.0080646
166.3876,5742.802,JF100,0.0082557
166.3876,5558.986,JF110,0.0083628
166.3876,5375.17,JF118,0.0085161
166.3876,5191.354,JF127,0.0087266
166.3876,5007.538,JF135,0.008887
166.3876,4823.722,JF145,0.0090281
166.3876,4639.906,JF153,0.0091477
166.3876,4456.09,JF163,0.0093757
166.3876,4272.274,JF171,0.0095022
166.3876,4088.458,JF181,0.0096173
166.3876,3904.642,JF188,0.0097219
166.3876,3720.826,JF196,0.0099154
166.3876,3537.01,JF204,0.0100726
166.3876,3353.194,JF214,0.0101634
166.3876,3169.378,JF222,0.0103424
166.3876,2985.562,JF231,0.0105289
166.3876,2801.746,JF240,0.0106751
166.3876,2617.93,JF248,0.0107682
166.3876,2434.114,JF257,0.0108193
166.3876,2250.298,JF266,0.0109271
166.3876,2066.482,JF275,0.0109347
166.3876,1882.666,JF284,0.0109398
166.3876,1698.85,JF293,0.0108921
166.3876,1515.034,JF302,0.0108627
166.3876,1331.218,JF310,0.0107649
166.3876,1147.402,JF319,0.0106134
166.3876,963.586,JF328,0.0104976
166.3876,779.77,JF337,0.0103215
166.3876,595.954,JF346,0.0101553
166.3876,412.138,JF355,0.0098911
166.3876,228.322,JF364,0.0097572
166.3876,44.506,JF371,0.0096144
166.3876,-139.31,JF378,0.0094493
166.3876,-323.126,JF384,0.0092229
166.3876,-506.942,JF392,0.0090601
166.3876,-690.758,JF399,0.0089308
166.3876,-874.574,JF408,0.0087121
166.3876,-1058.39,JF415,0.008478
166.3876,-1242.206,JF421,0.0082636
166.3876,-1426.022,JF428,0.0080668
166.3876,-1609.838,JF436,0.0078004
166.3876,-1793.654,JF444,0.0074627
166.3876,-1977.47,JF452,0.007243
166.3876,-2161.286,JF459,0.0069234
350.2036,7948.594,JL1,0.0051333
350.2036,7764.778,JL6,0.0055693
350.2036,7580.962,JL12,0.0058733
350.2036,7397.146,JL21,0.0061394
350.2036,7213.33,JL29,0.006352
350.2036,7029.514,JL39,0.0066741
350.2036,6845.698,JL47,0.0069129
350.2036,6661.882,JL57,0.0070578
350.2036,6478.066,JL64,0.0072325
350.2036,6294.25,JL74,0.0074967
350.2036,6110.434,JL82,0.0076973
350.2036,5926.618,JL92,0.0077965
350.2036,5742.802,JL100,0.0079453
350.2036,5558.986,JL110,0.0081736
350.2036,5375.17,JL118,0.0083417
350.2036,5191.354,JL127,0.0084323
350.2036,5007.538,JL135,0.0085612
350.2036,4823.722,JL145,0.0088265
350.2036,4639.906,JL153,0.0089725
350.2036,4456.09,JL163,0.0090689
350.2036,4272.274,JL171,0.009166
350.2036,4088.458,JL181,0.0094002
350.2036,3904.642,JL188,0.0095322
350.2036,3720.826,JL196,0.0096113
350.2036,3537.01,JL204,0.0097417
350.2036,3353.194,JL214,0.0099381
350.2036,3169.378,JL222,0.0101493
350.2036,2985.562,JL231,0.0102768
350.2036,2801.746,JL240,0.0103997
350.2036,2617.93,JL248,0.0105778
350.2036,2434.114,JL257,0.0106446
350.2036,2250.298,JL266,0.0106472
350.2036,2066.482,JL275,0.0106638
350.2036,1882.666,JL284,0.0107629
350.2036,1698.85,JL293,0.0107406
350.2036,1515.034,JL302,0.010643
350.2036,1331.218,JL310,0.0105542
350.2036,1147.402,JL319,0.0104675
350.2036,963.586,JL328,0.0103136
350.2036,779.77,JL337,0.0100415
350.2036,595.954,JL346,0.0099135
350.2036,412.138,JL355,0.0097689
350.2036,228.322,JL364,0.0095871
350.2036,44.506,JL371,0.0093097
350.2036,-139.31,JL378,0.0091606
350.2036,-323.126,JL384,0.0090491
350.2036,-506.942,JL392,0.0088564
350.2036,-690.758,JL399,0.0085894
350.2036,-874.574,JL408,0.0084117
350.2036,-1058.39,JL415,0.0082939
350.2036,-1242.206,JL421,0.0080669
350.2036,-1426.022,JL428,0.0077684
350.2036,-1609.838,JL436,0.0075602
350.2036,-1793.654,JL444,0.0073715
350.2036,-1977.47,JL452,0.0071427
350.2036,-2161.286,JL459,0.0067851
534.0196,7948.594,JN1,0.0050559
534.0196,7764.778,JN6,0.0054495
534.0196,7580.962,JN12,0.0057459
534.0196,7397.146,JN21,0.0060149
534.0196,7213.33,JN29,0.006227
534.0196,7029.514,JN39,0.0065078
534.0196,6845.698,JN47,0.006744
534.0196,6661.882,JN57,0.0069064
534.0196,6478.066,JN64,0.0070849
534.0196,6294.25,JN74,0.0073175
534.0196,6110.434,JN82,0.0075061
534.0196,5926.618,JN92,0.0076282
534.0196,5742.802,JN100,0.0077767
534.0196,5558.986,JN110,0.0079794
534.0196,5375.17,JN118,0.0081342
534.0196,5191.354,JN127,0.0082518
534.0196,5007.538,JN135,0.0083823
534.0196,4823.722,JN145,0.0086118
534.0196,4639.906,JN153,0.0087577
534.0196,4456.09,JN163,0.0088701
534.0196,4272.274,JN171,0.0089687
534.0196,4088.458,JN181,0.009168
534.0196,3904.642,JN188,0.0092974
534.0196,3720.826,JN196,0.0094057
534.0196,3537.01,JN204,0.0095486
534.0196,3353.194,JN214,0.0097231
534.0196,3169.378,JN222,0.0099352
534.0196,2985.562,JN231,0.0100886
534.0196,2801.746,JN240,0.010224
534.0196,2617.93,JN248,0.0103846
534.0196,2434.114,JN257,0.01045
534.0196,2250.298,JN266,0.0104799
534.0196,2066.482,JN275,0.010495
534.0196,1882.666,JN284,0.0105805
534.0196,1698.85,JN293,0.0105628
534.0196,1515.034,JN302,0.0104873
534.0196,1331.218,JN310,0.010399
534.0196,1147.402,JN319,0.0102935
534.0196,963.586,JN328,0.0101453
534.0196,779.77,JN337,0.0098959
534.0196,595.954,JN346,0.0097578
534.0196,412.138,JN355,0.0095972
534.0196,228.322,JN364,0.0094132
534.0196,44.506,JN371,0.0091483
534.0196,-139.31,JN378,0.0089839
534.0196,-323.126,JN384,0.0088339
534.0196,-506.942,JN392,0.0086489
534.0196,-690.758,JN399,0.0084035
534.0196,-874.574,JN408,0.0082321
534.0196,-1058.39,JN415,0.0080852
534.0196,-1242.206,JN421,0.0078731
534.0196,-1426.022,JN428,0.0076175
534.0196,-1609.838,JN436,0.0074213
534.0196,-1793.654,JN444,0.0072256
534.0196,-1977.47,JN452,0.0070119
534.0196,-2161.286,JN459,0.0066753
717.8356,7948.594,JR1,0.0049404
717.8356,7764.778,JR6,0.0052989
717.8356,7580.962,JR12,0.0055598
717.8356,7397.146,JR21,0.0058763
717.8356,7213.33,JR29,0.0061197
717.8356,7029.514,JR39,0.0063107
717.8356,6845.698,JR47,0.0065057
717.8356,6661.882,JR57,0.0067497
717.8356,6478.066,JR64,0.0069526
717.8356,6294.25,JR74,0.0070789
717.8356,6110.434,JR82,0.0072334
717.8356,5926.618,JR92,0.0074605
717.8356,5742.802,JR100,0.0076269
717.8356,5558.986,JR110,0.0077222
717.8356,5375.17,JR118,0.007843
717.8356,5191.354,JR127,0.0080738
717.8356,5007.538,JR135,0.0082372
717.8356,4823.722,JR145,0.0083577
717.8356,4639.906,JR153,0.0084803
717.8356,4456.09,JR163,0.0086772
717.8356,4272.274,JR171,0.0087992
717.8356,4088.458,JR181,0.0088702
717.8356,3904.642,JR188,0.0089772
717.8356,3720.826,JR196,0.0091951
717.8356,3537.01,JR204,0.0093662
717.8356,3353.194,JR214,0.0094594
717.8356,3169.378,JR222,0.0096354
717.8356,2985.562,JR231,0.0098708
717.8356,2801.746,JR240,0.0100458
717.8356,2617.93,JR248,0.0101365
717.8356,2434.114,JR257,0.0102068
717.8356,2250.298,JR266,0.0103273
717.8356,2066.482,JR275,0.010364
717.8356,1882.666,JR284,0.0103525
717.8356,1698.85,JR293,0.0103357
717.8356,1515.034,JR302,0.0103226
717.8356,1331.218,JR310,0.0102273
717.8356,1147.402,JR319,0.010062
717.8356,963.586,JR328,0.0099281
717.8356,779.77,JR337,0.0097761
717.8356,595.954,JR346,0.0096019
717.8356,412.138,JR355,0.0093493
717.8356,228.322,JR364,0.0091991
717.8356,44.506,JR371,0.0090223
717.8356,-139.31,JR378,0.0088092
717.8356,-323.126,JR384,0.0085361
717.8356,-506.942,JR392,0.0083791
717.8356,-690.758,JR399,0.0082475
717.8356,-874.574,JR408,0.0080557
717.8356,-1058.39,JR415,0.0077957
717.8356,-1242.206,JR421,0.0076269
717.8356,-1426.022,JR428,0.0074899
717.8356,-1609.838,JR436,0.0072813
717.8356,-1793.654,JR444,0.0069956
717.8356,-1977.47,JR452,0.0068119
717.8356,-2161.286,JR459,0.0065704
901.6516,7948.594,JU1,0.0048518
901.6516,7764.778,JU6,0.0052179
901.6516,7580.962,JU12,0.0054587
901.6516,7397.146,JU21,0.0057667
901.6516,7213.33,JU29,0.0059941
901.6516,7029.514,JU39,0.0061961
901.6516,6845.698,JU47,0.0063796
901.6516,6661.882,JU57,0.006612
901.6516,6478.066,JU64,0.0068017
901.6516,6294.25,JU74,0.006933
901.6516,6110.434,JU82,0.0071063
901.6516,5926.618,JU92,0.0072952
901.6516,5742.802,JU100,0.0074608
901.6516,5558.986,JU110,0.0075585
901.6516,5375.17,JU118,0.0076905
901.6516,5191.354,JU127,0.0079013
901.6516,5007.538,JU135,0.0080511
901.6516,4823.722,JU145,0.008207
901.6516,4639.906,JU153,0.0082996
901.6516,4456.09,JU163,0.0084952
901.6516,4272.274,JU171,0.0085973
901.6516,4088.458,JU181,0.0087009
901.6516,3904.642,JU188,0.0088074
901.6516,3720.826,JU196,0.0089905
901.6516,3537.01,JU204,0.0091563
901.6516,3353.194,JU214,0.0092666
901.6516,3169.378,JU222,0.0094657
901.6516,2985.562,JU231,0.0096829
901.6516,2801.746,JU240,0.009856
901.6516,2617.93,JU248,0.0099793
901.6516,2434.114,JU257,0.0100455
901.6516,2250.298,JU266,0.010173
901.6516,2066.482,JU275,0.0102021
901.6516,1882.666,JU284,0.0102187
901.6516,1698.85,JU293,0.0101737
901.6516,1515.034,JU302,0.0101395
901.6516,1331.218,JU310,0.0100443
901.6516,1147.402,JU319,0.009897
901.6516,963.586,JU328,0.0097763
901.6516,779.77,JU337,0.0095919
901.6516,595.954,JU346,0.0094361
901.6516,412.138,JU355,0.0091801
901.6516,228.322,JU364,0.0090511
901.6516,44.506,JU371,0.0088409
901.6516,-139.31,JU378,0.0086357
901.6516,-323.126,JU384,0.0083828
901.6516,-506.942,JU392,0.0082178
901.6516,-690.758,JU399,0.0080757
901.6516,-874.574,JU408,0.0078782
901.6516,-1058.39,JU415,0.007669
901.6516,-1242.206,JU421,0.0074922
901.6516,-1426.022,JU428,0.0073479
901.6516,-1609.838,JU436,0.007146
901.6516,-1793.654,JU444,0.0068951
901.6516,-1977.47,JU452,0.0067271
901.6516,-2161.286,JU459,0.0064739
1085.468,7948.594,JW1,0.0047517
1085.468,7764.778,JW6,0.0051201
1085.468,7580.962,JW12,0.0053914
1085.468,7397.146,JW21,0.0056217
1085.468,7213.33,JW29,0.0058103
1085.468,7029.514,JW39,0.0060828
1085.468,6845.698,JW47,0.0062909
1085.468,6661.882,JW57,0.0064228
1085.468,6478.066,JW64,0.0065804
1085.468,6294.25,JW74,0.0068163
1085.468,6110.434,JW82,0.0069954
1085.468,5926.618,JW92,0.0070873
1085.468,5742.802,JW100,0.0072157
1085.468,5558.986,JW110,0.0074227
1085.468,5375.17,JW118,0.0075714
1085.468,5191.354,JW127,0.0076636
1085.468,5007.538,JW135,0.0077947
1085.468,4823.722,JW145,0.0080639
1085.468,4639.906,JW153,0.0081548
1085.468,4456.09,JW163,0.008241
1085.468,4272.274,JW171,0.008337
1085.468,4088.458,JW181,0.0085291
1085.468,3904.642,JW188,0.0086521
1085.468,3720.826,JW196,0.0087385
1085.468,3537.01,JW204,0.0088684
1085.468,3353.194,JW214,0.0090739
1085.468,3169.378,JW222,0.0093065
1085.468,2985.562,JW231,0.0094671
1085.468,2801.746,JW240,0.0096157
1085.468,2617.93,JW248,0.0098137
1085.468,2434.114,JW257,0.0099096
1085.468,2250.298,JW266,0.0099605
1085.468,2066.482,JW275,0.0099951
1085.468,1882.666,JW284,0.0100462
1085.468,1698.85,JW293,0.0099976
1085.468,1515.034,JW302,0.0098812
1085.468,1331.218,JW310,0.0098062
1085.468,1147.402,JW319,0.0097205
1085.468,963.586,JW328,0.0095746
1085.468,779.77,JW337,0.0093176
1085.468,595.954,JW346,0.0091917
1085.468,412.138,JW355,0.0090383
1085.468,228.322,JW364,0.0088851
1085.468,44.506,JW371,0.0085619
1085.468,-139.31,JW378,0.0083887
1085.468,-323.126,JW384,0.00825
1085.468,-506.942,JW392,0.0080636
1085.468,-690.758,JW399,0.007809
1085.468,-874.574,JW408,0.0076494
1085.468,-1058.39,JW415,0.0075485
1085.468,-1242.206,JW421,0.0073646
1085.468,-1426.022,JW428,0.0071241
1085.468,-1609.838,JW436,0.0069632
1085.468,-1793.654,JW444,0.0068261
1085.468,-1977.47,JW452,0.0066491
1085.468,-2161.286,JW459,0.0063884
1269.284,7948.594,KA1,0.004646
1269.284,7764.778,KA6,0.0050129
1269.284,7580.962,KA12,0.0052762
1269.284,7397.146,KA21,0.0055242
1269.284,7213.33,KA29,0.0057056
1269.284,7029.514,KA39,0.0059624
1269.284,6845.698,KA47,0.0061648
1269.284,6661.882,KA57,0.0063091
1269.284,6478.066,KA64,0.0064673
1269.284,6294.25,KA74,0.0066703
1269.284,6110.434,KA82,0.0068455
1269.284,5926.618,KA92,0.0069435
1269.284,5742.802,KA100,0.0070782
1269.284,5558.986,KA110,0.0072545
1269.284,5375.17,KA118,0.0074035
1269.284,5191.354,KA127,0.0075146
1269.284,5007.538,KA135,0.0076319
1269.284,4823.722,KA145,0.0078469
1269.284,4639.906,KA153,0.0079599
1269.284,4456.09,KA163,0.0080823
1269.284,4272.274,KA171,0.0081652
1269.284,4088.458,KA181,0.00833
1269.284,3904.642,KA188,0.0084417
1269.284,3720.826,KA196,0.0085504
1269.284,3537.01,KA204,0.0086967
1269.284,3353.194,KA214,0.0088774
1269.284,3169.378,KA222,0.0091022
1269.284,2985.562,KA231,0.009292
1269.284,2801.746,KA240,0.0094531
1269.284,2617.93,KA248,0.0096373
1269.284,2434.114,KA257,0.0097266
1269.284,2250.298,KA266,0.0098036
1269.284,2066.482,KA275,0.0098189
1269.284,1882.666,KA284,0.0098486
1269.284,1698.85,KA293,0.009797
1269.284,1515.034,KA302,0.0097125
1269.284,1331.218,KA310,0.0096222
1269.284,1147.402,KA319,0.0095088
1269.284,963.586,KA328,0.0093745
1269.284,779.77,KA337,0.0091476
1269.284,595.954,KA346,0.0090136
1269.284,412.138,KA355,0.0088206
1269.284,228.322,KA364,0.0086534
1269.284,44.506,KA371,0.0083946
1269.284,-139.31,KA378,0.0082349
1269.284,-323.126,KA384,0.0080732
1269.284,-506.942,KA392,0.0078933
1269.284,-690.758,KA399,0.0076803
1269.284,-874.574,KA408,0.00752
1269.284,-1058.39,KA415,0.0074098
1269.284,-1242.206,KA421,0.0072278
1269.284,-1426.022,KA428,0.0070258
1269.284,-1609.838,KA436,0.0068652
1269.284,-1793.654,KA444,0.0067161
1269.284,-1977.47,KA452,0.0065457
1269.284,-2161.286,KA459,0.006263
1453.1,7948.594,KC1,0.0045719
1453.1,7764.778,KC6,0.0049099
1453.1,7580.962,KC12,0.0051558
1453.1,7397.146,KC21,0.0054484
1453.1,7213.33,KC29,0.0056745
1453.1,7029.514,KC39,0.0058389
1453.1,6845.698,KC47,0.0060112
1453.1,6661.882,KC57,0.0062343
1453.1,6478.066,KC64,0.0064177
1453.1,6294.25,KC74,0.006528
1453.1,6110.434,KC82,0.0066622
1453.1,5926.618,KC92,0.0068645
1453.1,5742.802,KC100,0.0070063
1453.1,5558.986,KC110,0.0070794
1453.1,5375.17,KC118,0.0071957
1453.1,5191.354,KC127,0.0074022
1453.1,5007.538,KC135,0.0075353
1453.1,4823.722,KC145,0.0076187
1453.1,4639.906,KC153,0.0077231
1453.1,4456.09,KC163,0.0079198
1453.1,4272.274,KC171,0.0080316
1453.1,4088.458,KC181,0.0080786
1453.1,3904.642,KC188,0.0081772
1453.1,3720.826,KC196,0.0083897
1453.1,3537.01,KC204,0.0085652
1453.1,3353.194,KC214,0.0086624
1453.1,3169.378,KC222,0.0088472
1453.1,2985.562,KC231,0.0090986
1453.1,2801.746,KC240,0.0092937
1453.1,2617.93,KC248,0.0094229
1453.1,2434.114,KC257,0.0095163
1453.1,2250.298,KC266,0.0096247
1453.1,2066.482,KC275,0.009646
1453.1,1882.666,KC284,0.009603
1453.1,1698.85,KC293,0.0095795
1453.1,1515.034,KC302,0.0095469
1453.1,1331.218,KC310,0.0094458
1453.1,1147.402,KC319,0.0092646
1453.1,963.586,KC328,0.0091549
1453.1,779.77,KC337,0.0090172
1453.1,595.954,KC346,0.0088447
1453.1,412.138,KC355,0.0085541
1453.1,228.322,KC364,0.0084129
1453.1,44.506,KC371,0.0082767
1453.1,-139.31,KC378,0.0080888
1453.1,-323.126,KC384,0.0078299
1453.1,-506.942,KC392,0.0076956
1453.1,-690.758,KC399,0.0075976
1453.1,-874.574,KC408,0.007438
1453.1,-1058.39,KC415,0.0072176
1453.1,-1242.206,KC421,0.0070817
1453.1,-1426.022,KC428,0.0069774
1453.1,-1609.838,KC436,0.0068066
1453.1,-1793.654,KC444,0.0065629
1453.1,-1977.47,KC452,0.0064064
1453.1,-2161.286,KC459,0.0061834
1636.916,7948.594,KE1,0.0044664
1636.916,7764.778,KE6,0.0048181
1636.916,7580.962,KE12,0.0050561
1636.916,7397.146,KE21,0.0053441
1636.916,7213.33,KE29,0.0055528
1636.916,7029.514,KE39,0.0057347
1636.916,6845.698,KE47,0.0059053
1636.916,6661.882,KE57,0.0061076
1636.916,6478.066,KE64,0.0062776
1636.916,6294.25,KE74,0.00639
1636.916,6110.434,KE82,0.0065348
1636.916,5926.618,KE92,0.0067068
1636.916,5742.802,KE100,0.0068535
1636.916,5558.986,KE110,0.0069374
1636.916,5375.17,KE118,0.0070528
1636.916,5191.354,KE127,0.0072286
1636.916,5007.538,KE135,0.0073444
1636.916,4823.722,KE145,0.0074507
1636.916,4639.906,KE153,0.0075438
1636.916,4456.09,KE163,0.0077088
1636.916,4272.274,KE171,0.0078048
1636.916,4088.458,KE181,0.0078945
1636.916,3904.642,KE188,0.0079905
1636.916,3720.826,KE196,0.0081738
1636.916,3537.01,KE204,0.0083331
1636.916,3353.194,KE214,0.0084505
1636.916,3169.378,KE222,0.0086391
1636.916,2985.562,KE231,0.0088526
1636.916,2801.746,KE240,0.0090382
1636.916,2617.93,KE248,0.0091999
1636.916,2434.114,KE257,0.0092808
1636.916,2250.298,KE266,0.009366
1636.916,2066.482,KE275,0.0093786
1636.916,1882.666,KE284,0.009386
1636.916,1698.85,KE293,0.0093443
1636.916,1515.034,KE302,0.0092908
1636.916,1331.218,KE310,0.0092024
1636.916,1147.402,KE319,0.0090568
1636.916,963.586,KE328,0.0089396
1636.916,779.77,KE337,0.0087694
1636.916,595.954,KE346,0.0086056
1636.916,412.138,KE355,0.0083551
1636.916,228.322,KE364,0.008217
1636.916,44.506,KE371,0.0080584
1636.916,-139.31,KE378,0.007888
1636.916,-323.126,KE384,0.0076668
1636.916,-506.942,KE392,0.0075328
1636.916,-690.758,KE399,0.0074302
1636.916,-874.574,KE408,0.0072691
1636.916,-1058.39,KE415,0.0070898
1636.916,-1242.206,KE421,0.0069558
1636.916,-1426.022,KE428,0.0068459
1636.916,-1609.838,KE436,0.006681
1636.916,-1793.654,KE444,0.0064648
1636.916,-1977.47,KE452,0.0063126
1636.916,-2161.286,KE459,0.0060932
1820.732,7948.594,KG1,0.0043915
1820.732,7764.778,KG6,0.0047757
1820.732,7580.962,KG12,0.0050341
1820.732,7397.146,KG21,0.0052558
1820.732,7213.33,KG29,0.0054231
1820.732,7029.514,KG39,0.0056868
1820.732,6845.698,KG47,0.0058773
1820.732,6661.882,KG57,0.0059892
1820.732,6478.066,KG64,0.0061258
1820.732,6294.25,KG74,0.0063294
1820.732,6110.434,KG82,0.0064923
1820.732,5926.618,KG92,0.0065686
1820.732,5742.802,KG100,0.006684
1820.732,5558.986,KG110,0.0068618
1820.732,5375.17,KG118,0.0069926
1820.732,5191.354,KG127,0.0070574
1820.732,5007.538,KG135,0.0071383
1820.732,4823.722,KG145,0.0073481
1820.732,4639.906,KG153,0.0074451
1820.732,4456.09,KG163,0.0075035
1820.732,4272.274,KG171,0.0075727
1820.732,4088.458,KG181,0.0077773
1820.732,3904.642,KG188,0.0078855
1820.732,3720.826,KG196,0.0079493
1820.732,3537.01,KG204,0.0080727
1820.732,3353.194,KG214,0.0082569
1820.732,3169.378,KG222,0.0084797
1820.732,2985.562,KG231,0.0086191
1820.732,2801.746,KG240,0.0087651
1820.732,2617.93,KG248,0.0089593
1820.732,2434.114,KG257,0.0090527
1820.732,2250.298,KG266,0.0090897
1820.732,2066.482,KG275,0.0091023
1820.732,1882.666,KG284,0.0091648
1820.732,1698.85,KG293,0.0091166
1820.732,1515.034,KG302,0.0090015
1820.732,1331.218,KG310,0.0089323
1820.732,1147.402,KG319,0.0088569
1820.732,963.586,KG328,0.0087356
1820.732,779.77,KG337,0.0084865
1820.732,595.954,KG346,0.0083718
1820.732,412.138,KG355,0.0082364
1820.732,228.322,KG364,0.0080824
1820.732,44.506,KG371,0.0078225
1820.732,-139.31,KG378,0.0076874
1820.732,-323.126,KG384,0.007604
1820.732,-506.942,KG392,0.0074554
1820.732,-690.758,KG399,0.0072533
1820.732,-874.574,KG408,0.0071158
1820.732,-1058.39,KG415,0.0070585
1820.732,-1242.206,KG421,0.0069057
1820.732,-1426.022,KG428,0.0067026
1820.732,-1609.838,KG436,0.006571
1820.732,-1793.654,KG444,0.0064595
1820.732,-1977.47,KG452,0.0063044
1820.732,-2161.286,KG459,0.0060165
2004.548,7948.594,KJ1,0.0042815
2004.548,7764.778,KJ6,0.0046547
2004.548,7580.962,KJ12,0.0049006
2004.548,7397.146,KJ21,0.005135
2004.548,7213.33,KJ29,0.0053031
2004.548,7029.514,KJ39,0.005547
2004.548,6845.698,KJ47,0.0057277
2004.548,6661.882,KJ57,0.0058501
2004.548,6478.066,KJ64,0.0059892
2004.548,6294.25,KJ74,0.0061696
2004.548,6110.434,KJ82,0.0063277
2004.548,5926.618,KJ92,0.0064143
2004.548,5742.802,KJ100,0.006533
2004.548,5558.986,KJ110,0.0066879
2004.548,5375.17,KJ118,0.0068124
2004.548,5191.354,KJ127,0.0068865
2004.548,5007.538,KJ135,0.0069709
2004.548,4823.722,KJ145,0.0071431
2004.548,4639.906,KJ153,0.0072325
2004.548,4456.09,KJ163,0.0073168
2004.548,4272.274,KJ171,0.0073858
2004.548,4088.458,KJ181,0.007558
2004.548,3904.642,KJ188,0.00765
2004.548,3720.826,KJ196,0.0077335
2004.548,3537.01,KJ204,0.0078422
2004.548,3353.194,KJ214,0.0079996
2004.548,3169.378,KJ222,0.0081977
2004.548,2985.562,KJ231,0.0083589
2004.548,2801.746,KJ240,0.0085005
2004.548,2617.93,KJ248,0.0086393
2004.548,2434.114,KJ257,0.0087164
2004.548,2250.298,KJ266,0.0087999
2004.548,2066.482,KJ275,0.0088166
2004.548,1882.666,KJ284,0.0088235
2004.548,1698.85,KJ293,0.0087811
2004.548,1515.034,KJ302,0.0087307
2004.548,1331.218,KJ310,0.0086585
2004.548,1147.402,KJ319,0.0085454
2004.548,963.586,KJ328,0.0084375
2004.548,779.77,KJ337,0.0082566
2004.548,595.954,KJ346,0.008145
2004.548,412.138,KJ355,0.0079844
2004.548,228.322,KJ364,0.0078489
2004.548,44.506,KJ371,0.007629
2004.548,-139.31,KJ378,0.007512
2004.548,-323.126,KJ384,0.0074095
2004.548,-506.942,KJ392,0.0072718
2004.548,-690.758,KJ399,0.0071024
2004.548,-874.574,KJ408,0.0069725
2004.548,-1058.39,KJ415,0.0068991
2004.548,-1242.206,KJ421,0.0067522
2004.548,-1426.022,KJ428,0.0065856
2004.548,-1609.838,KJ436,0.0064515
2004.548,-1793.654,KJ444,0.0063306
2004.548,-1977.47,KJ452,0.006184
2188.364,7948.594,KL1,0.0042248
2188.364,7764.778,KL6,0.0045463
2188.364,7580.962,KL12,0.0047761
2188.364,7397.146,KL21,0.005052
2188.364,7213.33,KL29,0.0052583
2188.364,7029.514,KL39,0.0054118
2188.364,6845.698,KL47,0.0055614
2188.364,6661.882,KL57,0.0057663
2188.364,6478.066,KL64,0.0059282
2188.364,6294.25,KL74,0.0060227
2188.364,6110.434,KL82,0.0061396
2188.364,5926.618,KL92,0.0063329
2188.364,5742.802,KL100,0.0064543
2188.364,5558.986,KL110,0.0065101
2188.364,5375.17,KL118,0.0066164
2188.364,5191.354,KL127,0.0067595
2188.364,5007.538,KL135,0.0068763
2188.364,4823.722,KL145,0.0069304
2188.364,4639.906,KL153,0.0070136
2188.364,4456.09,KL163,0.0071871
2188.364,4272.274,KL171,0.0072769
2188.364,4088.458,KL181,0.0073142
2188.364,3904.642,KL188,0.0073891
2188.364,3720.826,KL196,0.0075729
2188.364,3537.01,KL204,0.0076832
2188.364,3353.194,KL214,0.0077181
2188.364,3169.378,KL222,0.0078773
2188.364,2985.562,KL231,0.0081038
2188.364,2801.746,KL240,0.0082522
2188.364,2617.93,KL248,0.0083076
2188.364,2434.114,KL257,0.008372
2188.364,2250.298,KL266,0.0085065
2188.364,2066.482,KL275,0.0085334
2188.364,1882.666,KL284,0.0084777
2188.364,1698.85,KL293,0.0084312
2188.364,1515.034,KL302,0.0084559
2188.364,1331.218,KL310,0.008382
2188.364,1147.402,KL319,0.0082206
2188.364,963.586,KL328,0.0081308
2188.364,779.77,KL337,0.0080649
2188.364,595.954,KL346,0.0079428
2188.364,412.138,KL355,0.0077156
2188.364,228.322,KL364,0.0075756
2188.364,44.506,KL371,0.0075107
2188.364,-139.31,KL378,0.0073823
2188.364,-323.126,KL384,0.0071851
2188.364,-506.942,KL392,0.0070841
2188.364,-690.758,KL399,0.0070212
2188.364,-874.574,KL408,0.0068958
2188.364,-1058.39,KL415,0.0067132
2188.364,-1242.206,KL421,0.0066064
2188.364,-1426.022,KL428,0.0065353
2188.364,-1609.838,KL436,0.0063965
2188.364,-1793.654,KL444,0.006185
2188.364,-1977.47,KL452,0.0060509
2188.364,-2161.286,KL459,0.0058517
2372.18,7948.594,KN1,0.0041203
2372.18,7764.778,KN6,0.0044431
2372.18,7580.962,KN12,0.004662
2372.18,7397.146,KN21,0.0049301
2372.18,7213.33,KN29,0.0051256
2372.18,7029.514,KN39,0.0052877
2372.18,6845.698,KN47,0.0054345
2372.18,6661.882,KN57,0.0056205
2372.18,6478.066,KN64,0.0057751
2372.18,6294.25,KN74,0.0058753
2372.18,6110.434,KN82,0.0060059
2372.18,5926.618,KN92,0.0061614
2372.18,5742.802,KN100,0.0062941
2372.18,5558.986,KN110,0.0063649
2372.18,5375.17,KN118,0.006472
2372.18,5191.354,KN127,0.0065939
2372.18,5007.538,KN135,0.0066942
2372.18,4823.722,KN145,0.0067721
2372.18,4639.906,KN153,0.0068505
2372.18,4456.09,KN163,0.0069939
2372.18,4272.274,KN171,0.007065
2372.18,4088.458,KN181,0.0071298
2372.18,3904.642,KN188,0.0071976
2372.18,3720.826,KN196,0.0073412
2372.18,3537.01,KN204,0.0074487
2372.18,3353.194,KN214,0.0074938
2372.18,3169.378,KN222,0.0076311
2372.18,2985.562,KN231,0.007803
2372.18,2801.746,KN240,0.0079309
2372.18,2617.93,KN248,0.0080325
2372.18,2434.114,KN257,0.0080871
2372.18,2250.298,KN266,0.0081649
2372.18,2066.482,KN275,0.0081792
2372.18,1882.666,KN284,0.0081958
2372.18,1698.85,KN293,0.0081431
2372.18,1515.034,KN302,0.008126
2372.18,1331.218,KN310,0.0080555
2372.18,1147.402,KN319,0.0079523
2372.18,963.586,KN328,0.0078809
2372.18,779.77,KN337,0.0077804
2372.18,595.954,KN346,0.0076759
2372.18,412.138,KN355,0.0074949
2372.18,228.322,KN364,0.007381
2372.18,44.506,KN371,0.0072929
2372.18,-139.31,KN378,0.0071803
2372.18,-323.126,KN384,0.0070262
2372.18,-506.942,KN392,0.0069241
2372.18,-690.758,KN399,0.006853
2372.18,-874.574,KN408,0.0067256
2372.18,-1058.39,KN415,0.0065848
2372.18,-1242.206,KN421,0.0064814
2372.18,-1426.022,KN428,0.0064045
2372.18,-1609.838,KN436,0.0062704
2372.18,-1793.654,KN444,0.0060832
2372.18,-1977.47,KN452,0.0059622
2372.18,-2161.286,KN459,0.0057591
2555.996,7948.594,KR1,0.004033
2555.996,7764.778,KR6,0.0043987
2555.996,7580.962,KR12,0.0046399
2555.996,7397.146,KR21,0.0048288
2555.996,7213.33,KR29,0.0049943
2555.996,7029.514,KR39,0.0052248
2555.996,6845.698,KR47,0.0054019
2555.996,6661.882,KR57,0.005481
2555.996,6478.066,KR64,0.0056113
2555.996,6294.25,KR74,0.0058109
2555.996,6110.434,KR82,0.0059478
2555.996,5926.618,KR92,0.0060131
2555.996,5742.802,KR100,0.0061182
2555.996,5558.986,KR110,0.0063
2555.996,5375.17,KR118,0.006414
2555.996,5191.354,KR127,0.0064233
2555.996,5007.538,KR135,0.0065127
2555.996,4823.722,KR145,0.0066876
2555.996,4639.906,KR153,0.0067732
2555.996,4456.09,KR163,0.0067945
2555.996,4272.274,KR171,0.0068585
2555.996,4088.458,KR181,0.0070142
2555.996,3904.642,KR188,0.0070976
2555.996,3720.826,KR196,0.0071164
2555.996,3537.01,KR204,0.0071815
2555.996,3353.194,KR214,0.0073179
2555.996,3169.378,KR222,0.0074671
2555.996,2985.562,KR231,0.0075201
2555.996,2801.746,KR240,0.0076287
2555.996,2617.93,KR248,0.0078042
2555.996,2434.114,KR257,0.0078612
2555.996,2250.298,KR266,0.0078419
2555.996,2066.482,KR275,0.0078583
2555.996,1882.666,KR284,0.0079594
2555.996,1698.85,KR293,0.0078952
2555.996,1515.034,KR302,0.0077972
2555.996,1331.218,KR310,0.0077508
2555.996,1147.402,KR319,0.0077393
2555.996,963.586,KR328,0.0076638
2555.996,779.77,KR337,0.007475
2555.996,595.954,KR346,0.0073998
2555.996,412.138,KR355,0.0073537
2555.996,228.322,KR364,0.0072342
2555.996,44.506,KR371,0.0070735
2555.996,-139.31,KR378,0.0069765
2555.996,-323.126,KR384,0.0069411
2555.996,-506.942,KR392,0.0068391
2555.996,-690.758,KR399,0.0066662
2555.996,-874.574,KR408,0.0065734
2555.996,-1058.39,KR415,0.0065406
2555.996,-1242.206,KR421,0.0064388
2555.996,-1426.022,KR428,0.0062622
2555.996,-1609.838,KR436,0.0061722
2555.996,-1793.654,KR444,0.0061054
2555.996,-1977.47,KR452,0.0059768
2555.996,-2161.286,KR459,0.0056882
2739.812,7948.594,KU1,0.003926
2739.812,7764.778,KU6,0.0042666
2739.812,7580.962,KU12,0.0045346
2739.812,7397.146,KU21,0.0047145
2739.812,7213.33,KU29,0.0048895
2739.812,7029.514,KU39,0.0050796
2739.812,6845.698,KU47,0.0052569
2739.812,6661.882,KU57,0.0053556
2739.812,6478.066,KU64,0.0054744
2739.812,6294.25,KU74,0.0056583
2739.812,6110.434,KU82,0.0057765
2739.812,5926.618,KU92,0.0058899
2739.812,5742.802,KU100,0.0059746
2739.812,5558.986,KU110,0.0061401
2739.812,5375.17,KU118,0.006245
2739.812,5191.354,KU127,0.0062766
2739.812,5007.538,KU135,0.0063763
2739.812,4823.722,KU145,0.0065096
2739.812,4639.906,KU153,0.0066039
2739.812,4456.09,KU163,0.0066237
2739.812,4272.274,KU171,0.0067031
2739.812,4088.458,KU181,0.0068043
2739.812,3904.642,KU188,0.0068862
2739.812,3720.826,KU196,0.0069206
2739.812,3537.01,KU204,0.0069772
2739.812,3353.194,KU214,0.0070804
2739.812,3169.378,KU222,0.007209
2739.812,2985.562,KU231,0.0073012
2739.812,2801.746,KU240,0.007392
2739.812,2617.93,KU248,0.0075124
2739.812,2434.114,KU257,0.0075729
2739.812,2250.298,KU266,0.007572
2739.812,2066.482,KU275,0.0076093
2739.812,1882.666,KU284,0.0076439
2739.812,1698.85,KU293,0.0075958
2739.812,1515.034,KU302,0.0075343
2739.812,1331.218,KU310,0.0074894
2739.812,1147.402,KU319,0.0074457
2739.812,963.586,KU328,0.0073493
2739.812,779.77,KU337,0.0072522
2739.812,595.954,KU346,0.0071652
2739.812,412.138,KU355,0.0071152
2739.812,228.322,KU364,0.0069894
2739.812,44.506,KU371,0.0068933
2739.812,-139.31,KU378,0.0067985
2739.812,-323.126,KU384,0.0067365
2739.812,-506.942,KU392,0.0066627
2739.812,-690.758,KU399,0.0065154
2739.812,-874.574,KU408,0.006451
2739.812,-1058.39,KU415,0.0063812
2739.812,-1242.206,KU421,0.0063048
2739.812,-1426.022,KU428,0.0061546
2739.812,-1609.838,KU436,0.0060709
2739.812,-1793.654,KU444,0.0060042
2739.812,-1977.47,KU452,0.0058599
2739.812,-2161.286,KU459,0.0056031
2923.628,7948.594,KW1,0.0037619
2923.628,7764.778,KW6,0.0040753
2923.628,7580.962,KW12,0.0042573
2923.628,7397.146,KW21,0.0045419
2923.628,7213.33,KW29,0.0046829
2923.628,7029.514,KW39,0.004836
2923.628,6845.698,KW47,0.0049309
2923.628,6661.882,KW57,0.0051342
2923.628,6478.066,KW64,0.0052771
2923.628,6294.25,KW74,0.0053307
2923.628,6110.434,KW82,0.0054678
2923.628,5926.618,KW92,0.0056289
2923.628,5742.802,KW100,0.0057932
2923.628,5558.986,KW110,0.0058009
2923.628,5375.17,KW118,0.0059268
2923.628,5191.354,KW127,0.0060459
2923.628,5007.538,KW135,0.0061552
2923.628,4823.722,KW145,0.0062083
2923.628,4639.906,KW153,0.0062365
2923.628,4456.09,KW163,0.0064143
2923.628,4272.274,KW171,0.0064324
2923.628,4088.458,KW181,0.006466
2923.628,3904.642,KW188,0.006489
2923.628,3720.826,KW196,0.0066538
2923.628,3537.01,KW204,0.0067199
2923.628,3353.194,KW214,0.0066868
2923.628,3169.378,KW222,0.0068272
2923.628,2985.562,KW231,0.006992
2923.628,2801.746,KW240,0.0070944
2923.628,2617.93,KW248,0.0070859
2923.628,2434.114,KW257,0.0071097
2923.628,2250.298,KW266,0.0072652
2923.628,2066.482,KW275,0.00724
2923.628,1882.666,KW284,0.0072098
2923.628,1698.85,KW293,0.0071229
2923.628,1515.034,KW302,0.0072077
2923.628,1331.218,KW310,0.0071327
2923.628,1147.402,KW319,0.0069817
2923.628,963.586,KW328,0.006936
2923.628,779.77,KW337,0.0068977
2923.628,595.954,KW346,0.0068624
2923.628,412.138,KW355,0.0066582
2923.628,228.322,KW364,0.0066155
2923.628,44.506,KW371,0.0065958
2923.628,-139.31,KW378,0.0065258
2923.628,-323.126,KW384,0.0063688
2923.628,-506.942,KW392,0.0062953
2923.628,-690.758,KW399,0.0063095
2923.628,-874.574,KW408,0.0061941
2923.628,-1058.39,KW415,0.0060952
2923.628,-1242.206,KW421,0.0059865
2923.628,-1426.022,KW428,0.0059959
2923.628,-1609.838,KW436,0.0058784
2923.628,-1793.654,KW444,0.0057011
2923.628,-1977.47,KW452,0.0055605
2923.628,-2161.286,KW459,0.0054642
3107.444,7948.594,LA1,0.0035925
3107.444,7764.778,LA6,0.003836
3107.444,7580.962,LA12,0.004021
3107.444,7397.146,LA21,0.0042185
3107.444,7213.33,LA29,0.0043801
3107.444,7029.514,LA39,0.0045052
3107.444,6845.698,LA47,0.0046424
3107.444,6661.882,LA57,0.0048024
3107.444,6478.066,LA64,0.0049321
3107.444,6294.25,LA74,0.0050321
3107.444,6110.434,LA82,0.0051534
3107.444,5926.618,LA92,0.0053151
3107.444,5742.802,LA100,0.0054288
3107.444,5558.986,LA110,0.0055077
3107.444,5375.17,LA118,0.0055891
3107.444,5191.354,LA127,0.005715
3107.444,5007.538,LA135,0.0058212
3107.444,4823.722,LA145,0.0058741
3107.444,4639.906,LA153,0.0059366
3107.444,4456.09,LA163,0.0060335
3107.444,4272.274,LA171,0.0060906
3107.444,4088.458,LA181,0.0060979
3107.444,3904.642,LA188,0.0061517
3107.444,3720.826,LA196,0.0062643
3107.444,3537.01,LA204,0.0063405
3107.444,3353.194,LA214,0.006378
3107.444,3169.378,LA222,0.0064739
3107.444,2985.562,LA231,0.0066166
3107.444,2801.746,LA240,0.0067014
3107.444,2617.93,LA248,0.00672
3107.444,2434.114,LA257,0.0067537
3107.444,2250.298,LA266,0.0068196
3107.444,2066.482,LA275,0.0068305
3107.444,1882.666,LA284,0.0067909
3107.444,1698.85,LA293,0.0067537
3107.444,1515.034,LA302,0.0067589
3107.444,1331.218,LA310,0.0067001
3107.444,1147.402,LA319,0.0065865
3107.444,963.586,LA328,0.0065085
3107.444,779.77,LA337,0.0064607
3107.444,595.954,LA346,0.0063937
3107.444,412.138,LA355,0.0062866
3107.444,228.322,LA364,0.0062205
3107.444,44.506,LA371,0.0061857
3107.444,-139.31,LA378,0.0061117
3107.444,-323.126,LA384,0.0060145
3107.444,-506.942,LA392,0.0059681
3107.444,-690.758,LA399,0.0059236
3107.444,-874.574,LA408,0.0058608
3107.444,-1058.39,LA415,0.0057669
3107.444,-1242.206,LA421,0.0057188
3107.444,-1426.022,LA428,0.0056736
3107.444,-1609.838,LA436,0.0055979
3107.444,-1793.654,LA444,0.0054931
3107.444,-1977.47,LA452,0.0054046
3107.444,-2161.286,LA459,0.0053348
3291.26,7948.594,LC1,0.0034177
3291.26,7764.778,LC6,0.0035985
3291.26,7580.962,LC12,0.0037742
3291.26,7397.146,LC21,0.0039259
3291.26,7213.33,LC29,0.004046
3291.26,7029.514,LC39,0.0041823
3291.26,6845.698,LC47,0.0043426
3291.26,6661.882,LC57,0.0044649
3291.26,6478.066,LC64,0.0045768
3291.26,6294.25,LC74,0.0046941
3291.26,6110.434,LC82,0.0048406
3291.26,5926.618,LC92,0.0049764
3291.26,5742.802,LC100,0.0050847
3291.26,5558.986,LC110,0.0051757
3291.26,5375.17,LC118,0.0052651
3291.26,5191.354,LC127,0.0053787
3291.26,5007.538,LC135,0.0054759
3291.26,4823.722,LC145,0.0055608
3291.26,4639.906,LC153,0.0056122
3291.26,4456.09,LC163,0.0056777
3291.26,4272.274,LC171,0.0057158
3291.26,4088.458,LC181,0.0057274
3291.26,3904.642,LC188,0.0057796
3291.26,3720.826,LC196,0.0058622
3291.26,3537.01,LC204,0.0059314
3291.26,3353.194,LC214,0.0060373
3291.26,3169.378,LC222,0.0061391
3291.26,2985.562,LC231,0.0062375
3291.26,2801.746,LC240,0.00631
3291.26,2617.93,LC248,0.0063549
3291.26,2434.114,LC257,0.006378
3291.26,2250.298,LC266,0.0063969
3291.26,2066.482,LC275,0.0064061
3291.26,1882.666,LC284,0.0063939
3291.26,1698.85,LC293,0.006352
3291.26,1515.034,LC302,0.0063231
3291.26,1331.218,LC310,0.0062679
3291.26,1147.402,LC319,0.0061755
3291.26,963.586,LC328,0.0060616
3291.26,779.77,LC337,0.0059728
3291.26,595.954,LC346,0.005915
3291.26,412.138,LC355,0.0058689
3291.26,228.322,LC364,0.005814
3291.26,44.506,LC371,0.0057382
3291.26,-139.31,LC378,0.0056872
3291.26,-323.126,LC384,0.0056298
3291.26,-506.942,LC392,0.0055979
3291.26,-690.758,LC399,0.0055238
3291.26,-874.574,LC408,0.0054875
3291.26,-1058.39,LC415,0.0054668
3291.26,-1242.206,LC421,0.0054303
3291.26,-1426.022,LC428,0.0053607
3291.26,-1609.838,LC436,0.0053025
3291.26,-1793.654,LC444,0.0052977
3291.26,-1977.47,LC452,0.0052507
3291.26,-2161.286,LC459,0.0051861
3557.277,-457.991,LG390,0.0053581
3557.277,-655.793,LG398,0.0052251
3557.277,-853.595,LG406,0.0051734
3557.277,-1051.397,LG414,0.0051578
3557.277,-1249.199,LG422,0.0051586
3557.277,-1447.001,LG430,0.0051157
3557.277,-1644.803,LG438,0.0050724
3557.277,-1842.605,LG446,0.0050973
3557.277,-2040.407,LG454,0.0050882
3755.079,-457.991,LM390,0.0050324
3755.079,-655.793,LM398,0.0049722
3755.079,-853.595,LM406,0.0049108
3755.079,-1051.397,LM414,0.0048428
3755.079,-1249.199,LM422,0.0048513
3755.079,-1447.001,LM430,0.0049023
3755.079,-1644.803,LM438,0.0048993
3755.079,-1842.605,LM446,0.0048779
3755.079,-2040.407,LM454,0.0050102
3952.881,-457.991,LT390,0.0047364
3952.881,-655.793,LT398,0.0046954
3952.881,-853.595,LT406,0.0046629
3952.881,-1051.397,LT414,0.0046296
3952.881,-1249.199,LT422,0.0046494
3952.881,-1447.001,LT430,0.0046935
3952.881,-1644.803,LT438,0.0046735
3952.881,-1842.605,LT446,0.0046249
